timestamp,camera_id,zone_id,event_id,density,average_speed,median_speed,inflow_rate,outflow_rate,stationary_ratio,reverse_flow_ratio,direction_conflict_score,blockage_score,person_count,tracked_person_count,telemetry_source,flow_imbalance,net_accumulation,density_change,density_rate,speed_change,speed_rate,inflow_change,outflow_change,rolling_density_mean,rolling_density_std,rolling_speed_mean,rolling_speed_std,density_acceleration,speed_acceleration,physics_risk,RISK_AT_5M,RISK_DELTA_5M,RISK_DELTA_5M_CLASS,EARLY_ESCALATION_5M
2026-08-14T10:00:00Z,cam_01,zone_A,event_benchmark_01,0.32483570765056163,1.2113598005420585,1.1507918105149555,72.37816884535866,49.383608412128766,0.14745071229516848,0.11796056983613479,0.22993428306022468,0.16369249767769656,25,23,MIXED_EXPLICIT,22.994560433229893,22.994560433229893,0.0,0.0,0.0,0.0,0.0,0.0,0.32483570765056163,0.0,1.2113598005420585,0.0,0.0,0.0,16.997742412695175,23.155935727537724,6.158193314842549,0.0,0.0
2026-08-14T10:00:10Z,cam_01,zone_A,event_benchmark_01,0.29832704372218577,1.1995334967104259,1.1395568218749046,74.75026785847186,50.43791186831035,0.13949811311665572,0.11159849049332458,0.2193308174888743,0.15441446530276504,23,21,MIXED_EXPLICIT,24.312355990161507,24.312355990161507,-0.026508663928375864,-0.0026508663928375862,-0.011826303831632634,-0.0011826303831632633,2.3720990131132,1.0543034561815858,0.3115813756863737,0.01874445602394978,1.2054466486262423,0.008362459635719964,-0.0026508663928375862,-0.0011826303831632633,16.30380361071679,35.305088902784206,19.001285292067415,1.0,0.0
2026-08-14T10:00:20Z,cam_01,zone_A,event_benchmark_01,0.34286436885415156,1.2003962538391233,1.140376441147167,74.6957490853958,63.391773101846596,0.15285931065624547,0.12228744852499639,0.23714574754166062,0.17000252909895303,27,25,MIXED_EXPLICIT,11.303975983549208,11.303975983549208,0.04453732513196579,0.004453732513196579,0.0008627571286974334,8.627571286974333e-05,-0.05451877307605457,12.953861233536244,0.32200904007563297,0.022402809414490247,1.2037631836972025,0.006592990829770856,0.007104598906034165,0.0012689060960330068,13.084816862781778,27.625747317393774,14.540930454611996,1.0,0.0
2026-08-14T10:00:30Z,cam_01,zone_A,event_benchmark_01,0.39186996677637165,1.1920429213859962,1.1324407753166963,79.99132179047946,52.16601475925998,0.16756099003291147,0.1340487920263292,0.25674798671054866,0.18715448837173004,31,29,MIXED_EXPLICIT,27.82530703121948,27.82530703121948,0.04900559792222009,0.004900559792222009,-0.008353332453127083,-0.0008353332453127083,5.295572705083657,-11.225758342586616,0.3394742717508177,0.03943003740356005,1.200833118119401,0.007957354410554257,0.00044682727902543016,-0.0009216089581824515,20.7635057711406,21.133962134404584,0.37045636326398323,0.0,0.0
2026-08-14T10:00:40Z,cam_01,zone_A,event_benchmark_01,0.3092476106424415,1.2168944371308204,1.1560497152742792,83.10706930288801,57.72569779480847,0.14277428319273244,0.11421942655418596,0.22369904425697662,0.1582366637248545,24,22,MIXED_EXPLICIT,25.38137150807954,25.38137150807954,-0.08262235613393015,-0.008262235613393015,0.024851515744824137,0.0024851515744824136,3.1157475124085465,5.559683035548488,0.33342893952914243,0.03672568713566476,1.2040453819216848,0.009954034889867052,-0.013162795405615024,0.003320484819795122,16.013211661422396,30.700658280715697,14.6874466192933,1.0,0.0
2026-08-14T10:00:50Z,cam_01,zone_A,event_benchmark_01,0.3144829351365303,1.2133398234782757,1.1526728323043618,81.86094006987416,49.75584438893163,0.1443448805409591,0.11547590443276728,0.22579317405461213,0.1600690272977856,25,23,MIXED_EXPLICIT,32.10509568094253,32.10509568094253,0.005235324494088811,0.0005235324494088811,-0.0035546136525446137,-0.0003554613652544614,-1.2461292330138463,-7.96985340587684,0.33135838502633613,0.03761241766666725,1.2044413865089283,0.010349312396048216,0.008785768062801897,-0.0028406129397368753,19.49120483426017,22.04264180338722,2.5514369691270495,0.0,0.0
2026-08-14T10:01:00Z,cam_01,zone_A,event_benchmark_01,0.41038205056728283,1.1186711852692925,1.0627376260058279,76.33265786074465,47.893094257546146,0.17311461517018484,0.13849169213614787,0.2641528202269131,0.19363371769854898,32,30,MIXED_EXPLICIT,28.4395636031985,28.4395636031985,0.09589911543075252,0.009589911543075253,-0.09466863820898319,-0.009466863820898319,-5.5282822091295145,-1.8627501313854822,0.3537693863953556,0.045555408971637165,1.1882689242207016,0.040165689413903985,0.009066379093666371,-0.009111402455643857,22.537161476286766,30.46003656973058,7.922875093443814,0.0,0.0
2026-08-14T10:01:10Z,cam_01,zone_A,event_benchmark_01,0.37502132159582513,1.1418421611649574,1.0847500531067096,84.15036781706188,57.90949761433321,0.16250639647874754,0.13000511718299804,0.25000852863833006,0.1812574625585388,30,28,MIXED_EXPLICIT,26.240870202728665,26.240870202728665,-0.0353607289714577,-0.00353607289714577,0.023170975895664858,0.0023170975895664856,7.8177099563172305,10.016403356787066,0.36020077694369024,0.04589959849104735,1.1765581056858685,0.04409020944256843,-0.013125984440221023,0.011783961410464805,18.769806548167967,21.490999116918495,2.721192568750528,0.0,0.0
2026-08-14T10:01:20Z,cam_01,zone_A,event_benchmark_01,0.31840001544096386,1.1388297271454368,1.081888240788165,79.52898400773506,46.884118633423064,0.14552000463228915,0.11641600370583133,0.22736000617638555,0.16144000540433734,25,23,MIXED_EXPLICIT,32.644865374312,32.644865374312,-0.05662130615486127,-0.005662130615486127,-0.00301243401952056,-0.00030124340195205603,-4.621383809326815,-11.025378980910148,0.3455067866766087,0.04497747184497308,1.1659154668377565,0.04580695497554025,-0.0021260577183403575,-0.002618340991518542,20.45067360729794,23.624073302431384,3.173399695133444,0.0,0.0
2026-08-14T10:01:30Z,cam_01,zone_A,event_benchmark_01,0.3742212869269349,1.2629460650031858,1.1997987617530266,74.19638651039169,50.439505421934946,0.16226638607808047,0.1298131088624644,0.24968851477077397,0.1809774504244272,29,27,MIXED_EXPLICIT,23.756881088456744,23.756881088456744,0.05582127148597105,0.005582127148597104,0.124116337857749,0.0124116337857749,-5.332597497343372,3.555386788511882,0.35850152193350737,0.04110161447627762,1.1751257924122296,0.060796874053658446,0.011244257764083231,0.012712877187726956,19.02249678966946,27.172360523729182,8.149863734059721,0.0,0.0
2026-08-14T10:01:40Z,cam_01,zone_A,event_benchmark_01,0.3291367771896988,1.1403247719166163,1.0833085333207855,80.4248303939502,53.58740151156719,0.14874103315690965,0.11899282652552773,0.23165471087587952,0.16519787201639458,26,24,MIXED_EXPLICIT,26.837428882383016,26.837428882383016,-0.0450845097372361,-0.00450845097372361,-0.12262129308656955,-0.012262129308656954,6.228443883558512,3.1478960896322405,0.3614322903441411,0.03754689096019937,1.1605227820998978,0.05802930054096523,-0.010090578122320715,-0.024673763094431856,17.72141309527052,38.454408737606855,20.732995642336334,1.0,0.0
2026-08-14T10:01:50Z,cam_01,zone_A,event_benchmark_01,0.3342298055378373,1.1648168567875024,1.106576013948127,84.42804403508975,53.87226689844352,0.15026894166135119,0.12021515332908095,0.23369192221513493,0.16698043193824305,26,24,MIXED_EXPLICIT,30.555777136646235,30.555777136646235,0.0050930283481385175,0.0005093028348138517,0.024492084870886055,0.0024492084870886056,4.003213641139553,0.28486538687633356,0.346201841338252,0.026566611339412405,1.1697519164035397,0.05317564575365433,0.005017753808537462,0.014711337795745561,18.975706641210436,34.486224490543506,15.51051784933307,1.0,0.0
2026-08-14T10:02:00Z,cam_01,zone_A,event_benchmark_01,0.3748167203457378,1.1391896045140972,1.0822301242883923,74.37261359643695,51.60819916800446,0.16244501610372136,0.1299560128829771,0.24992668813829513,0.18118585212100824,29,27,MIXED_EXPLICIT,22.764414428432488,22.764414428432488,0.0405869148079005,0.00405869148079005,-0.02562725227340512,-0.002562725227340512,-10.055430438652806,-2.2640677304390593,0.34616092108823454,0.026511223275245525,1.1692214050733676,0.053535713464157086,0.003549388645976198,-0.005011933714429118,18.568775344603043,31.702669381777305,13.133894037174262,1.0,0.0
2026-08-14T10:02:10Z,cam_01,zone_A,event_benchmark_01,0.2722500188063827,1.2813962075633925,1.2173263971852228,67.1924873994393,56.534098529351965,0.1316750056419148,0.10534000451353186,0.2089000075225531,0.14528750658223394,21,19,MIXED_EXPLICIT,10.658388870087336,10.658388870087336,-0.1025667015393551,-0.01025667015393551,0.14220660304929522,0.014220660304929522,-7.180126196997648,4.925899361347504,0.3369309217613183,0.042064144452508764,1.1977347011569588,0.06902677455725711,-0.014315361634725559,0.016783385532270035,10.724802564136713,31.603663434685846,20.878860870549133,1.0,1.0
2026-08-14T10:02:20Z,cam_01,zone_A,event_benchmark_01,0.28685610371864856,1.2131388538542094,1.1524819111614988,78.0367956317094,57.72715670471609,0.13605683111559458,0.10884546489247567,0.21474244148745944,0.15039963630152697,22,20,MIXED_EXPLICIT,20.30963892699331,20.30963892699331,0.014606084912265838,0.0014606084912265837,-0.06825735370918307,-0.006825735370918307,10.844308232270095,1.193058175364122,0.319457885119661,0.04082875829150352,1.1877732589271635,0.060306294680284145,0.011717278645162093,-0.021046395675847828,13.82504482811797,27.188794309543656,13.363749481425685,1.0,0.0
2026-08-14T10:02:30Z,cam_01,zone_A,event_benchmark_01,0.35016755335234534,1.2522865716222795,1.1896722430411655,79.37088082231587,56.66983666024974,0.1550502660057036,0.12404021280456289,0.24006702134093816,0.17255864367332086,28,26,MIXED_EXPLICIT,22.701044162066125,22.701044162066125,0.06331144963369678,0.006331144963369678,0.039147717768070134,0.003914771776807014,1.3340851906064728,-1.0573200444663442,0.3236640403521903,0.04309551623011812,1.2101656188682963,0.05905699871501804,0.0048705364721430945,0.01074050714772532,16.925934067052737,33.39732499804673,16.47139093099399,1.0,1.0
2026-08-14T10:02:40Z,cam_01,zone_A,event_benchmark_01,0.33281170944673916,1.1666384431197632,1.108306520963775,79.38231813193674,48.414746767726086,0.14984351283402175,0.11987481026721741,0.23312468377869566,0.16648409830635869,26,24,MIXED_EXPLICIT,30.967571364210656,30.967571364210656,-0.017355843905606183,-0.0017355843905606182,-0.08564812850251635,-0.008564812850251634,0.011437309620873748,-8.255089892523657,0.3233804211339707,0.04301318499356306,1.2105299361347484,0.05871191863653542,-0.008066729353930296,-0.012479584627058648,20.081004045037588,30.660769508748288,10.5797654637107,1.0,0.0
2026-08-14T10:02:50Z,cam_01,zone_A,event_benchmark_01,0.4043278008797007,1.1713530275833697,1.112785376204201,84.04917015237854,50.492668492762,0.17129834026391022,0.13703867221112817,0.2617311203518803,0.19151473030789523,32,30,MIXED_EXPLICIT,33.556501659616536,33.556501659616536,0.07151609143296156,0.007151609143296156,0.004714584463606508,0.0004714584463606508,4.6668520204417945,2.077921725035914,0.3292826372407633,0.05275685019360635,1.2169626207486028,0.05006707413841115,0.008887193533856775,0.009036271296612285,23.402352620492643,37.48199271776531,14.079640097272666,1.0,0.0
2026-08-14T10:03:00Z,cam_01,zone_A,event_benchmark_01,0.34836666536312816,1.1492126481191351,1.0917520157131784,79.82281283369097,59.00648100212212,0.15450999960893846,0.12360799968715078,0.23934666614525127,0.17192833287709486,27,25,MIXED_EXPLICIT,20.816331831568853,20.816331831568853,-0.05596113551657256,-0.005596113551657256,-0.022140379464234528,-0.002214037946423453,-4.226357318687562,8.513812509360122,0.3445059665521124,0.042088813111939696,1.1905259088597515,0.041745420872020544,-0.012747722694953412,-0.0026854963927841037,16.090408900251948,32.03861627770307,15.948207377451123,1.0,0.0
2026-08-14T10:03:10Z,cam_01,zone_A,event_benchmark_01,0.3282948190990287,1.3102805649292522,1.2447665366827896,69.63122488636688,57.90733955588879,0.1484884457297086,0.11879075658376688,0.23131792763961148,0.16490318668466003,26,24,MIXED_EXPLICIT,11.72388533047809,11.72388533047809,-0.02007184626409947,-0.002007184626409947,0.161067916810117,0.0161067916810117,-10.191587947324095,-1.0991414462333324,0.35279370962818846,0.03033864675311155,1.20995425107476,0.06876272721833601,0.003588928925247309,0.018320829627435153,12.916123645415825,26.539477516921192,13.623353871505367,1.0,1.0
2026-08-14T10:03:20Z,cam_01,zone_A,event_benchmark_01,0.47732371294178677,1.0542258512834521,1.0015145587192795,93.42248556845018,43.589228483758944,0.19319711388253602,0.15455769110602882,0.2909294851767147,0.2170632995296254,38,36,MIXED_EXPLICIT,49.83325708469124,49.83325708469124,0.14902889384275808,0.014902889384275808,-0.2560547136458,-0.025605471364580003,23.791260682083305,-14.318111072129845,0.3782249415460767,0.06314432118455486,1.1703421070069944,0.09155182953989717,0.016910074010685755,-0.0417122630455917,34.48665056612211,33.60684896231702,-0.8798016038050918,0.0,0.0
2026-08-14T10:03:30Z,cam_01,zone_A,event_benchmark_01,0.39787230146399255,1.1767676546329557,1.1179292719013079,87.67773407925827,53.79995347248116,0.16936169043919774,0.1354893523513582,0.259148920585597,0.1892553055123974,31,29,MIXED_EXPLICIT,33.877780606777115,33.877780606777115,-0.07945141147779422,-0.007945141147779422,0.1225418033495036,0.012254180334950359,-5.744751489191913,10.210724988722212,0.3912370599495274,0.05793509766700495,1.172367949309633,0.09156145520815195,-0.02284803053205523,0.03785965169953036,22.562820353820367,30.504991461264293,7.942171107443926,0.0,0.0
2026-08-14T10:03:40Z,cam_01,zone_A,event_benchmark_01,0.4176453779927407,1.1811016172509605,1.1220465363884125,82.26467651907912,41.755966193271135,0.17529361339782223,0.1402348907182578,0.2670581511970963,0.19617588229745925,33,31,MIXED_EXPLICIT,40.50871032580798,40.50871032580798,0.019773076528748157,0.0019773076528748156,0.004333962618004783,0.0004333962618004783,-5.413057560179155,-12.043987279210022,0.39390057537213535,0.05898402825867322,1.174317667243151,0.0916382019258824,0.009922448800654238,-0.011820784073149881,28.88272905983704,31.29956979997445,2.4168407401374097,0.0,0.0
2026-08-14T10:03:50Z,cam_01,zone_A,event_benchmark_01,0.34812685792694426,1.2118138401164082,1.1512231481105877,77.63276388508623,53.272137351762964,0.15443805737808328,0.12355044590246662,0.2392507431707777,0.1718444002744305,27,25,MIXED_EXPLICIT,24.36062653332327,24.36062653332327,-0.06951852006579645,-0.006951852006579645,0.030712222865447725,0.0030712222865447725,-4.631912633992883,11.51617115849183,0.3938526138848986,0.05903038858292054,1.1868379056426057,0.09162717849506129,-0.00892915965945446,0.002637826024744294,17.753116068233506,40.7935557601017,23.04043969186819,1.0,0.0
2026-08-14T10:04:00Z,cam_01,zone_A,event_benchmark_01,0.3972273190104528,1.1523992256498428,1.0947792643673506,74.12264800805761,61.544288703520834,0.16916819570313585,0.13533455656250867,0.2588909276041811,0.18902956165365847,31,29,MIXED_EXPLICIT,12.578359304536775,12.578359304536775,0.04910046108350852,0.004910046108350852,-0.059414614466565485,-0.005941461446656549,-3.5101158770286247,8.27215135175787,0.40763911386718343,0.04664111215894429,1.1552616377867237,0.06030088814689246,0.011861898114930497,-0.009012683733201321,15.729775035026774,42.23862594923295,26.50885091420617,2.0,0.0
2026-08-14T10:04:10Z,cam_01,zone_A,event_benchmark_01,0.43506110299191797,1.1324723032181778,1.0758486880572689,87.3761620194426,46.55931435381671,0.1805183308975754,0.14441466471806033,0.27402444119676717,0.20227138604717126,34,32,MIXED_EXPLICIT,40.81684766562589,40.81684766562589,0.0378337839814652,0.0037833783981465197,-0.01992692243166494,-0.001992692243166494,13.253514011384993,-14.984974349704125,0.3991865918772097,0.032559061231502005,1.1709109281736692,0.03013059331013876,-0.001126667710204332,0.003948769203490054,28.183402469291803,43.25361078012576,15.070208310833959,1.0,0.0
2026-08-14T10:04:20Z,cam_01,zone_A,event_benchmark_01,0.37701958642797717,1.1759788217421692,1.1171798806550606,83.02185412280889,48.287993043982546,0.16310587592839315,0.13048470074271454,0.2508078345711909,0.181956855249792,30,28,MIXED_EXPLICIT,34.733861078826344,34.733861078826344,-0.0580415165639408,-0.00580415165639408,0.043506518523991344,0.0043506518523991344,-4.354307896633713,1.728678690165836,0.3950160488700066,0.03406997028002875,1.1707531615955118,0.030094303704441862,-0.0095875300545406,0.006343344095565628,23.111434133834045,32.36741838540121,9.255984251567163,0.0,0.0
2026-08-14T10:04:30Z,cam_01,zone_A,event_benchmark_01,0.4583936763470324,1.117613694110356,1.0617330094048383,86.36053902276603,54.652275380923655,0.1875181029041097,0.15001448232328776,0.283357470538813,0.21043778672146135,36,34,MIXED_EXPLICIT,31.70826364184238,31.70826364184238,0.0813740899190552,0.00813740899190552,-0.05836512763181312,-0.005836512763181312,3.338684899957144,6.364282336941109,0.4031657085408649,0.04420295200505764,1.1580555769673908,0.03719286778077342,0.0139415606482996,-0.010187164615580446,24.546248603722496,45.293407599077334,20.747158995354837,1.0,0.0
2026-08-14T10:04:40Z,cam_01,zone_A,event_benchmark_01,0.41460101584116876,1.1994333463350442,1.1394616790182919,88.78984806664602,43.99397210712839,0.1743803047523506,0.1395042438018805,0.26584040633646755,0.1951103555444091,33,31,MIXED_EXPLICIT,44.79587595951762,44.79587595951762,-0.04379266050586361,-0.004379266050586361,0.08181965222468812,0.008181965222468812,2.4293090438799823,-10.658303273795262,0.41646054012370975,0.03175426076102055,1.155579478211118,0.03288142055485894,-0.012516675042491881,0.014018477985650124,29.515739509986172,40.12177086251487,10.6060313525287,1.0,0.0
2026-08-14T10:04:50Z,cam_01,zone_A,event_benchmark_01,0.4350565506547101,1.2494922196867413,1.1870176087024042,83.1341378974771,48.13509383748061,0.18051696519641303,0.14441357215713044,0.27402262026188406,0.20226979272914852,34,32,MIXED_EXPLICIT,34.99904405999649,34.99904405999649,0.020455534813541343,0.0020455534813541344,0.05005887335169712,0.005005887335169712,-5.655710169168913,4.141121730352218,0.42402638645256124,0.030508265133542958,1.1749980770184976,0.05303025169119496,0.006424819531940495,-0.0031760778872991003,25.790182107427945,37.7478945185738,11.957712411145856,1.0,1.0
2026-08-14T10:05:00Z,cam_01,zone_A,event_benchmark_01,0.4245477581083818,1.1173967558845792,1.0615269180903502,86.78685027813854,54.49125052574112,0.1773643274325145,0.14189146194601163,0.26981910324335273,0.19859171533793363,33,31,MIXED_EXPLICIT,32.29559975239742,32.29559975239742,-0.010508792546328305,-0.0010508792546328305,-0.13209546380216208,-0.013209546380216208,3.652712380661441,6.356156688260512,0.42192371747585405,0.029914117657912454,1.1719829675517779,0.056375630176746724,-0.0030964327359869646,-0.01821543371538592,23.155935727537724,38.016999300359046,14.861063572821323,1.0,0.0
2026-08-14T10:05:10Z,cam_01,zone_A,event_benchmark_01,0.5522218629628324,1.0001767332433467,0.9501678965811793,89.07942734356601,45.784133502296335,0.21566655888884972,0.17253324711107978,0.320888745185133,0.2432776520369913,44,41,MIXED_EXPLICIT,43.295293841269675,43.295293841269675,0.12767410485445058,0.012767410485445057,-0.11722002264123255,-0.011722002264123255,2.2925770654274658,-8.707117023444788,0.4569641727828251,0.05568095709618184,1.1368225498520137,0.09491178423110118,0.013818289740077889,0.0014875441160929538,35.305088902784206,42.49626272196866,7.191173819184456,0.0,0.0
2026-08-14T10:05:20Z,cam_01,zone_A,event_benchmark_01,0.46389042549968856,1.117251642282624,1.0613890601684928,86.9934732856039,49.54234155395137,0.18916712764990656,0.15133370211992525,0.28555617019987545,0.212361648924891,37,35,MIXED_EXPLICIT,37.45113173165253,37.45113173165253,-0.08833143746314381,-0.008833143746314382,0.11707490903927731,0.01170749090392773,-2.0859540579621125,3.758208051655032,0.45806352261335637,0.05577042804792632,1.1367501394864672,0.09493023913854454,-0.02160055423175944,0.023429493168050985,27.625747317393774,34.11527560389002,6.489528286496245,0.0,0.0
2026-08-14T10:05:30Z,cam_01,zone_A,event_benchmark_01,0.41661899673505726,1.2790140688416816,1.2150633653995975,82.45774844929039,55.388548616874026,0.1749856990205172,0.13998855921641376,0.2666475986940229,0.19581664885727001,33,31,MIXED_EXPLICIT,27.069199832416366,27.069199832416366,-0.04727142876463131,-0.0047271428764631305,0.1617624265590576,0.01617624265590576,-4.535724836313506,5.846207062922659,0.458467118792134,0.05538322706283157,1.1526662839877946,0.11301573353678827,0.00410600086985125,0.004468751751978028,21.133962134404584,31.547916435309546,10.413954300904962,1.0,1.0
2026-08-14T10:05:40Z,cam_01,zone_A,event_benchmark_01,0.5155524261323531,1.0504848159221016,0.9979605751259965,92.37073370079295,51.796681895035746,0.20466572783970594,0.16373258227176476,0.3062209704529413,0.23044334914632358,41,38,MIXED_EXPLICIT,40.57405180575721,40.57405180575721,0.09893342939729582,0.009893342939729582,-0.22852925291957993,-0.022852925291957992,9.912985251502562,-3.5918667218382794,0.4745662938876626,0.05848924640350668,1.1128648032348667,0.10516085934045095,0.014620485816192713,-0.03902916794786375,30.700658280715697,42.349567208806796,11.6489089280911,1.0,0.0
2026-08-14T10:05:50Z,cam_01,zone_A,event_benchmark_01,0.4182844757672666,1.2309851548118433,1.169435897071251,81.61512341721453,52.96840246613168,0.17548534273017996,0.14038827418414399,0.2673137903069066,0.1963995665185433,33,31,MIXED_EXPLICIT,28.646720951082855,28.646720951082855,-0.09726795036508651,-0.00972679503650865,0.1805003388897417,0.018050033888974172,-10.75561028357842,1.171720571095932,0.47331363741943955,0.059878859307141354,1.1355824830203196,0.11788409491590245,-0.019620137976238232,0.04090295918093216,22.04264180338722,57.07728493080669,35.03464312741947,2.0,1.0
2026-08-14T10:06:00Z,cam_01,zone_A,event_benchmark_01,0.49465161774974387,1.1870940700539756,1.1277393665512767,88.91476644162118,48.411356248654926,0.19839548532492318,0.15871638825993856,0.29786064709989757,0.22312806621241033,39,37,MIXED_EXPLICIT,40.50341019296626,40.50341019296626,0.0763671419824773,0.007636714198247729,-0.04389108475786774,-0.004389108475786774,7.299643024406649,-4.557046217476753,0.46179958837682183,0.04446303489160463,1.172965950382445,0.09071624400093987,0.01736350923475638,-0.022439142364760946,30.46003656973058,37.62295973078414,7.162923161053559,0.0,0.0
2026-08-14T10:06:10Z,cam_01,zone_A,event_benchmark_01,0.3910864772987642,1.1376687015353415,1.0807852664585744,85.41715404110867,54.02857603036949,0.16732594318962926,0.1338607545517034,0.2564345909195057,0.18688026705456745,31,29,MIXED_EXPLICIT,31.38857801073918,31.38857801073918,-0.10356514045097964,-0.010356514045097964,-0.049425368518634105,-0.0049425368518634105,-3.4976124005125087,5.617219781714567,0.447238798736637,0.05441446358924943,1.1770493622329887,0.08800026717286007,-0.017993228243345694,-0.0005534283760766368,21.490999116918495,46.015650765502166,24.52465164858367,1.0,0.0
2026-08-14T10:06:20Z,cam_01,zone_A,event_benchmark_01,0.42750145828774627,1.171948278986616,1.1133508650372852,82.01629547682862,50.8313074337463,0.17825043748632385,0.1426003499890591,0.2710005833150985,0.1996255104007112,34,32,MIXED_EXPLICIT,31.18498804308232,31.18498804308232,0.03641498098898205,0.0036414980988982047,0.03427957745127452,0.0034279577451274525,-3.400858564280057,-3.1972685966231964,0.4494152910471748,0.053084932255568824,1.1556362042619757,0.067662380749961,0.01399801214399617,0.008370494596990862,23.624073302431384,46.36195653099656,22.737883228565174,1.0,1.0
2026-08-14T10:06:30Z,cam_01,zone_A,event_benchmark_01,0.5085732997810899,1.176275851287773,1.117462058723384,82.6529784787938,52.117562054007124,0.20257198993432696,0.16205759194746158,0.30342931991243594,0.22800065492338145,40,38,MIXED_EXPLICIT,30.535416424786675,30.535416424786675,0.08107184149334362,0.008107184149334363,0.004327572301156879,0.0004327572301156879,0.6366830019651815,1.2862546202608272,0.44801946577692214,0.050960396018562296,1.1807944113351099,0.03360541146483632,0.004465686050436157,-0.0029952005150117645,27.172360523729182,38.0410879654547,10.868727441725518,1.0,0.0
2026-08-14T10:06:40Z,cam_01,zone_A,event_benchmark_01,0.5404512148654854,1.0567728840313344,1.0039342398297677,101.98401671026593,46.706315577100405,0.21213536445964565,0.16970829156771652,0.3161804859461942,0.2391579252029199,43,40,MIXED_EXPLICIT,55.27770113316553,55.27770113316553,0.031877915084395525,0.0031877915084395523,-0.1195029672564385,-0.01195029672564385,19.331038231472135,-5.411246476906719,0.47245281359656593,0.06136441157094457,1.145951957179008,0.05317316091036299,-0.004919392640894809,-0.012383053955759537,38.454408737606855,43.31353298976534,4.859124252158487,0.0,0.0
2026-08-14T10:06:50Z,cam_01,zone_A,event_benchmark_01,0.5168715914323058,1.0796980271354986,1.0257131257787235,98.2569977080369,48.74972329945618,0.20506147742969172,0.1640491819437534,0.3067486365729223,0.23090505700130703,41,38,MIXED_EXPLICIT,49.50727440858073,49.50727440858073,-0.023579623433179653,-0.002357962343317965,0.02292514310416416,0.002292514310416416,-3.727019002229028,2.0434077223557736,0.47689680833307835,0.06411680649855389,1.1244727485953125,0.054082501680954256,-0.0055457538517575174,0.014242811036060265,34.486224490543506,52.552207577670515,18.06598308712701,1.0,0.0
2026-08-14T10:07:00Z,cam_01,zone_A,event_benchmark_01,0.5072731738511143,1.0665520499918992,1.0132244474923042,84.12054043256106,44.90474756021764,0.2021819521553343,0.16174556172426746,0.3029092695404457,0.22754561084789,40,38,MIXED_EXPLICIT,39.215792872343414,39.215792872343414,-0.00959841758119151,-0.0009598417581191509,-0.01314597714359933,-0.001314597714359933,-14.136457275475848,-3.844975739238535,0.5001341476435484,0.04272967493735812,1.1102494182866243,0.05888299092191956,0.0013981205851988144,-0.003607112024776349,31.702669381777305,47.659376198259544,15.956706816482239,1.0,0.0
2026-08-14T10:07:10Z,cam_01,zone_A,event_benchmark_01,0.5027294108543593,1.047624516952741,0.9952432911051039,93.66689189457472,49.77037373288164,0.2008188232563078,0.16065505860504625,0.30109176434174373,0.22595529379902574,40,38,MIXED_EXPLICIT,43.89651816169308,43.89651816169308,-0.004543762996754963,-0.0004543762996754963,-0.018927533039158284,-0.0018927533039158283,9.54635146201366,4.865626172663994,0.5151797381568709,0.015022311237066469,1.0853846658798492,0.05218399125640457,0.0005054654584436546,-0.0005781555895558954,31.603663434685846,48.52194279578676,16.91827936110091,1.0,0.0
2026-08-14T10:07:20Z,cam_01,zone_A,event_benchmark_01,0.4485635813899581,1.0983979739127248,1.0434780752170885,83.37021265843993,46.97372405405662,0.18456907441698744,0.14765525953358996,0.2794254325559833,0.20699725348648534,35,33,MIXED_EXPLICIT,36.39648860438331,36.39648860438331,-0.05416582946440118,-0.005416582946440119,0.05077345695998381,0.005077345695998381,-10.296679236134793,-2.7966496788250197,0.5031777944786445,0.03382496634779375,1.0698090904048396,0.019923739721789367,-0.004962206646764622,0.00697009899991421,27.188794309543656,32.55551372594393,5.366719416400276,0.0,0.0
2026-08-14T10:07:30Z,cam_01,zone_A,event_benchmark_01,0.4911781165476755,1.0440961167332818,0.9918913108966178,90.61168540046934,44.60620541823653,0.19735343496430263,0.1578827479714421,0.2964712466190702,0.22191234079168642,39,37,MIXED_EXPLICIT,46.00547998223281,46.00547998223281,0.042614535157717404,0.0042614535157717405,-0.054301857179442914,-0.005430185717944291,7.241472742029416,-2.3675186358200904,0.4933231748150826,0.026672224097659375,1.067273736945229,0.022621316664831033,0.009678036462211858,-0.010507531413942672,33.39732499804673,50.817283774723606,17.41995877667688,1.0,0.0
2026-08-14T10:07:40Z,cam_01,zone_A,event_benchmark_01,0.5087940811209536,1.096427724740389,1.0416063385033696,92.17464713474375,51.11742411685787,0.2026382243362861,0.16211057946902888,0.3035176324483815,0.22807792839233376,40,38,MIXED_EXPLICIT,41.05722301788588,41.05722301788588,0.017615964573278076,0.0017615964573278076,0.05233160800710723,0.005233160800710723,1.5629617342744098,6.511218698621342,0.49170767275281213,0.025086858788236993,1.070619676466207,0.02591578347185521,-0.0024998570584439327,0.010663346518655015,30.660769508748288,45.40541485719567,14.744645348447385,1.0,0.0
2026-08-14T10:07:50Z,cam_01,zone_A,event_benchmark_01,0.5893123589227293,1.0079139230934302,0.9575182269387587,95.97294971223674,49.277451700833716,0.22679370767681878,0.18143496614145505,0.3357249435690917,0.2562593256229552,47,44,MIXED_EXPLICIT,46.695498011403025,46.695498011403025,0.08051827780177567,0.008051827780177568,-0.08851380164695888,-0.008851380164695888,3.79830257749299,-1.8399724160241533,0.5081155097671352,0.05112657404884367,1.0588920510865134,0.03845221472009517,0.006290231322849759,-0.014084540965406612,37.48199271776531,47.46565730432782,9.983664586562512,0.0,0.0
2026-08-14T10:08:00Z,cam_01,zone_A,event_benchmark_01,0.5582414166703714,1.0767444455873143,1.0229072233079486,90.74048500569774,52.74954034133543,0.2174724250011114,0.17397794000088915,0.32329656666814854,0.24538449583463,44,41,MIXED_EXPLICIT,37.9909446643623,37.9909446643623,-0.031070942252357847,-0.003107094225235785,0.0688305224938841,0.006883052249388411,-5.232464706539005,3.472088640501717,0.5192179109303375,0.05550447328665925,1.064716036813428,0.038524173848186447,-0.011158922005413352,0.015734432414084298,32.03861627770307,40.816808511248475,8.778192233545404,0.0,0.0
2026-08-14T10:08:10Z,cam_01,zone_A,event_benchmark_01,0.4574862698903416,1.0477134557556136,0.9953277829678329,83.14619632964603,48.694646754317674,0.18724588096710248,0.14979670477368198,0.2829945079561367,0.21012019446161956,36,34,MIXED_EXPLICIT,34.45154957532836,34.45154957532836,-0.10075514678002984,-0.010075514678002984,-0.029030989831700715,-0.0029030989831700716,-7.594288676051704,-4.054893587017759,0.5210024486304142,0.05273951215169061,1.0545791331820058,0.03382779435037134,-0.006968420452767199,-0.009786151232558483,26.539477516921192,37.978614122729056,11.439136605807864,1.0,0.0
2026-08-14T10:08:20Z,cam_01,zone_A,event_benchmark_01,0.5663932696387325,1.0767080498274832,1.022872647336109,90.73050199369237,50.71239884140913,0.21991798089161974,0.1759343847132958,0.326557307855493,0.2482376443735564,45,42,MIXED_EXPLICIT,40.01810315228324,40.01810315228324,0.10890699974839091,0.010890699974839092,0.02899459407186966,0.002899459407186966,7.58430566404634,2.017752087091459,0.5360454792486257,0.052832746863850345,1.0611015198008462,0.034439680473453096,0.020966214652842076,0.005802558390357038,33.60684896231702,49.56777383649544,15.960924874178424,1.0,0.0
2026-08-14T10:08:30Z,cam_01,zone_A,event_benchmark_01,0.5354582688241085,1.120401486785981,1.064381412446682,88.67755046477644,52.04482248488615,0.21063748064723253,0.16850998451778604,0.3141833075296434,0.23741039408843795,42,39,MIXED_EXPLICIT,36.6327279798903,36.6327279798903,-0.03093500081462397,-0.003093500081462397,0.04369343695849781,0.004369343695849781,-2.0529515289159264,1.3324236434770143,0.5413783167892567,0.05069691040811735,1.0658962722099645,0.04152698953734174,-0.013984200056301488,0.0014698842886628149,30.504991461264293,54.63027695783191,24.125285496567617,1.0,0.0
2026-08-14T10:08:40Z,cam_01,zone_A,event_benchmark_01,0.5253616158111295,0.9850962483847494,0.935841435965512,91.69303781464359,51.716636722935384,0.20760848474333887,0.16608678779467112,0.3101446463244518,0.2338765655338953,42,39,MIXED_EXPLICIT,39.976401091708205,39.976401091708205,-0.010096653012979018,-0.0010096653012979019,-0.13530523840123165,-0.013530523840123165,3.0154873498671435,-0.3281857619507633,0.5285881681669367,0.04307444052387323,1.0613327372682284,0.049901215479683944,0.002083834780164495,-0.017899867535972946,31.29956979997445,59.34467111886593,28.045101318891483,2.0,0.0
2026-08-14T10:08:50Z,cam_01,zone_A,event_benchmark_01,0.5942583907689993,1.062147794030979,1.0090404043294299,93.96187131596619,43.9865637706093,0.22827751723069978,0.18262201378455983,0.33770335630759973,0.25799043676914973,47,44,MIXED_EXPLICIT,49.97530754535689,49.97530754535689,0.06889677495786983,0.006889677495786983,0.07705154564622951,0.007705154564622951,2.2688335013226038,-7.730072952326083,0.5357915629866623,0.051467096797207554,1.0584134069569613,0.04919617958307816,0.007899342797084884,0.021235678404746116,40.7935557601017,40.25592835542807,-0.5376274046736285,0.0,0.0
2026-08-14T10:09:00Z,cam_01,zone_A,event_benchmark_01,0.6196624498122996,1.089585979736285,1.0351066807494707,102.98325631354706,48.353568415109955,0.23589873494368985,0.1887189879549519,0.3478649799249198,0.2668818574343048,49,46,MIXED_EXPLICIT,54.629687898437105,54.629687898437105,0.02540405904330023,0.002540405904330023,0.027438185705306095,0.0027438185705306096,9.021384997580867,4.367004644500653,0.5682267989710539,0.0394899742787167,1.0667879117530954,0.05046690754184994,-0.00434927159145696,-0.004961335994092342,42.23862594923295,41.74650586632569,-0.49212008290725606,0.0,0.0
2026-08-14T10:09:10Z,cam_01,zone_A,event_benchmark_01,0.6190849263863027,0.9680669932336581,0.9196636435719752,106.96302488758386,49.43900295254725,0.23572547791589082,0.18858038233271268,0.3476339705545211,0.266679724235206,49,46,MIXED_EXPLICIT,57.52402193503661,57.52402193503661,-0.0005775234259968176,-5.7752342599681763e-05,-0.12151898650262694,-0.012151898650262694,3.9797685740367967,1.085434537437294,0.578765130320568,0.045458050525586984,1.0450597004343305,0.066095517634883,-0.0025981582469297047,-0.014895717220793303,43.25361078012576,52.46640939409887,9.212798613973106,0.0,0.0
2026-08-14T10:09:20Z,cam_01,zone_A,event_benchmark_01,0.5349385561522052,1.1626654856505618,1.1045322113680336,89.8948182853262,49.33712121149561,0.21048156684566155,0.16838525347652925,0.31397542246088206,0.23722849465327184,42,39,MIXED_EXPLICIT,40.55769707383059,40.55769707383059,-0.08414637023409755,-0.008414637023409754,0.19459849241690375,0.019459849241690374,-17.06820660225766,-0.10188174105164194,0.5786611877861872,0.04558225466329108,1.0535125002072465,0.0794857795950886,-0.008356884680810073,0.03161174789195307,32.36741838540121,47.935096848187364,15.567678462786155,1.0,1.0
2026-08-14T10:09:30Z,cam_01,zone_A,event_benchmark_01,0.5657869095890554,1.081478804714869,1.0274048644791254,96.45997526980132,38.25187351636347,0.21973607287671665,0.17578885830137334,0.3263147638356222,0.24802541835616937,45,42,MIXED_EXPLICIT,58.20810175343785,58.20810175343785,0.030848353436850218,0.0030848353436850216,-0.08118668093569292,-0.008118668093569292,6.565156984475124,-11.08524769513214,0.5867462465417724,0.03643154385873231,1.0727890114732705,0.06984870770598393,0.011499472367094777,-0.027578517335259668,45.293407599077334,50.50840807633665,5.215000477259316,0.0,0.0
2026-08-14T10:09:40Z,cam_01,zone_A,event_benchmark_01,0.6021279025920923,1.003472665656824,0.9532990323739827,100.66865775888205,48.759890068025555,0.23063837077762767,0.18451069662210215,0.3408511610368369,0.2607447659072323,48,45,MIXED_EXPLICIT,51.90876769085649,51.90876769085649,0.03634099300303684,0.003634099300303684,-0.07800613905804488,-0.0078006139058044875,4.208682489080729,10.508016551662088,0.5883201489063911,0.03700272537400409,1.0610539857984396,0.07667844224997387,0.0005492639566186619,0.00031805418776480464,40.12177086251487,43.853695748556284,3.731924886041412,0.0,0.0
2026-08-14T10:09:50Z,cam_01,zone_A,event_benchmark_01,0.6386278223703987,1.0140348526948755,0.9633331100601317,103.45023714422827,58.290098749578235,0.24158834671111962,0.1932706773688957,0.35545112894815956,0.27351973782963956,51,48,MIXED_EXPLICIT,45.16013839465003,45.16013839465003,0.03649991977830647,0.0036499919778306467,0.010562187038051452,0.001056218703805145,2.7815793853462196,9.53020868155268,0.5921132234180109,0.04169350025018011,1.0459437603901578,0.07709322872961402,1.5892677526962996e-05,0.008856832609609632,37.7478945185738,52.91320188521484,15.165307366641038,1.0,0.0
2026-08-14T10:10:00Z,cam_01,zone_A,event_benchmark_01,0.5701458506920581,1.0858288352108512,1.0315373934503085,95.99144439494508,46.79688664237393,0.22104375520761743,0.17683500416609396,0.32805834027682323,0.24955104774222037,45,42,MIXED_EXPLICIT,49.19455775257115,49.19455775257115,-0.06848197167834058,-0.006848197167834058,0.07179398251597569,0.007179398251597568,-7.458792749283191,-11.493212107204307,0.5823254082791619,0.03946352090841882,1.0694961287855964,0.06427659315287068,-0.010498189145664704,0.006123179547792424,38.016999300359046,49.39178871655691,11.374789416197864,1.0,0.0
2026-08-14T10:10:10Z,cam_01,zone_A,event_benchmark_01,0.589043304621723,1.0503742867975867,0.9978555724577073,100.83687646153646,44.57874841828893,0.2267129913865169,0.18137039310921355,0.3356173218486892,0.2561651566176031,47,44,MIXED_EXPLICIT,56.25812804324753,56.25812804324753,0.01889745392966491,0.001889745392966491,-0.03545454841326445,-0.003545454841326445,4.8454320665913855,-2.2181382240849956,0.5931463579730656,0.029341223327147666,1.0470378890150012,0.037713309400575545,0.008737942560800549,-0.010724853092924013,42.49626272196866,52.30857616564923,9.812313443680566,0.0,0.0
2026-08-14T10:10:20Z,cam_01,zone_A,event_benchmark_01,0.5471984261972231,1.0986187439039843,1.043687806708785,96.18711885918114,50.92277427461253,0.21415952785916692,0.17132762228733356,0.31887937047888926,0.24151944916902807,43,40,MIXED_EXPLICIT,45.26434458456861,45.26434458456861,-0.04184487842449991,-0.004184487842449991,0.048244457106397576,0.004824445710639757,-4.649757602355322,6.344025856323597,0.5894286612946991,0.03441364635203848,1.0504658768528246,0.04214506862470911,-0.0060742332354164815,0.008369900551966203,34.11527560389002,42.77264402059592,8.6573684167059,0.0,0.0
2026-08-14T10:10:30Z,cam_01,zone_A,event_benchmark_01,0.5468605355791251,1.0258499989985568,0.9745574990486289,87.56053073469351,50.62468034075036,0.2140581606737375,0.17124652853899003,0.31874421423165,0.2414011874526938,43,40,MIXED_EXPLICIT,36.935850393943156,36.935850393943156,-0.0003378906180980801,-3.378906180980801e-05,-0.07276874490542751,-0.0072768744905427505,-8.626588124487625,-0.29809393386216954,0.5783751878921056,0.03800353420101536,1.0549413435211707,0.036750026435543794,0.004150698780640183,-0.012101320201182509,31.547916435309546,48.450258057787444,16.9023416224779,1.0,0.0
2026-08-14T10:10:40Z,cam_01,zone_A,event_benchmark_01,0.651419163752606,1.0176165429502402,0.9667357158027281,106.45931342215485,52.93529255202995,0.2454257491257818,0.19634059930062545,0.36056766550104247,0.2779967073134121,52,49,MIXED_EXPLICIT,53.5240208701249,53.5240208701249,0.10455862817348094,0.010455862817348094,-0.0082334560483166,-0.0008233456048316601,18.898782687461335,2.31061221127959,0.5809334561685471,0.04315493370442803,1.0556576815722438,0.03577531207751215,0.010489651879157902,0.0064535288857110905,42.349567208806796,45.006554945194836,2.6569877363880394,0.0,0.0
2026-08-14T10:10:50Z,cam_01,zone_A,event_benchmark_01,0.6826927410965761,0.9196986304968052,0.8737136989719649,109.05187347405979,40.056804398524044,0.2548078223289728,0.20384625786317825,0.3730770964386304,0.2889424593838016,54,51,MIXED_EXPLICIT,68.99506907553575,68.99506907553575,0.03127357734397007,0.003127357734397007,-0.09791791245343495,-0.009791791245343495,2.5925600519049397,-12.878488153505906,0.6034428342494507,0.061552035590499383,1.0224316406294345,0.06552520105035316,-0.007328505082951087,-0.008968445640511835,57.07728493080669,47.046226948016596,-10.031057982790095,0.0,0.0
2026-08-14T10:11:00Z,cam_01,zone_A,event_benchmark_01,0.6153335127808093,1.0252385892640794,0.9739766598008753,95.41025050157184,51.35023100725878,0.23460005383424276,0.18768004306739422,0.3461334051123237,0.2653667294732832,49,46,MIXED_EXPLICIT,44.06001949431306,44.06001949431306,-0.0673592283157668,-0.006735922831576679,0.10553995876727418,0.010553995876727418,-13.641622972487951,11.293426608734734,0.6087008758812679,0.061135953241041194,1.017404501122733,0.06378662618138821,-0.009863280565973687,0.020345787122070913,37.62295973078414,56.62237823080039,18.999418500016255,1.0,0.0
2026-08-14T10:11:10Z,cam_01,zone_A,event_benchmark_01,0.673128909873398,0.9509272720027216,0.9033809084025856,104.04000196710986,49.489532108789355,0.2519386729620194,0.20155093836961552,0.3692515639493592,0.2855951184556893,53,50,MIXED_EXPLICIT,54.550469858320504,54.550469858320504,0.05779539709258874,0.005779539709258874,-0.07431131726135776,-0.007431131726135775,8.629751465538021,-1.8606988984694226,0.633886972616503,0.055107036796430676,0.9878662067424806,0.04933520372129579,0.012515462540835553,-0.017985127602863193,46.015650765502166,53.74548396883577,7.729833203333605,0.0,0.0
2026-08-14T10:11:20Z,cam_01,zone_A,event_benchmark_01,0.6450168378960379,0.9762134001328888,0.9274027301262443,105.01799199573838,46.38893055737651,0.2435050513688114,0.19480404109504912,0.3580067351584152,0.27575589326361327,51,48,MIXED_EXPLICIT,58.62906143836187,58.62906143836187,-0.028112071977360098,-0.00281120719773601,0.025286128130167174,0.0025286128130167173,0.9779900286285255,-3.1006015514128435,0.6535182330798854,0.026317690052257356,0.977938886969347,0.044542424561379246,-0.008590746906994884,0.009959744539152493,46.36195653099656,51.58631828783293,5.224361756836373,0.0,0.0
2026-08-14T10:11:30Z,cam_01,zone_A,event_benchmark_01,0.5986259086395229,1.102629113576808,1.0474976578979676,96.84350359326503,49.720918416817995,0.22958777259185686,0.1836702180734855,0.33945036345580915,0.259519068023833,47,44,MIXED_EXPLICIT,47.12258517644703,47.12258517644703,-0.046390929256515,-0.0046390929256515,0.12641571344391922,0.012641571344391922,-8.174488402473358,3.331987859441483,0.6429595820572688,0.03613107690093467,0.9949414010946607,0.0715262524140594,-0.0018278857279154903,0.010112958531375204,38.0410879654547,54.22258175527841,16.181493789823712,1.0,0.0
2026-08-14T10:11:40Z,cam_01,zone_A,event_benchmark_01,0.6528621908926812,1.0628481914941046,1.0097057819193993,107.59386551024456,52.090043590138166,0.24585865726780437,0.19668692581424352,0.3611448763570725,0.2785017668124384,52,49,MIXED_EXPLICIT,55.50382192010639,55.50382192010639,0.05423628225315824,0.005423628225315824,-0.03978092208270345,-0.003978092208270345,10.750361916979529,2.369125173320171,0.6369934720164898,0.029846206884191758,1.0235713132941204,0.0618779391826509,0.010062721150967324,-0.016619663552662266,43.31353298976534,43.90578789414409,0.5922549043787484,0.0,0.0
2026-08-14T10:11:50Z,cam_01,zone_A,event_benchmark_01,0.7155679781618363,1.001116119148257,0.951060313190844,119.0648007260437,50.05021733690553,0.26467039344855087,0.2117363147588407,0.3862271912647345,0.3004487923566427,57,54,MIXED_EXPLICIT,69.01458338913817,69.01458338913817,0.0627057872691551,0.00627057872691551,-0.061732072345847655,-0.006173207234584766,11.470935215799145,-2.039826253232633,0.6570403650926953,0.042598690805427386,1.018746819270956,0.062651006879455,0.0008469505015996859,-0.0021951150263144203,52.552207577670515,48.27485799312314,-4.277349584547373,0.0,0.0
2026-08-14T10:12:00Z,cam_01,zone_A,event_benchmark_01,0.6407113865700769,0.9609575298243249,0.9129096533331086,97.32698076243123,41.47067570822982,0.24221341597102308,0.19377073277681847,0.35628455462803077,0.2742489852995269,51,48,MIXED_EXPLICIT,55.856305054201414,55.856305054201414,-0.07485659159175939,-0.007485659159175939,-0.040158589323932015,-0.0040158589323932015,-21.737819963612466,-8.579541628675713,0.6505568604320311,0.04200062182978003,1.0207528708352767,0.060042868895320824,-0.01375623788609145,0.002157348302191564,47.659376198259544,56.939925319198984,9.28054912093944,0.0,0.0
2026-08-14T10:12:10Z,cam_01,zone_A,event_benchmark_01,0.7245337880472992,0.9494593046868803,0.9019863394525363,101.05748002801506,49.61011517283144,0.26736013641418976,0.2138881091313518,0.3898135152189197,0.30358682581655466,57,54,MIXED_EXPLICIT,51.44736485518362,51.44736485518362,0.08382240147722231,0.008382240147722231,-0.011498225137444584,-0.0011498225137444584,3.7304992655838305,8.139439464601622,0.6664602504622833,0.05299413607602377,1.015402051746075,0.06590985552215017,0.01586789930689817,0.002866036418648743,48.52194279578676,53.81838523796069,5.296442442173934,0.0,0.0
2026-08-14T10:12:20Z,cam_01,zone_A,event_benchmark_01,0.5190752275379085,1.149209748476214,1.0917492610524033,93.04511118105705,49.295052424079245,0.20572256826137253,0.16457805460909802,0.30763009101516336,0.23167632963826795,41,38,MIXED_EXPLICIT,43.75005875697781,43.75005875697781,-0.2054585605093907,-0.02054585605093907,0.1997504437893337,0.01997504437893337,-8.012368846958012,-0.3150627487521973,0.6505501142419604,0.08229322376860944,1.0247181787259563,0.08252033764303011,-0.028928096198661303,0.02112486689267783,32.55551372594393,53.21059329870608,20.655079572762148,1.0,1.0
2026-08-14T10:12:30Z,cam_01,zone_A,event_benchmark_01,0.694880033090904,0.9901578258274527,0.94064993453608,109.19821517290303,46.4667698282595,0.2584640099272712,0.20677120794181697,0.37795201323636163,0.29320801158181636,55,52,MIXED_EXPLICIT,62.73144534464353,62.73144534464353,0.1758048055529955,0.01758048055529955,-0.15905192264876133,-0.015905192264876133,16.15310399184598,-2.8282825958197435,0.6589536826816049,0.08469857570679373,1.0101801055926258,0.08050181172728113,0.03812633660623862,-0.0358802366438095,50.817283774723606,56.883269240479066,6.06598546575546,0.0,0.0
2026-08-14T10:12:40Z,cam_01,zone_A,event_benchmark_01,0.6618208251706965,1.1188739818966666,1.0629302828018332,101.79133414443189,47.12956845159454,0.24854624755120897,0.1988369980409672,0.36472833006827865,0.28163728880974376,52,49,MIXED_EXPLICIT,54.66176569283735,54.66176569283735,-0.033059207920207445,-0.0033059207920207445,0.12871615606921394,0.012871615606921395,-7.4068810284711475,0.6627986233350356,0.648204252083377,0.07893143491258264,1.0337316781423078,0.0933822611814178,-0.020886401347320293,0.028776807871797528,45.40541485719567,73.7064057484257,28.300990891230022,2.0,0.0
2026-08-14T10:12:50Z,cam_01,zone_A,event_benchmark_01,0.6461624022606713,1.0319684506133158,0.98037002808265,108.95929549745888,46.32553701079527,0.2438487206782014,0.19507897654256112,0.3584649609042686,0.276156840791235,51,48,MIXED_EXPLICIT,62.63375848666361,62.63375848666361,-0.01565842291002517,-0.0015658422910025172,-0.08690553128335088,-0.008690553128335088,7.167961353026996,-0.8040314407992639,0.6492944552214959,0.07883966177014483,1.047933862300106,0.08452737566473541,0.0017400785010182273,-0.02156216873525648,47.46565730432782,54.78923315240384,7.323575848076018,0.0,0.0
2026-08-14T10:13:00Z,cam_01,zone_A,event_benchmark_01,0.6693054404692108,1.008019191542975,0.9576182319658262,96.85140623892063,52.572428676151105,0.2507916321407632,0.2006333057126106,0.3677221761876843,0.2842569041642238,53,50,MIXED_EXPLICIT,44.278977562769526,44.278977562769526,0.023143038208539468,0.0023143038208539466,-0.023949259070340734,-0.0023949259070340733,-12.10788925853825,6.246891665355832,0.6382487857058783,0.06890612694709079,1.0596458396713249,0.0703377553698565,0.003880146111856464,0.006295627221301015,40.816808511248475,53.882423502866004,13.06561499161753,1.0,0.0
2026-08-14T10:13:10Z,cam_01,zone_A,event_benchmark_01,0.5689035256560198,1.043202061396263,0.9910419583264497,98.97687516763963,48.20333968763355,0.22067105769680595,0.17653684615744478,0.3275614102624079,0.24911623397960692,45,42,MIXED_EXPLICIT,50.77353548000608,50.77353548000608,-0.10040191481319105,-0.010040191481319105,0.03518286985328789,0.003518286985328789,2.125468928719002,-4.369088988517554,0.6482144453295005,0.0477023940428909,1.0384443022553347,0.04947417877393199,-0.012354495302173052,0.005913212892362863,37.978614122729056,54.10889094385978,16.13027682113072,1.0,0.0
2026-08-14T10:13:20Z,cam_01,zone_A,event_benchmark_01,0.6608224930754324,1.0101835493938545,0.9596743719241617,99.83649534224013,41.185819496575505,0.24824674792262974,0.1985973983381038,0.364328997230173,0.2812878725764013,52,49,MIXED_EXPLICIT,58.65067584566462,58.65067584566462,0.09191896741941263,0.009191896741941263,-0.03301851200240846,-0.0033018512002408462,0.8596201746004937,-7.017520191058047,0.6414029373264063,0.04138652005834231,1.042449446968615,0.04521520177723855,0.01923208822326037,-0.006820138185569635,49.56777383649544,53.33873785991088,3.770964023415438,0.0,0.0
2026-08-14T10:13:30Z,cam_01,zone_A,event_benchmark_01,0.693144991357814,0.9764895133662843,0.92766503769797,114.0484888396616,44.16945089299507,0.25794349740734424,0.2063547979258754,0.37725799654312564,0.2926007469752349,55,52,MIXED_EXPLICIT,69.87903794666653,69.87903794666653,0.03232249828238165,0.003232249828238165,-0.03369403602757015,-0.0033694036027570153,14.211993497421474,2.983631396419568,0.6476677705638296,0.04721092432917877,1.0139725532625383,0.025656353078451623,-0.005959646913703098,-6.75524025161689e-05,54.63027695783191,65.13412027668197,10.503843318850059,1.0,0.0
2026-08-14T10:13:40Z,cam_01,zone_A,event_benchmark_01,0.7526261169500801,0.9838297636643815,0.9346382754811623,120.172666121847,45.84095124505078,0.275787835085024,0.22063026806801922,0.4010504467800321,0.313419140932528,60,57,MIXED_EXPLICIT,74.33171487679621,74.33171487679621,0.05948112559226604,0.005948112559226604,0.007340250298097151,0.000734025029809715,6.1241772821854,1.671500352055709,0.6689605135017114,0.06645029973103248,1.0043448158727517,0.026240534580160024,0.0027158627309884385,0.00410342863256673,59.34467111886593,57.492227490102074,-1.852443628763858,0.0,0.0
2026-08-14T10:13:50Z,cam_01,zone_A,event_benchmark_01,0.6562183542562947,1.0541041032859524,1.0013988981216546,98.66418540158683,53.02170683635936,0.2468655062768884,0.19749240502151075,0.36248734170251795,0.27967642398970316,52,49,MIXED_EXPLICIT,45.64247856522748,45.64247856522748,-0.09640776269378537,-0.009640776269378537,0.07027433962157092,0.007027433962157092,-21.508480720260167,7.180755591308575,0.6663430962591281,0.06669062644009652,1.0135617982213472,0.034612080439646496,-0.015588888828605141,0.006293408932347378,40.25592835542807,77.32722627171714,37.07129791628907,2.0,1.0
2026-08-14T10:14:00Z,cam_01,zone_A,event_benchmark_01,0.6450656604885051,0.9736611306814993,0.9249780741474243,98.8574671595375,50.11416021497406,0.24351969814655156,0.19481575851724126,0.35802626419540207,0.27577298117097676,51,48,MIXED_EXPLICIT,48.74330694456344,48.74330694456344,-0.011152693767789601,-0.0011152693767789601,-0.0804429726044531,-0.00804429726044531,0.19328175795067182,-2.9075466213852934,0.6815755232256253,0.04355652596654297,0.9996536120783943,0.03368350601390238,0.008525506892599576,-0.015071731222602403,41.74650586632569,53.364005441005816,11.617499574680124,1.0,1.0
2026-08-14T10:14:10Z,cam_01,zone_A,event_benchmark_01,0.6637186200140721,0.9352071803136678,0.8884468212979844,107.39542903602478,42.472951205983335,0.24911558600422162,0.1992924688033773,0.3654874480056288,0.28230151700492523,53,50,MIXED_EXPLICIT,64.92247783004144,64.92247783004144,0.018652959525567003,0.0018652959525567003,-0.0384539503678315,-0.00384539503678315,8.537961876487273,-7.641209008990728,0.6821547486133531,0.043229581997573,0.984658338262357,0.04317547368820301,0.0029805653293356604,0.00419890222366216,52.46640939409887,63.426440928738174,10.960031534639306,1.0,0.0
2026-08-14T10:14:20Z,cam_01,zone_A,event_benchmark_01,0.7378500014774503,0.8654797304583649,0.8222057439354467,107.09234686924844,57.66894955384545,0.2713550004432351,0.21708400035458808,0.3951400005909801,0.3082475005171076,59,56,MIXED_EXPLICIT,49.423397315402994,49.423397315402994,0.07413138146337817,0.0074131381463378165,-0.06972744985530288,-0.006972744985530288,-0.3030821667763348,15.195998347862115,0.6910957506372805,0.05014143797497672,0.9624563816807733,0.06915320417461754,0.005547842193781116,-0.003127349948747138,47.935096848187364,49.40790904415407,1.4728121959667035,0.0,1.0
2026-08-14T10:14:30Z,cam_01,zone_A,event_benchmark_01,0.7117478067465054,0.9983508822977238,0.9484333381828376,106.71276845005924,47.08892041995979,0.26352434202395164,0.2108194736191613,0.3846991226986022,0.29911173236127686,56,53,MIXED_EXPLICIT,59.62384803009945,59.62384803009945,-0.026102194730944883,-0.0026102194730944885,0.13287115183935894,0.013287115183935893,-0.3795784191892011,-10.58002913388566,0.6829200885965655,0.03988411150672992,0.9653606054074416,0.0705657206622232,-0.010023357619432304,0.02025986016946618,50.50840807633665,41.70809371859826,-8.800314357738387,0.0,0.0
2026-08-14T10:14:40Z,cam_01,zone_A,event_benchmark_01,0.6720091741824269,0.94162616518185,0.8945448569227575,103.8876760373062,52.93677020634654,0.25160275225472806,0.20128220180378245,0.36880366967297074,0.2852032109638494,53,50,MIXED_EXPLICIT,50.95090583095967,50.95090583095967,-0.0397386325640785,-0.00397386325640785,-0.05672471711587379,-0.005672471711587379,-2.825092412753037,5.847849786386746,0.686078252581792,0.0378125800511927,0.9428650177866211,0.050188996940053236,-0.001363643783313362,-0.018959586895523274,43.853695748556284,68.43234891759504,24.578653169038752,1.0,1.0
2026-08-14T10:14:50Z,cam_01,zone_A,event_benchmark_01,0.7273037165034633,0.8559732404502979,0.813174578427783,98.5859315392888,44.69535350204459,0.268191114951039,0.2145528919608312,0.39092148660138537,0.3045563007762121,58,55,MIXED_EXPLICIT,53.890578037244204,53.890578037244204,0.055294542321036366,0.005529454232103636,-0.08565292473155217,-0.008565292473155217,-5.301744498017413,-8.241416704301948,0.7025258637847835,0.03310608491816225,0.9193274397403808,0.058964892421702275,0.009503317488511487,-0.0028928207615678382,52.91320188521484,64.10208289717346,11.188881011958621,1.0,0.0
2026-08-14T10:15:00Z,cam_01,zone_A,event_benchmark_01,0.7095932649038215,0.9936729712842554,0.9439893227200425,106.69827246183453,48.47493092545082,0.26287797947114644,0.21030238357691716,0.38383730596152865,0.2983576427163375,56,53,MIXED_EXPLICIT,58.223341536383714,58.223341536383714,-0.017710451599641797,-0.0017710451599641797,0.13769973083395748,0.013769973083395748,8.11234092254574,3.7795774234062307,0.7117007927627335,0.025035478900852556,0.9310205979344983,0.06800528712959504,-0.007300499392067816,0.022335265556550965,49.39178871655691,61.429194636490394,12.037405919933484,1.0,1.0
2026-08-14T10:15:10Z,cam_01,zone_A,event_benchmark_01,0.7562262212512403,1.0709142431208953,1.0173685309648506,107.04945882977836,49.07281809756722,0.2768678663753721,0.22149429310029767,0.4024904885004962,0.31467917743793405,60,57,MIXED_EXPLICIT,57.97664073221114,57.97664073221114,0.04663295634741882,0.004663295634741882,0.07724127183663998,0.007724127183663998,0.35118636794382496,0.5978871721164012,0.7153760367174915,0.03057080465993873,0.9721075004670044,0.07958146009867736,0.006434340794706062,-0.00604584589973175,52.30857616564923,52.505031046256164,0.19645488060693594,0.0,0.0
2026-08-14T10:15:20Z,cam_01,zone_A,event_benchmark_01,0.6757011074898917,0.9942757899290703,0.9445620004326167,101.59047448719247,52.57695140897345,0.2527103322469675,0.202168265797574,0.37028044299595664,0.28649538762146204,54,51,MIXED_EXPLICIT,49.013523078219016,49.013523078219016,-0.08052511376134863,-0.008052511376134863,-0.07663845319182505,-0.007663845319182505,-5.458984342585893,3.5041333114062283,0.7081666968661688,0.03549422291464434,0.9712924819932738,0.07926574269182733,-0.012715807010876745,-0.015387972502846504,42.77264402059592,74.3812890958698,31.608645075273884,2.0,1.0
2026-08-14T10:15:30Z,cam_01,zone_A,event_benchmark_01,0.6973853208758014,1.0234933461971012,0.9723186788872461,113.00898568740818,51.33913510937509,0.25921559626274043,0.20737247701019235,0.3789541283503206,0.29408486230653047,55,52,MIXED_EXPLICIT,61.66985057803309,61.66985057803309,0.021684213385909756,0.002168421338590976,0.02921755626803091,0.002921755626803091,11.418511200215718,-1.2378162995983573,0.7132419262048436,0.030493611210700742,0.9876659181963241,0.08005720558285442,0.01022093271472584,0.010585600945985596,48.450258057787444,59.824920966776624,11.37466290898918,1.0,1.0
2026-08-14T10:15:40Z,cam_01,zone_A,event_benchmark_01,0.6970822364822198,0.9858421260380463,0.9365500197361439,99.4840444471813,50.4193402707205,0.25912467094466596,0.20729973675573277,0.37883289459288794,0.2939787827687769,55,52,MIXED_EXPLICIT,49.06470417646081,49.06470417646081,-0.00030308439358162076,-3.0308439358162077e-05,-0.037651220159054866,-0.0037651220159054867,-13.52494124022688,-0.919794838654596,0.7071976302005949,0.030000730629735167,1.0136396953138738,0.03508491135836976,-0.002198729777949138,-0.006686877642708577,45.006554945194836,69.90549989777689,24.898944952582056,1.0,1.0
2026-08-14T10:15:50Z,cam_01,zone_A,event_benchmark_01,0.6463853419174392,1.0072243121899793,0.9568630965804803,105.77685328713501,45.496859505680675,0.24391560257523176,0.1951324820601854,0.3585541367669757,0.2762348696711037,51,48,MIXED_EXPLICIT,60.27999378145434,60.27999378145434,-0.05069689456478055,-0.005069689456478055,0.02138218615193299,0.002138218615193299,6.292808839953707,-4.922480765039822,0.6945560456033185,0.04029119751330162,1.0163499634950184,0.033651015304821834,-0.005039381017119893,0.005903340631098786,47.046226948016596,75.91786495949287,28.87163801147628,2.0,1.0
2026-08-14T10:16:00Z,cam_01,zone_A,event_benchmark_01,0.7371944619830969,1.0036371469595302,0.9534552896115537,107.58074230698871,42.397380550557756,0.27115833859492905,0.21692667087594325,0.39487778479323876,0.3080180616940839,58,55,MIXED_EXPLICIT,65.18336175643095,65.18336175643095,0.09080912006565767,0.009080912006565767,-0.0035871652304491075,-0.00035871652304491074,1.803889019853699,-3.099478955122919,0.6907496937496898,0.033301294280347574,1.0028945442627455,0.014218622329312359,0.01415060146304382,-0.00249693513823821,56.62237823080039,54.39486466953582,-2.2275135612645727,0.0,0.0
2026-08-14T10:16:10Z,cam_01,zone_A,event_benchmark_01,0.7382221735961418,0.9425529686328823,0.8954253202012381,107.65897304521218,46.89859407969815,0.2714666520788426,0.21717332166307407,0.39528886943845676,0.30837776075864964,59,56,MIXED_EXPLICIT,60.76037896551403,60.76037896551403,0.0010277116130449349,0.00010277116130449348,-0.06108417832664792,-0.006108417832664792,0.07823073822346771,4.501213529140394,0.7032539069709398,0.0376872141976761,0.9925499800035078,0.03098568079951328,-0.008978140845261273,-0.005749701309619881,53.74548396883577,54.691051887742134,0.945567918906363,0.0,0.0
2026-08-14T10:16:20Z,cam_01,zone_A,event_benchmark_01,0.7281593422552952,0.9764740103504179,0.927650309832897,112.20460686068218,50.10245351659944,0.2684478026765886,0.21475824214127087,0.39126373690211813,0.3048557697893533,58,55,MIXED_EXPLICIT,62.10215334408274,62.10215334408274,-0.010062831340846623,-0.0010062831340846624,0.03392104171753563,0.0033921041717535627,4.545633815469998,3.20385943690129,0.7094087112468386,0.03897992041263088,0.9831461128341712,0.025977061798060246,-0.0011090542953891558,0.009500522004418355,51.58631828783293,70.24818610574337,18.66186781791044,1.0,0.0
2026-08-14T10:16:30Z,cam_01,zone_A,event_benchmark_01,0.7188615694264681,0.9847679486539197,0.9355295512212237,109.2091820269619,44.509165107587606,0.2656584708279404,0.21252677666235234,0.3875446277705873,0.3016015492992638,57,54,MIXED_EXPLICIT,64.70001691937429,64.70001691937429,-0.009297772828827156,-0.0009297772828827155,0.00829393830350178,0.000829393830350178,-2.9954248337202785,-5.5932884090118336,0.7137645778356883,0.0384716891377357,0.982931277357346,0.02595362234574011,7.650585120194675e-05,-0.002562710341403385,54.22258175527841,66.34189611237451,12.119314357096101,1.0,0.0
2026-08-14T10:16:40Z,cam_01,zone_A,event_benchmark_01,0.6624623477210524,0.9691180686852161,0.9206621652509552,105.85005280378184,52.07661287415088,0.24873870431631573,0.1989909634530526,0.364984939088421,0.28186182170236834,52,49,MIXED_EXPLICIT,53.77343992963095,53.77343992963095,-0.05639922170541567,-0.005639922170541567,-0.015649879968703595,-0.0015649879968703596,-3.3591292231800622,7.5674477665632764,0.716979978996411,0.031466437751707786,0.9753100286563932,0.02238636909534814,-0.004710144887658851,-0.0023943818272205374,43.90578789414409,49.15314129703466,5.2473534028905675,0.0,1.0
2026-08-14T10:16:50Z,cam_01,zone_A,event_benchmark_01,0.7147909894856219,1.020727523785453,0.9696911475961802,112.02420246151407,52.96726393771846,0.26443729684568656,0.21154983747654926,0.38591639579424875,0.30017684631996766,57,54,MIXED_EXPLICIT,59.05693852379561,59.05693852379561,0.05232864176456953,0.005232864176456953,0.051609455100236845,0.005160945510023685,6.1741496577322295,0.8906510635675744,0.7124992844969158,0.029395280470675435,0.9787281040215777,0.028313005498888905,0.010872786346998519,0.006725933506894044,48.27485799312314,64.01910989871682,15.744251905593678,1.0,1.0
2026-08-14T10:17:00Z,cam_01,zone_A,event_benchmark_01,0.7212320279127726,0.9585127954175658,0.9105871556466875,106.0420203171052,40.99375484637745,0.2663696083738318,0.21309568669906542,0.38849281116510903,0.3024312097694704,57,54,MIXED_EXPLICIT,65.04826547072776,65.04826547072776,0.006441038427150714,0.0006441038427150714,-0.06221472836788711,-0.006221472836788711,-5.982182144408867,-11.973509091341008,0.709101255360242,0.02651976069691415,0.9819200693785145,0.023746474416668713,-0.004588760333741881,-0.011382418346812395,56.939925319198984,64.94789634947008,8.0079710302711,0.0,0.0
2026-08-14T10:17:10Z,cam_01,zone_A,event_benchmark_01,0.700750236209631,0.9417626002995791,0.8946744702846001,102.99883522423173,41.80039175682598,0.26022507086288926,0.20818005669031142,0.3803000944838524,0.2952625826733708,56,53,MIXED_EXPLICIT,61.198443467405745,61.198443467405745,-0.020481791703141683,-0.0020481791703141684,-0.0167501951179867,-0.0016750195117986699,-3.043185092873472,0.8066369104485318,0.7036194341511093,0.02433859001460609,0.9749777873683467,0.02998985893277376,-0.0026922830130292398,0.004546453324990041,53.81838523796069,62.05145855238027,8.233073314419578,0.0,0.0
2026-08-14T10:17:20Z,cam_01,zone_A,event_benchmark_01,0.7352477336261085,0.985676852002855,0.9363930094027122,103.3940660572997,44.59317003295115,0.27057432008783255,0.21645945607026607,0.39409909345044347,0.30733670676913794,58,55,MIXED_EXPLICIT,58.800896024348546,58.800896024348546,0.03449749741647756,0.0034497497416477564,0.0439142517032759,0.00439142517032759,0.3952308330679699,2.792778276125169,0.7068966669910373,0.02776595586365042,0.9751595680381339,0.03006669278548521,0.005497928911961924,0.00606644468212626,53.21059329870608,52.53919206104636,-0.6714012376597225,0.0,0.0
2026-08-14T10:17:30Z,cam_01,zone_A,event_benchmark_01,0.765913786306007,0.8955283291268439,0.8507519126705017,107.14605025458579,46.21978761482584,0.2797741358918021,0.2238193087134417,0.4063655145224029,0.3180698252071024,61,57,MIXED_EXPLICIT,60.92626263975995,60.92626263975995,0.030666052679898526,0.0030666052679898526,-0.09014852287601116,-0.009014852287601117,3.7519841972860917,1.6266175818746902,0.7275869547080281,0.024758659264386196,0.9604416201264593,0.04700417163052888,-0.00038314447365790373,-0.013406277457928707,56.883269240479066,73.74249682975739,16.85922758927832,1.0,0.0
2026-08-14T10:17:40Z,cam_01,zone_A,event_benchmark_01,0.8423708039578274,0.8959865754937599,0.8511872467190719,132.1351364431698,40.5297488520082,0.3027112411873482,0.2421689929498786,0.436948321583131,0.34482978138523956,67,63,MIXED_EXPLICIT,91.60538759116162,91.60538759116162,0.07645701765182034,0.007645701765182034,0.0004582463669160486,4.582463669160486e-05,24.989086188584025,-5.690038762817643,0.7531029176024694,0.05524544855631805,0.9354934304681206,0.0395144605339887,0.004579096497192181,0.00906067692429272,73.7064057484257,62.01529287768754,-11.691112870738152,0.0,0.0
2026-08-14T10:17:50Z,cam_01,zone_A,event_benchmark_01,0.7590914479838847,0.9440891813774589,0.896884722308586,116.95071374239471,51.579184434658025,0.2777274343951654,0.22218194751613232,0.4036365791935539,0.31568200679435965,60,57,MIXED_EXPLICIT,65.3715293077367,65.3715293077367,-0.08327935597394265,-0.008327935597394264,0.04810260588369897,0.0048102605883698964,-15.184422700775102,11.049435582649828,0.7606748016166918,0.05230124303887841,0.9326087076600995,0.037907644373505536,-0.015973637362576298,0.004764435951678292,54.78923315240384,63.34768944281587,8.558456290412032,0.0,0.0
2026-08-14T10:18:00Z,cam_01,zone_A,event_benchmark_01,0.7654916555794194,0.9949997849439272,0.9452497956967307,104.48396061531345,46.81050119600387,0.2796474966738258,0.22371799733906067,0.40619666223176776,0.31792207945279677,61,57,MIXED_EXPLICIT,57.67345941930958,57.67345941930958,0.006400207595534724,0.0006400207595534724,0.05091060356646826,0.005091060356646826,-12.466753127081262,-4.768683238654155,0.7736230854906494,0.04042164754224384,0.9432561445889689,0.047407729370332614,0.008967956356947738,0.0002807997682769292,53.882423502866004,68.31627494203609,14.433851439170084,1.0,0.0
2026-08-14T10:18:10Z,cam_01,zone_A,event_benchmark_01,0.7510937018889507,0.9730786905106271,0.9244247559850958,103.4752063673982,45.175361203424686,0.2753281105666852,0.22026248845334817,0.4004374807555803,0.31288279566113275,60,57,MIXED_EXPLICIT,58.299845163973515,58.299845163973515,-0.014397953690468701,-0.0014397953690468701,-0.021921094433300037,-0.0021921094433300036,-1.008754247915249,-1.6351399925791839,0.7767922791432179,0.03714944452083142,0.9407365122905235,0.04485559137209326,-0.0020798161286003426,-0.0072831697999768295,54.10889094385978,61.674411524647844,7.565520580788068,0.0,0.0
2026-08-14T10:18:20Z,cam_01,zone_A,event_benchmark_01,0.6610293396174021,1.0021310482923016,0.9520244958776864,105.29167747798462,39.59986558830932,0.24830880188522064,0.19864704150817653,0.36441173584696085,0.2813602688660907,52,49,MIXED_EXPLICIT,65.69181188967531,65.69181188967531,-0.09006436227154868,-0.009006436227154867,0.029052357781674476,0.0029052357781674475,1.81647111058642,-5.575495615115365,0.7558153898054969,0.0644261050402682,0.962057056123615,0.04330351483592208,-0.007566640858107998,0.005097345221497451,53.33873785991088,66.7888996155883,13.450161755677428,1.0,0.0
2026-08-14T10:18:30Z,cam_01,zone_A,event_benchmark_01,0.7577439140119349,0.9862419665528533,0.9369298682252106,113.35583710784462,38.26604263762377,0.27732317420358044,0.22185853936286437,0.40309756560477394,0.31521036990417717,60,57,MIXED_EXPLICIT,75.08979447022085,75.08979447022085,0.09671457439453279,0.009671457439453279,-0.015889081739448252,-0.0015889081739448251,8.06415962986,-1.3338229506855512,0.7388900118163184,0.04382473453652948,0.9801081343354335,0.022864666777278234,0.018677893666608148,-0.004494143952112273,65.13412027668197,67.41508316817038,2.2809628914884144,0.0,0.0
2026-08-14T10:18:40Z,cam_01,zone_A,event_benchmark_01,0.7641323995199306,1.0110309377389073,0.9604793908519619,113.87501113818126,46.12239826101042,0.2792397198559792,0.22339177588478334,0.4056529598079722,0.3174463398319757,61,57,MIXED_EXPLICIT,67.75261287717085,67.75261287717085,0.006388485507995756,0.0006388485507995756,0.024788971186053943,0.0024788971186053945,0.519174030336643,7.856355623386648,0.7398982021235276,0.04445904661612356,0.9934964856077233,0.014609816875425065,-0.009032608888653704,0.004067805292550219,57.492227490102074,50.80973475949581,-6.682492730606263,0.0,0.0
2026-08-14T10:18:50Z,cam_01,zone_A,event_benchmark_01,0.8862836244005898,0.8961203406772391,0.8513143236433771,119.6279109842787,31.611349381214023,0.31588508732017695,0.2527080698561416,0.454513449760236,0.3601992685402064,70,66,MIXED_EXPLICIT,88.01656160306467,88.01656160306467,0.12215122488065921,0.012215122488065921,-0.11491059706166817,-0.011491059706166817,5.752899846097435,-14.511048879796395,0.7640565958877616,0.08025265471178315,0.9737205967543858,0.04576628614347167,0.011576273937266346,-0.013969956824772211,77.32722627171714,62.21516211949179,-15.11206415222535,0.0,0.0
2026-08-14T10:19:00Z,cam_01,zone_A,event_benchmark_01,0.7554532290479739,0.9472456935633846,0.8998834088852153,109.8089870238234,49.95412246726088,0.27663596871439217,0.22130877497151374,0.4021812916191896,0.3144086301667908,60,57,MIXED_EXPLICIT,59.854864556562525,59.854864556562525,-0.13083039535261598,-0.013083039535261598,0.0511253528861455,0.00511253528861455,-9.818923960455294,18.342773086046858,0.7649285013195664,0.08010014756213042,0.9685539973649373,0.04728966985123807,-0.02529816202332752,0.016603594994781368,53.364005441005816,70.27089150244457,16.906886061438755,1.0,0.0
2026-08-14T10:19:10Z,cam_01,zone_A,event_benchmark_01,0.7820473175018829,0.8651797978813622,0.821920807987294,114.20318302094742,43.56828442810074,0.28461419525056486,0.2276913562004519,0.4128189270007532,0.323716561125659,62,58,MIXED_EXPLICIT,70.63489859284668,70.63489859284668,0.026594088453909093,0.0026594088453909094,-0.08206589568202238,-0.008206589568202239,4.394195997124015,-6.3858380391601415,0.7891320968964625,0.05530163295220626,0.9411637472827493,0.06073081851626825,0.01574244838065251,-0.01331912485681679,63.426440928738174,71.63989690369614,8.213455974957967,0.0,0.0
2026-08-14T10:19:20Z,cam_01,zone_A,event_benchmark_01,0.7670817410272303,0.8864952722298932,0.8421705086183985,111.79600431364507,60.873830027429065,0.2801245223081691,0.2240996178465353,0.40683269641089215,0.31847860935953054,61,57,MIXED_EXPLICIT,50.922174286216006,50.922174286216006,-0.014965576474652686,-0.0014965576474652686,0.021315474348530983,0.002131547434853098,-2.40717870730235,17.305545599328326,0.7909996622995215,0.05412172298443553,0.9212144084181573,0.058565444113814404,-0.004155966492856178,0.010338137003055336,49.40790904415407,66.34634157459664,16.93843253044257,1.0,1.0
2026-08-14T10:19:30Z,cam_01,zone_A,event_benchmark_01,0.7121793098639212,0.9574311788639138,0.9095596199207181,95.87784292537603,57.29599505580212,0.26365379295917635,0.21092303436734108,0.38487172394556846,0.2992627584523724,56,53,MIXED_EXPLICIT,38.581847869573906,38.581847869573906,-0.05490243116330906,-0.005490243116330906,0.0709359066340206,0.007093590663402061,-15.918161388269041,-3.5778349716269418,0.7806090443683196,0.06455156279878013,0.9104944566431585,0.039967811013981294,-0.003993685468865638,0.004962043228548962,41.70809371859826,52.42975558161308,10.721661863014816,1.0,1.0
2026-08-14T10:19:40Z,cam_01,zone_A,event_benchmark_01,0.8294985405408062,0.871825265567552,0.8282340022891744,115.21088509038852,42.50278384294629,0.29884956216224184,0.23907964972979348,0.43179941621632245,0.34032448918928215,66,62,MIXED_EXPLICIT,72.70810124744222,72.70810124744222,0.11731923067688499,0.011731923067688499,-0.0856059132963618,-0.00856059132963618,19.333042165012486,-14.79321121285583,0.7692520275963629,0.04256105573252882,0.9056354416212212,0.04347512122674391,0.017222166184019404,-0.01565418199303824,68.43234891759504,63.65775290159736,-4.774596015997673,0.0,0.0
2026-08-14T10:19:50Z,cam_01,zone_A,event_benchmark_01,0.811646353768247,0.9036636225897795,0.8584804414602905,110.67467613015819,43.235387911978485,0.2934939061304741,0.2347951249043793,0.42465854150729887,0.3340762238188864,64,60,MIXED_EXPLICIT,67.43928821817971,67.43928821817971,-0.017852186772559175,-0.0017852186772559175,0.03183835702222748,0.003183835702222748,-4.536208960230326,0.7326040690321918,0.7804906525404175,0.0453351752431079,0.8969190274265001,0.03692201336686932,-0.013517141744944417,0.011744427031858929,64.10208289717346,71.45465280160005,7.352569904426588,0.0,0.0
2026-08-14T10:20:00Z,cam_01,zone_A,event_benchmark_01,0.8152415301639053,0.9136875781465121,0.8680031992391865,116.09537950765498,48.67307696673204,0.29457245904917156,0.23565796723933727,0.42609661206556215,0.3353345355573668,65,61,MIXED_EXPLICIT,67.42230254092294,67.42230254092294,0.003595176395658317,0.0003595176395658317,0.010023955556732633,0.0010023955556732634,5.4207033774967925,5.437689054753555,0.7871294950728219,0.047973799089303215,0.9066205834795301,0.03261956826865326,0.0021447363168217493,-0.002181440146549485,61.429194636490394,65.97710864065057,4.547914004160177,0.0,0.0
2026-08-14T10:20:10Z,cam_01,zone_A,event_benchmark_01,0.7318085389389198,0.9873995143544845,0.9380295386367602,123.47097812813064,53.879692270811795,0.26954256168167595,0.21563404934534078,0.392723415575568,0.3061329886286219,58,55,MIXED_EXPLICIT,69.59128585731884,69.59128585731884,-0.08343299122498549,-0.008343299122498548,0.07371193620797234,0.007371193620797234,7.375598620475657,5.2066153040797545,0.7800748546551599,0.05388784089297718,0.9268014319044484,0.04566185289930621,-0.00870281676206438,0.006368798065123971,52.505031046256164,62.36658454492707,9.861553498670908,0.0,0.0
2026-08-14T10:20:20Z,cam_01,zone_A,event_benchmark_01,0.848953179851053,0.8871031531864135,0.8427479955270928,119.75366271545576,34.83079111579886,0.3046859539553159,0.24374876316425273,0.4395812719404212,0.34713361294786854,67,63,MIXED_EXPLICIT,84.9228715996569,84.9228715996569,0.11714464091213317,0.011714464091213317,-0.10029636116807095,-0.010029636116807095,-3.7173154126748784,-19.048901155012935,0.8074296286525863,0.044745385129274055,0.9127358267689484,0.044689442086544434,0.020057763213711867,-0.017400829737604328,74.3812890958698,56.51973669587284,-17.861552399996967,0.0,0.0
2026-08-14T10:20:30Z,cam_01,zone_A,event_benchmark_01,0.7102038688772637,0.9982027608649517,0.9482926228217041,105.2486610793191,36.864045295681294,0.26306116066317914,0.2104489285305433,0.3840815475509055,0.2985713541070423,56,53,MIXED_EXPLICIT,68.38461578363781,68.38461578363781,-0.13874931097378929,-0.013874931097378928,0.11109960767853821,0.01110996076785382,-14.505001636136654,2.0332541798824337,0.7835706943198778,0.059430980380531066,0.9380113258284283,0.05105206528254974,-0.025589395188592247,0.021139596884660918,59.824920966776624,67.37972860729667,7.554807640520046,0.0,0.0
2026-08-14T10:20:40Z,cam_01,zone_A,event_benchmark_01,0.8110694766121598,0.9165820347732101,0.8707529330345496,119.49456563885903,40.6684364399849,0.2933208429836479,0.23465667438691834,0.4244277906448639,0.3338743168142559,64,60,MIXED_EXPLICIT,78.82612919887413,78.82612919887413,0.10086560773489606,0.010086560773489605,-0.08162072609174165,-0.008162072609174165,14.245904559539923,3.804391144303608,0.7834553188886603,0.059363371561534366,0.9405950082651143,0.04917145056113771,0.023961491870868535,-0.019272033377027986,69.90549989777689,67.71624885377761,-2.1892510439992776,0.0,0.0
2026-08-14T10:20:50Z,cam_01,zone_A,event_benchmark_01,0.8926266882112953,0.7656506587555292,0.7273681258177527,123.82357449294969,45.061154151643414,0.31778800646338856,0.2542304051707109,0.45705067528451815,0.36241934087395333,71,67,MIXED_EXPLICIT,78.76242034130627,78.76242034130627,0.08155721159913554,0.008155721159913554,-0.15093137601768092,-0.015093137601768091,4.3290088540906595,4.392717711658513,0.7989323504981384,0.07714656772655544,0.9109876243869177,0.09376813948556258,-0.001930839613576052,-0.006931064992593927,75.91786495949287,68.94936641261381,-6.9684985468790615,0.0,0.0
2026-08-14T10:21:00Z,cam_01,zone_A,event_benchmark_01,0.7349013094694358,0.9120924446274008,0.8664878223960307,110.89257720981406,47.786341763149274,0.27047039284083074,0.2163763142726646,0.39396052378777435,0.30721545831430247,58,55,MIXED_EXPLICIT,63.10623544666479,63.10623544666479,-0.15772537874185955,-0.015772537874185956,0.14644178587187162,0.014644178587187162,-12.930997283135625,2.7251876115058593,0.7995509046042415,0.07648337521812022,0.8959262104415011,0.08396140285796208,-0.02392825903409951,0.029737316188955254,54.39486466953582,71.34398335770855,16.94911868817273,1.0,0.0
2026-08-14T10:21:10Z,cam_01,zone_A,event_benchmark_01,0.7573842463996878,0.9383650743741064,0.891446820655401,113.62499267805339,50.20117234692549,0.27721527391990636,0.2217722191359251,0.4029536985598752,0.3150844862398907,60,57,MIXED_EXPLICIT,63.4238203311279,63.4238203311279,0.02248293693025205,0.002248293693025205,0.026272629746705634,0.0026272629746705634,2.7324154682393242,2.414830583776215,0.7812371179139684,0.0725591053709263,0.9061785946790397,0.08572590419368725,0.01802083156721116,-0.0120169156125166,54.691051887742134,58.082367013971805,3.391315126229671,0.0,0.0
2026-08-14T10:21:20Z,cam_01,zone_A,event_benchmark_01,0.7918993570239007,0.8643756486436042,0.8211568662114239,123.63466638605976,38.163525217695444,0.2875698071071702,0.23005584568573614,0.4167597428095603,0.3271647749583652,63,59,MIXED_EXPLICIT,85.47114116836431,85.47114116836431,0.034515110624212864,0.0034515110624212864,-0.07398942573050227,-0.0073989425730502266,10.009673708006375,-12.037647129230045,0.7975762155432958,0.060812057616767626,0.8794131722347702,0.06908839001820276,0.0012032173693960813,-0.01002620554772079,70.24818610574337,56.006801420918876,-14.241384684824496,0.0,0.0
2026-08-14T10:21:30Z,cam_01,zone_A,event_benchmark_01,0.7629071769367212,0.9722521303377775,0.9236395238208885,105.37813197830812,33.1611371464212,0.2788721530810163,0.22309772246481308,0.4051628707746885,0.3170175119278524,61,57,MIXED_EXPLICIT,72.21699483188692,72.21699483188692,-0.02899218008717952,-0.002899218008717952,0.1078764816941733,0.01078764816941733,-18.256534407751644,-5.002388071274247,0.7879437556082082,0.061944285708946716,0.8905471913476836,0.08017253025888302,-0.006350729071139238,0.018186590742467555,66.34189611237451,69.27881036856904,2.9369142561945267,0.0,0.0
2026-08-14T10:21:40Z,cam_01,zone_A,event_benchmark_01,0.7116583460680634,1.049542533976347,0.9970654072775295,109.30082806950234,50.05690405514946,0.26349750382041903,0.21079800305633523,0.38466333842722544,0.2990804211238222,56,53,MIXED_EXPLICIT,59.243924014352885,59.243924014352885,-0.051248830868657724,-0.005124883086865773,0.07729040363856943,0.007729040363856942,3.9226960911942257,16.895766908728262,0.7517500871795618,0.03024655884012805,0.9473255663918472,0.06941180409921345,-0.0022256650781478206,-0.003058607805560387,49.15314129703466,53.58801367823226,4.4348723811976,0.0,0.0
2026-08-14T10:21:50Z,cam_01,zone_A,event_benchmark_01,0.7936764894579122,0.9847321989101184,0.9354955889646125,108.86221350672528,39.985488846015585,0.28810294683737364,0.23048235746989892,0.4174705957831649,0.32778677131026923,63,59,MIXED_EXPLICIT,68.8767246607097,68.8767246607097,0.08201814338984881,0.00820181433898488,-0.06481033506622846,-0.006481033506622847,-0.4386145627770617,-10.071415209133875,0.763505123177257,0.033325871435803005,0.9618535172483906,0.06777641680530967,0.013326697425850654,-0.014210073870479789,64.01910989871682,68.10942803283722,4.090318134120395,0.0,0.0
2026-08-14T10:22:00Z,cam_01,zone_A,event_benchmark_01,0.738136127158992,0.9464461801580943,0.8991238711501895,111.8284534044306,35.14483813487697,0.2714408381476976,0.2171526705181581,0.3952544508635968,0.30834764450564717,59,56,MIXED_EXPLICIT,76.68361526955363,76.68361526955363,-0.05554036229892023,-0.005554036229892023,-0.03828601875202409,-0.003828601875202409,2.9662398977053215,-4.840650711138615,0.7596554993291179,0.035264988428363356,0.9634697384051882,0.06716991315552924,-0.013755850568876904,0.002652431631420438,64.94789634947008,73.4908615742645,8.542965224794415,0.0,0.0
2026-08-14T10:22:10Z,cam_01,zone_A,event_benchmark_01,0.8158799453654527,0.9850083396232259,0.9357579226420646,110.67696307180574,44.407719822487856,0.2947639836096358,0.23581118688770863,0.4263519781461811,0.33555798087790845,65,61,MIXED_EXPLICIT,66.2692432493179,66.2692432493179,0.0777438182064607,0.0077743818206460705,0.03856215946513153,0.003856215946513153,-1.15149033262486,9.262881687610886,0.7644516169974284,0.041776147156662155,0.9875962766011126,0.03801648465942453,0.013328418050538093,0.007684817821715562,62.05145855238027,55.3019353344781,-6.749523217902166,0.0,0.0
2026-08-14T10:22:20Z,cam_01,zone_A,event_benchmark_01,0.7471240577276952,0.9591589382234884,0.9112009913123139,107.68309055019019,49.023397286539485,0.27413721731830853,0.21930977385464684,0.3988496230910781,0.3114934202046933,59,56,MIXED_EXPLICIT,58.6596932636507,58.6596932636507,-0.06875588763775753,-0.006875588763775753,-0.02584940139973746,-0.002584940139973746,-2.9938725216155575,4.615677464051629,0.7612949931556231,0.04251183226400644,0.9849776381782547,0.03974910526334396,-0.014649970584421823,-0.006441156086486899,52.53919206104636,65.61530579187327,13.076113730826911,1.0,0.0
2026-08-14T10:22:30Z,cam_01,zone_A,event_benchmark_01,0.8714327716086074,0.8602860384789336,0.8172717365549869,118.23917215749907,41.961058907221464,0.3114298314825822,0.24914386518606577,0.448573108643443,0.3550014700630126,69,65,MIXED_EXPLICIT,76.27811325027761,76.27811325027761,0.12430871388091225,0.012430871388091225,-0.09887289974455482,-0.009887289974455482,10.556081607308883,-7.062338379318021,0.793249878263732,0.05429084551486059,0.9471263390787721,0.0513218533509619,0.01930646015186698,-0.007302349834481736,73.74249682975739,64.67913617862051,-9.063360651136875,0.0,0.0
2026-08-14T10:22:40Z,cam_01,zone_A,event_benchmark_01,0.7555599126168455,0.9159939192528456,0.8701942232902032,115.3238766060712,42.59955981675064,0.27666797378505364,0.22133437902804293,0.4022239650467382,0.3144459694158959,60,57,MIXED_EXPLICIT,72.72431678932055,72.72431678932055,-0.11587285899176192,-0.011587285899176191,0.05570788077391198,0.005570788077391198,-2.9152955514278744,0.6385009095291778,0.7856265628955186,0.0568325620885819,0.9333786831473176,0.047816752237121916,-0.024018157287267416,0.01545807805184668,62.01529287768754,71.50163282056414,9.486339942876597,0.0,0.0
2026-08-14T10:22:50Z,cam_01,zone_A,event_benchmark_01,0.7793516848615256,0.9172655047586781,0.8714022295207441,116.94040700863412,43.61615514203996,0.2838055054584577,0.22704440436676615,0.4117406739446102,0.32277308970153396,62,58,MIXED_EXPLICIT,73.32425186659417,73.32425186659417,0.0237917722446801,0.00237917722446801,0.0012715855058325065,0.00012715855058325064,1.6165304025629297,1.016595325289316,0.7938696744360253,0.050901985773543934,0.9275425480674343,0.04760341336062333,0.013966463123644201,-0.005443629526807947,63.34768944281587,71.30629548403157,7.958606041215695,0.0,0.0
2026-08-14T10:23:00Z,cam_01,zone_A,event_benchmark_01,0.8368083821145186,0.8785061298042274,0.834580823314016,110.71608368692957,41.41091854570572,0.30104251463435555,0.24083401170748445,0.43472335284580743,0.3428829337400815,66,62,MIXED_EXPLICIT,69.30516514122385,69.30516514122385,0.05745669725299296,0.0057456697252992964,-0.0387593749544507,-0.00387593749544507,-6.22432332170456,-2.205236596334238,0.7980553617858385,0.053934518910714026,0.9062421061036346,0.038399377703336846,0.003366492500831286,-0.00400309604602832,68.31627494203609,59.578229375214015,-8.738045566822073,0.0,0.0
2026-08-14T10:23:10Z,cam_01,zone_A,event_benchmark_01,0.7352125686865246,0.9673932699068595,0.9190236064115165,109.09167604992122,38.55551306656867,0.2705637706059574,0.21645101648476592,0.39408502747460983,0.3073243990402836,58,55,MIXED_EXPLICIT,70.53616298335254,70.53616298335254,-0.10159581342799395,-0.010159581342799396,0.0888871401026321,0.00888871401026321,-1.6244076370083462,-2.8554054791370476,0.7956730639776044,0.05692664472315489,0.9078889724403088,0.04130303167216596,-0.015905251068098692,0.01276465150570828,61.674411524647844,59.989663102073,-1.6847484225748417,0.0,0.0
2026-08-14T10:23:20Z,cam_01,zone_A,event_benchmark_01,0.8086974787266831,0.9228102118164834,0.8766697012256591,111.14789902438878,40.25264704051418,0.2926092436180049,0.23408739489440392,0.42347899149067325,0.33304411755433905,64,60,MIXED_EXPLICIT,70.8952519838746,70.8952519838746,0.07348491004015845,0.0073484910040158445,-0.044583058090376104,-0.00445830580903761,2.056222974467559,1.6971339739455047,0.7831260054012195,0.04063720648116049,0.9203938071078188,0.03161689150489408,0.01750807234681524,-0.01334701981930082,66.7888996155883,52.46587762093619,-14.323021994652116,0.0,0.0
2026-08-14T10:23:30Z,cam_01,zone_A,event_benchmark_01,0.8631956889567617,0.8822348876336137,0.8381231432519329,112.76313056316425,45.342485745933836,0.30895870668702846,0.2471669653496228,0.4452782755827047,0.35211849113486654,69,65,MIXED_EXPLICIT,67.42064481723042,67.42064481723042,0.054498210230078614,0.005449821023007862,-0.04057532418286969,-0.004057532418286968,1.6152315387754754,5.089838705419659,0.8046531606692027,0.049849029293454396,0.9136420007839725,0.03608088480365289,-0.0018986699810079831,0.0004007733907506417,67.41508316817038,55.261458680526616,-12.153624487643768,0.0,0.0
2026-08-14T10:23:40Z,cam_01,zone_A,event_benchmark_01,0.7179237740510935,0.9910926440566613,0.9415380118538282,106.34881667196562,47.24991722586063,0.26537713221532805,0.21230170577226246,0.3871695096204374,0.3012733209178827,57,54,MIXED_EXPLICIT,59.098899446104994,59.098899446104994,-0.14527191490566815,-0.014527191490566815,0.10885775642304762,0.010885775642304762,-6.414313891198631,1.9074314799267924,0.7923675785071163,0.0633775336097081,0.9284074286435692,0.050256104245583036,-0.019977012513574678,0.014943308060591732,50.80973475949581,65.56663564885781,14.756900889362,1.0,0.0
2026-08-14T10:23:50Z,cam_01,zone_A,event_benchmark_01,0.807934278071879,0.9747717468961896,0.9260331595513801,113.09232830347122,44.68161346839652,0.2923802834215637,0.23390422673725098,0.4231737112287516,0.33277699732515764,64,60,MIXED_EXPLICIT,68.4107148350747,68.4107148350747,0.09001050402078548,0.009001050402078548,-0.016320897160471692,-0.0016320897160471692,6.743511631505598,-2.5683037574641077,0.7865927576985884,0.05951353081235714,0.9476605520619614,0.04446571890268184,0.023528241892645362,-0.012517865358351931,62.21516211949179,68.88756672132523,6.672404601833442,0.0,0.0
2026-08-14T10:24:00Z,cam_01,zone_A,event_benchmark_01,0.812046594604976,0.9602497500090805,0.9122372625086265,127.09731000012569,38.78332569863358,0.2936139783814928,0.23489118270519424,0.42481863784199037,0.3342163081117416,64,60,MIXED_EXPLICIT,88.3139843014921,88.3139843014921,0.00411231653309696,0.000411231653309696,-0.01452199688710909,-0.001452199688710909,14.004981696654468,-5.898287769762938,0.8019595628822787,0.052427859677817726,0.9462318480824058,0.04378270893351814,-0.008589818748768852,0.00017989002733626025,70.27089150244457,68.62434525898004,-1.6465462434645275,0.0,0.0
2026-08-14T10:24:10Z,cam_01,zone_A,event_benchmark_01,0.8384386501787086,0.8226919114702796,0.7815573158967656,119.23989114110017,42.3237111857475,0.30153159505361254,0.24122527604289004,0.4353754600714834,0.343453527562548,67,63,MIXED_EXPLICIT,76.91617995535267,76.91617995535267,0.026392055573732587,0.0026392055573732586,-0.13755783853880088,-0.013755783853880089,-7.857418859025515,3.540385487113916,0.8079077971726838,0.0550071330051257,0.926208188013165,0.07137315757016291,0.0022279739040635626,-0.01230358416516918,71.63989690369614,62.75741859987674,-8.882478303819397,0.0,0.0
2026-08-14T10:24:20Z,cam_01,zone_A,event_benchmark_01,0.7377401722834873,0.8296598398848098,0.7881768478905693,102.1311262789078,34.35987132211598,0.2713220516850462,0.21705764134803696,0.395096068913395,0.3082090602992205,59,56,MIXED_EXPLICIT,67.77125495679182,67.77125495679182,-0.10069847789522124,-0.010069847789522125,0.0069679284145302,0.00069679284145302,-17.108764862192373,-7.96383986363152,0.7828166938380289,0.05201457968129119,0.9156931784634044,0.08247971832066849,-0.012709053346895382,0.014452576695333109,66.34634157459664,68.97032105851699,2.623979483920351,0.0,0.0
2026-08-14T10:24:30Z,cam_01,zone_A,event_benchmark_01,0.7337502015662579,1.0064658746222088,0.9561425808910984,105.87614610444592,46.21737928810179,0.2701250604698774,0.2161000483759019,0.3935000806265032,0.3068125705481902,58,55,MIXED_EXPLICIT,59.658766816344134,59.658766816344134,-0.003989970717229396,-0.00039899707172293966,0.17680603473739898,0.017680603473739898,3.7450198255381224,11.85750796598581,0.7859819793410618,0.04735081958501133,0.9187678245765138,0.08619592717990343,0.009670850717799185,0.016983810632286878,52.42975558161308,73.82536772640755,21.39561214479447,1.0,0.0
2026-08-14T10:24:40Z,cam_01,zone_A,event_benchmark_01,0.826000537693107,0.8360557424633647,0.7942529553401964,121.18695949259555,50.6242777852057,0.2978001613079321,0.23824012904634567,0.4304002150772428,0.3391001881925874,66,62,MIXED_EXPLICIT,70.56268170738986,70.56268170738986,0.09225033612684908,0.009225033612684907,-0.17041013215884415,-0.017041013215884415,15.310813388149626,4.40689849710391,0.7895952312653074,0.050056728087136015,0.8910246236899487,0.08598746229066699,0.009624030684407847,-0.03472161668962431,63.65775290159736,67.49833507825531,3.8405821766579464,0.0,0.0
2026-08-14T10:24:50Z,cam_01,zone_A,event_benchmark_01,0.8148282087377433,0.8998648046627198,0.8548715644295838,125.62847056336909,36.332775165034604,0.29444846262132296,0.2355587700970584,0.42593128349509735,0.33518987305821013,65,61,MIXED_EXPLICIT,89.29569539833449,89.29569539833449,-0.011172328955363686,-0.0011172328955363687,0.06380906219935512,0.006380906219935511,4.441511070773544,-14.291502620171094,0.7901515540918608,0.05038302310311435,0.8789476346206765,0.07767260946690048,-0.010342266508221277,0.023421919435819928,71.45465280160005,78.84242162045959,7.387768818859541,0.0,0.0
2026-08-14T10:25:00Z,cam_01,zone_A,event_benchmark_01,0.8125242134342681,0.853979820636471,0.8112808296046474,107.07202051355165,40.81987736472586,0.2937572640302804,0.23500581122422434,0.4250096853737072,0.3343834747019938,65,61,MIXED_EXPLICIT,66.25214314882578,66.25214314882578,-0.002303995303475248,-0.0002303995303475248,-0.04588498402624874,-0.004588498402624874,-18.556450049817443,4.4871021996912575,0.7849686667429727,0.045244824840058734,0.8852052164539149,0.0731352099565728,0.0008868333651888439,-0.010969404622560385,65.97710864065057,65.19778984233473,-0.7793187983158418,0.0,0.0
2026-08-14T10:25:10Z,cam_01,zone_A,event_benchmark_01,0.8172876551474472,0.8195283850325307,0.7785519657809041,105.98339048610055,45.2997807906017,0.2951862965442341,0.2361490372353873,0.4269150620589789,0.3360506793016065,65,61,MIXED_EXPLICIT,60.683609695498845,60.683609695498845,0.004763441713179106,0.0004763441713179106,-0.03445143560394037,-0.003445143560394037,-1.088630027451103,4.47990342587584,0.8008781633157647,0.03787084173810716,0.883178925483459,0.07517091158392393,0.0007067437016654354,0.001143354842230837,62.36658454492707,56.94638068048114,-5.420203864445931,0.0,0.0
2026-08-14T10:25:20Z,cam_01,zone_A,event_benchmark_01,0.7658747640345724,0.9675482779894959,0.9191708640900211,120.62480699962471,50.94671789144597,0.2797624292103717,0.22380994336829738,0.406349905613829,0.3180561674121003,61,57,MIXED_EXPLICIT,69.67808910817874,69.67808910817874,-0.051412891112874726,-0.005141289111287473,0.14801989295696527,0.014801989295696528,14.641416513524163,5.646937100844269,0.8073030758094276,0.023714340733247755,0.8753954061569165,0.05962018060658321,-0.005617633282605383,0.018247132856090566,56.51973669587284,57.12393941307128,0.6042027171984401,0.0,0.0
2026-08-14T10:25:30Z,cam_01,zone_A,event_benchmark_01,0.8113445319007238,0.9511510388746981,0.9035934869309632,116.85563343891242,41.53198628048478,0.2934033595702171,0.2347226876561737,0.42453781276028957,0.33397058616525327,64,60,MIXED_EXPLICIT,75.32364715842763,75.32364715842763,0.04546976786615131,0.004546976786615131,-0.016397239114797846,-0.0016397239114797845,-3.7691735607122894,-9.41473161096119,0.8043718746509508,0.021640577689488943,0.8984144654391832,0.06276978779634636,0.009688265897902604,-0.01644171320717631,67.37972860729667,69.97111716345783,2.5913885561611636,0.0,0.0
2026-08-14T10:25:40Z,cam_01,zone_A,event_benchmark_01,0.8141864249594498,0.8826626249879941,0.8385294937385943,110.79345033737415,40.255019854481525,0.2942559274878349,0.23540474199026795,0.42567456998377995,0.3349652487358074,65,61,MIXED_EXPLICIT,70.53843048289264,70.53843048289264,0.002841893058726064,0.0002841893058726064,-0.06848841388670401,-0.006848841388670401,-6.062183101538267,-1.2769664260032556,0.8042435178952922,0.02156482383929352,0.894974029504238,0.06314075355231656,-0.0042627874807425244,-0.005209117477190617,67.71624885377761,57.1111558169917,-10.605093036785917,0.0,0.0
2026-08-14T10:25:50Z,cam_01,zone_A,event_benchmark_01,0.7635613138317392,0.812311097093711,0.7716955422390254,113.75805053715132,34.884158011284796,0.2790683941495217,0.22325471531961738,0.4054245255326957,0.31724645984110866,61,57,MIXED_EXPLICIT,78.87389252586652,78.87389252586652,-0.05062511112771062,-0.005062511112771062,-0.07035152789428312,-0.007035152789428312,2.9646001997771663,-5.370861843196728,0.7944509379747865,0.027235845912330577,0.8866402847956859,0.07202846271838345,-0.005346700418643669,-0.0001863114007579103,68.94936641261381,65.05341947944416,-3.895946933169654,0.0,0.0
2026-08-14T10:26:00Z,cam_01,zone_A,event_benchmark_01,0.892258850806815,0.8373324671032868,0.7954658437481225,108.20196936946081,42.67201363040423,0.3176776552420445,0.25414212419363563,0.45690354032272606,0.3622905977823852,71,67,MIXED_EXPLICIT,65.52995573905659,65.52995573905659,0.1286975369750758,0.01286975369750758,0.025021370009575827,0.0025021370009575827,-5.5560811676905075,7.7878556191194335,0.80944517710666,0.05217255345451173,0.8902011012098372,0.06822069791196954,0.017932264810278643,0.009537289790385895,71.34398335770855,57.104695955640025,-14.239287402068527,0.0,0.0
2026-08-14T10:26:10Z,cam_01,zone_A,event_benchmark_01,0.8222982028051222,0.926211278587054,0.8799007146577013,115.80073375739558,53.76441614461628,0.29668946084153663,0.23735156867322932,0.4289192811220489,0.3378043709817927,65,61,MIXED_EXPLICIT,62.0363176127793,62.0363176127793,-0.06996064800169277,-0.006996064800169277,0.0888788114837672,0.00888788114837672,7.598764387934764,11.092402514212047,0.82072986486077,0.046146505343443465,0.8819337013293488,0.058285187031998545,-0.01986581849767686,0.006385744147419136,58.082367013971805,61.06183660678329,2.9794695928114834,0.0,0.0
2026-08-14T10:26:20Z,cam_01,zone_A,event_benchmark_01,0.7386230443387056,0.8828805949580701,0.8387365652101666,110.72894941131187,46.614331423049265,0.27158691330161167,0.21726953064128934,0.39544921773548225,0.30851806551854694,59,56,MIXED_EXPLICIT,64.11461798826261,64.11461798826261,-0.0836751584664166,-0.00836751584664166,-0.043330683628983846,-0.004333068362898385,-5.071784346083703,-7.150084721567012,0.8061855673483663,0.059400678389381026,0.8682796125460233,0.044346189795694074,-0.001371451046472383,-0.013220949511275105,56.006801420918876,50.718432805295116,-5.28836861562376,0.0,0.0
2026-08-14T10:26:30Z,cam_01,zone_A,event_benchmark_01,0.8305428389511663,0.9108422926182579,0.8653001779873449,121.06477781378246,43.27774832505811,0.2991628516853499,0.23933028134827994,0.4322171355804666,0.3406899936329082,66,62,MIXED_EXPLICIT,77.78702948872434,77.78702948872434,0.09191979461246069,0.009191979461246069,0.027961697660187745,0.0027961697660187747,10.335828402470582,-3.336583097991152,0.8094568501467096,0.06039354037097177,0.873915546072076,0.04824994858043358,0.01755949530788773,0.0071292381289171595,69.27881036856904,44.57102111509565,-24.707789253473393,0.0,0.0
2026-08-14T10:26:40Z,cam_01,zone_A,event_benchmark_01,0.7484533431730794,0.9501625016375025,0.9026543765556273,104.80678769238366,46.64134469037334,0.2745360029519238,0.21962880236153906,0.39938133726923175,0.31195867011057776,59,56,MIXED_EXPLICIT,58.16544300201033,58.16544300201033,-0.08208949577808689,-0.008208949577808688,0.0393202090192446,0.00393202090192446,-16.25799012139879,3.3635963653152245,0.8064352560149777,0.06355882379363065,0.9014858269808343,0.04338812713227753,-0.01740092903905476,0.0011358511359056856,53.58801367823226,54.18950270273467,0.6014890245024134,0.0,0.0
2026-08-14T10:26:50Z,cam_01,zone_A,event_benchmark_01,0.8359593118491881,0.9273889878705415,0.8810195384770143,117.30518075495185,43.22535374327323,0.30078779355475643,0.24063023484380516,0.43438372473967524,0.34258575914721584,66,62,MIXED_EXPLICIT,74.07982701167862,74.07982701167862,0.08750596867610871,0.008750596867610871,-0.022773513766961018,-0.0022773513766961018,12.498393062568184,-3.4159909471001058,0.7951753482234524,0.04751565310678916,0.9194971311342852,0.024816340776522346,0.01695954644541956,-0.006209372278620562,68.10942803283722,64.74299860390096,-3.3664294289362573,0.0,0.0
2026-08-14T10:27:00Z,cam_01,zone_A,event_benchmark_01,0.8538979663699661,0.893640238598728,0.8489582266687915,113.68471417929935,38.85696881130003,0.3061693899109898,0.24493551192879184,0.4415591865479864,0.3488642882294881,68,64,MIXED_EXPLICIT,74.82774536799931,74.82774536799931,0.01793865452077792,0.0017938654520777918,-0.03374874927181348,-0.003374874927181348,-3.6204665756525003,-4.368384931973203,0.8014953009364211,0.05372135699726641,0.91298292313662,0.026808243436206265,-0.006956731415533079,-0.0010975235504852466,73.4908615742645,56.40278162148678,-17.08807995277772,0.0,0.0
2026-08-14T10:27:10Z,cam_01,zone_A,event_benchmark_01,0.7542426979986305,0.8988009341567438,0.8538608874489065,111.61633461826203,49.03154561841591,0.27627280939958915,0.22101824751967133,0.4016970791994522,0.3139849442995207,60,57,MIXED_EXPLICIT,62.58478899984612,62.58478899984612,-0.09965526837133554,-0.009965526837133554,0.005160695558015793,0.0005160695558015793,-2.068379561037318,10.174576807115884,0.804619231668406,0.04943437546163427,0.9161669909763548,0.023016379353384492,-0.011759392289211346,0.0038909444829829274,55.3019353344781,50.046889528091434,-5.2550458063866685,0.0,0.0
2026-08-14T10:27:20Z,cam_01,zone_A,event_benchmark_01,0.8426998435575567,0.9542086689486905,0.906498235501256,112.9392558727894,44.27481074440764,0.302809953067267,0.2422479624538136,0.43707993742302265,0.3449449452451448,67,63,MIXED_EXPLICIT,68.66444512838177,68.66444512838177,0.08845714555892614,0.008845714555892614,0.05540773479194672,0.0055407734791946715,1.3229212545273725,-4.7567348740082736,0.8070506325896842,0.05129222880765836,0.9248402662424413,0.028114512290342186,0.018811241393026167,0.005024703923393092,65.61530579187327,59.419904541916694,-6.195401249956575,0.0,0.0
2026-08-14T10:27:30Z,cam_01,zone_A,event_benchmark_01,0.8143699852231008,0.9034515302147909,0.8582789537040513,113.10909462204695,43.80066655520627,0.29431099556693024,0.23544879645354422,0.42574799408924036,0.33502949482808525,65,61,MIXED_EXPLICIT,69.30842806684069,69.30842806684069,-0.028329858334455893,-0.002832985833445589,-0.05075713873389964,-0.0050757138733899644,0.1698387492575506,-0.47414418920136825,0.8202339609996884,0.03960587330307734,0.9154980719578989,0.025207055850010502,-0.011678700389338204,-0.010616487352584636,64.67913617862051,55.90278409768648,-8.776352080934032,0.0,0.0
2026-08-14T10:27:40Z,cam_01,zone_A,event_benchmark_01,0.8339796151449471,0.8982470039375351,0.8533346537406583,111.73929223764462,38.44357756070981,0.3001938845434841,0.2401551076347873,0.43359184605797885,0.3418928653007315,66,62,MIXED_EXPLICIT,73.29571467693481,73.29571467693481,0.01960962992184634,0.001960962992184634,-0.005204526277255761,-0.0005204526277255761,-1.369802384402334,-5.357088994496458,0.8198380216588402,0.03941881945572033,0.9096696751712976,0.025139297323083582,0.004793948825630223,0.004555261245664388,71.50163282056414,51.09091954823259,-20.41071327233155,0.0,0.0
2026-08-14T10:27:50Z,cam_01,zone_A,event_benchmark_01,0.886807784878319,0.8212519311193487,0.7801893345633812,124.2003039993838,48.78138396210741,0.3160423354634957,0.2528338683707966,0.4547231139513276,0.3603827247074116,70,66,MIXED_EXPLICIT,75.4189200372764,75.4189200372764,0.0528281697333719,0.00528281697333719,-0.0769950728181864,-0.007699507281818641,12.461011761739186,10.3378064013976,0.8264199853605108,0.04827947656672636,0.8951920136754218,0.04754124076538641,0.003321853981152556,-0.007179054654093064,71.30629548403157,56.84229088759409,-14.464004596437476,0.0,0.0
2026-08-14T10:28:00Z,cam_01,zone_A,event_benchmark_01,0.7787362186677025,0.910594156239803,0.8650644484278128,116.59115307669953,47.7487893533115,0.28362086560031075,0.2268966924802486,0.41149448746708106,0.3225576765336958,62,58,MIXED_EXPLICIT,68.84236372338802,68.84236372338802,-0.10807156621061653,-0.010807156621061654,0.08934222512045431,0.00893422251204543,-7.609150922684279,-1.032594608795911,0.8313186894943252,0.039584800474329294,0.8975506580920337,0.048054822768278646,-0.016089973594398843,0.01663372979386407,59.578229375214015,62.12017602229866,2.541946647084643,0.0,0.0
2026-08-14T10:28:10Z,cam_01,zone_A,event_benchmark_01,0.7523023708203649,0.904378441806436,0.8591595197161142,109.01108681584212,42.189348396756195,0.27569071124610944,0.22055256899688758,0.40092094832814595,0.3133058297871277,60,57,MIXED_EXPLICIT,66.82173841908593,66.82173841908593,-0.0264338478473376,-0.00264338478473376,-0.006215714433366992,-0.0006215714433366992,-7.580066260857407,-5.5594409565553065,0.8132391949468868,0.051835154692277334,0.8875846126635828,0.03733946335303518,0.008163771836327893,-0.009555793955382131,59.989663102073,51.93009835926132,-8.05956474281168,0.0,0.0
2026-08-14T10:28:20Z,cam_01,zone_A,event_benchmark_01,0.7444431896262264,0.944686783228093,0.8974524440666882,109.74664514489824,50.12026047588516,0.2733329568878679,0.21866636551029434,0.3977772758504906,0.3105551163691792,59,56,MIXED_EXPLICIT,59.62638466901308,59.62638466901308,-0.007859181194138531,-0.0007859181194138532,0.04030834142165696,0.0040308341421656955,0.7355583290561185,7.930912079128966,0.799253835827512,0.06021045042355883,0.8958316632662431,0.045403115769619695,0.0018574666653199067,0.004652405585502395,52.46587762093619,60.953224113784756,8.487346492848566,0.0,0.0
2026-08-14T10:28:30Z,cam_01,zone_A,event_benchmark_01,0.7470044239901578,1.0373827696130224,0.9855136311323712,102.5173968460449,42.572057328270816,0.27410132719704733,0.21928106175763787,0.39880176959606317,0.3114515483965552,59,56,MIXED_EXPLICIT,59.94533951777409,59.94533951777409,0.0025612343639314084,0.00025612343639314084,0.09269598638492949,0.009269598638492948,-7.229248298853335,-7.548203147614345,0.7818587975965541,0.06023366557352923,0.9236588164013406,0.07811034064990335,0.001042041555806994,0.005238764496327253,55.261458680526616,65.98026861294314,10.71880993241652,1.0,0.0
2026-08-14T10:28:40Z,cam_01,zone_A,event_benchmark_01,0.782762298422289,0.8617475638000588,0.8186601856100558,111.12260063374919,40.434736568999035,0.28482868952668666,0.22786295162134934,0.4131049193689156,0.3239668044478011,62,58,MIXED_EXPLICIT,70.68786406475016,70.68786406475016,0.03575787443213119,0.0035757874432131185,-0.17563520581296366,-0.017563520581296364,8.605203787704284,-2.1373207592717804,0.761049700305348,0.01826069279623968,0.9317579429374826,0.06599764211324939,0.0033196640068199777,-0.026833119219789314,65.56663564885781,65.12254954785558,-0.44408610100222745,0.0,0.0
2026-08-14T10:28:50Z,cam_01,zone_A,event_benchmark_01,0.8024439761596195,0.8378555444103911,0.7959627671898716,113.94449500756083,40.15260488940618,0.29073319284788585,0.23258655427830868,0.42097759046384786,0.3308553916558668,64,60,MIXED_EXPLICIT,73.79189011815465,73.79189011815465,0.01968167773733054,0.001968167773733054,-0.023892019389667674,-0.0023892019389667673,2.821894373811645,-0.2821316795928581,0.7657912518037315,0.0256030915821366,0.9172102205716002,0.07863575603632257,-0.001607619669480065,0.015174318642329598,68.88756672132523,57.004258535814955,-11.883308185510273,0.0,0.0
2026-08-14T10:29:00Z,cam_01,zone_A,event_benchmark_01,0.7979365940013112,0.9947965599738936,0.9450567319751989,126.93889297525477,35.185925354533325,0.2893809782003934,0.2315047825603147,0.41917463760052454,0.3292778079004589,63,59,MIXED_EXPLICIT,91.75296762072145,91.75296762072145,-0.00450738215830826,-0.000450738215830826,0.15694101556350248,0.01569410155635025,12.994397967693942,-4.966679534872853,0.7749180964399207,0.02764484510719648,0.9352938442050919,0.0850797079311467,-0.00241890598956388,0.018083303495317015,68.62434525898004,47.587809541356954,-21.03653571762309,0.0,0.0
2026-08-14T10:29:10Z,cam_01,zone_A,event_benchmark_01,0.824123717268422,0.8950595857813534,0.8503066064922856,110.37006225260295,45.87523755672258,0.2972371151805266,0.23778969214442128,0.4296494869073688,0.3384433010439477,65,61,MIXED_EXPLICIT,64.49482469588037,64.49482469588037,0.026187123267110812,0.0026187123267110814,-0.09973697419254024,-0.009973697419254024,-16.568830722651825,10.689312202189257,0.79085420196836,0.028634008288880786,0.9253684047157439,0.08659131496393244,0.0030694505425419073,-0.025667798975604273,62.75741859987674,45.66286289476758,-17.094555705109165,0.0,0.0
2026-08-14T10:29:20Z,cam_01,zone_A,event_benchmark_01,0.7820241212747328,0.8973318903021644,0.8524652957870562,119.8828158957408,35.2037931828136,0.2846072363824198,0.22768578910593584,0.4128096485098931,0.32370844244615643,62,58,MIXED_EXPLICIT,84.6790227129272,84.6790227129272,-0.04209959599368929,-0.004209959599368929,0.0022723045208110637,0.00022723045208110636,9.512753643137856,-10.671444373908983,0.7978581414252749,0.017244688888818107,0.8973582288535724,0.05980844787048331,-0.00682867192608001,0.010200927871335131,68.97032105851699,55.72416888972125,-13.246152168795739,0.0,0.0
2026-08-14T10:29:30Z,cam_01,zone_A,event_benchmark_01,0.8526073262268665,0.9404308386336838,0.8934092967019995,123.19287996547837,36.80563431913385,0.30578219786805994,0.24462575829444796,0.4410429304907466,0.34841256417940325,68,64,MIXED_EXPLICIT,86.38724564634452,86.38724564634452,0.07058320495213377,0.007058320495213377,0.04309894833151939,0.00430989483315194,3.310064069737564,1.6018411363202532,0.8118271469861904,0.02731043920441493,0.9130948838202972,0.05843184159067864,0.011268280094582306,0.004082664381070833,73.82536772640755,60.479656688617354,-13.345711037790196,0.0,0.0
2026-08-14T10:29:40Z,cam_01,zone_A,event_benchmark_01,0.7652016587688985,0.9105982277518176,0.8650683163642268,112.61931472396255,34.31802677922937,0.27956049763066954,0.22364839810453563,0.40608066350755945,0.31782058056911444,61,57,MIXED_EXPLICIT,78.30128794473318,78.30128794473318,-0.08740566745796807,-0.008740566745796808,-0.029832610881866173,-0.0029832610881866174,-10.573565241515823,-2.487607539904481,0.8043786835080462,0.03461190031609834,0.9276434204885826,0.041665621162583044,-0.015798887241010185,-0.007293155921338557,67.49833507825531,54.19434065100343,-13.30399442725188,0.0,0.0
2026-08-14T10:29:50Z,cam_01,zone_A,event_benchmark_01,0.912894283536119,0.9435639155556753,0.8963857197778915,131.82464510386518,41.31176586532315,0.3238682850608357,0.25909462804866856,0.46515771341444767,0.36951299923764164,73,69,MIXED_EXPLICIT,90.51287923854203,90.51287923854203,0.14769262476722056,0.014769262476722056,0.03296568780385767,0.003296568780385767,19.205330379902634,6.9937390860937825,0.8273702214150077,0.058913104292614496,0.917396891604939,0.02325433936433473,0.023509829222518864,0.006279829868572384,78.84242162045959,75.82348843571457,-3.0189331847450234,0.0,0.0
2026-08-14T10:30:00Z,cam_01,zone_A,event_benchmark_01,0.8065681341978682,0.9499554130482425,0.9024576423958304,116.38597809886376,43.117035014683275,0.2919704402593605,0.2335763522074884,0.42262725367914733,0.3322988469692538,64,60,MIXED_EXPLICIT,73.26894308418048,73.26894308418048,-0.1063261493382508,-0.01063261493382508,0.0063914974925671775,0.0006391497492567177,-15.43866700500142,1.8052691493601216,0.8238591048008971,0.059673199121540586,0.9283760570583167,0.0230295946226858,-0.025401877410547134,-0.0026574190311290493,65.19778984233473,60.01000844245156,-5.187781399883171,0.0,0.0
2026-08-14T10:30:10Z,cam_01,zone_A,event_benchmark_01,0.730773623286004,0.9371402556211124,0.8902832428400567,110.40768584121997,43.7510464683481,0.2692320869858012,0.21538566958864097,0.3923094493144016,0.3057707681501014,58,55,MIXED_EXPLICIT,66.65663937287187,66.65663937287187,-0.07579451091186418,-0.007579451091186418,-0.01281515742713013,-0.001281515742713013,-5.978292257643787,0.6340114536648258,0.8136090052031513,0.07182092502711619,0.9363377301221064,0.015145780030522105,0.003053163842638662,-0.0019206654919697308,56.94638068048114,53.695217712327896,-3.2511629681532455,0.0,0.0
2026-08-14T10:30:20Z,cam_01,zone_A,event_benchmark_01,0.7183815847969388,1.0768364597851119,1.0229946367958562,107.20492351866737,40.41947983070834,0.26551447543908163,0.2124115803512653,0.3873526339187755,0.3014335546789286,57,54,MIXED_EXPLICIT,66.78544368795903,66.78544368795903,-0.012392038489065227,-0.0012392038489065227,0.13969620416399953,0.013969620416399953,-3.2027623225526014,-3.33156663763976,0.7867638569171657,0.07838536806871617,0.963618854352392,0.06503733430542227,0.006340247242279895,0.015251136159112966,57.12393941307128,59.595234690216024,2.4712952771447476,0.0,0.0
2026-08-14T10:30:30Z,cam_01,zone_A,event_benchmark_01,0.794292700667787,0.8931386334491609,0.8484817017767028,119.6612604655161,38.25297721946106,0.2882878102003361,0.2306302481602689,0.41771708026711485,0.3280024452337254,63,59,MIXED_EXPLICIT,81.40828324605503,81.40828324605503,0.0759111158708482,0.00759111158708482,-0.183697826335951,-0.0183697826335951,12.456336946848722,-2.1665026112472816,0.7925820652969435,0.07745895859188275,0.9601269354918607,0.06894694812141634,0.008830315435991342,-0.03233940304999505,69.97111716345783,52.95611015143615,-17.015007012021684,0.0,0.0
2026-08-14T10:30:40Z,cam_01,zone_A,event_benchmark_01,0.7571871654680558,0.9827924693196317,0.93365284585365,116.05731940649888,47.178106008371756,0.27715614964041674,0.2217249197123334,0.40287486618722235,0.3150155079138195,60,57,MIXED_EXPLICIT,68.87921339812712,68.87921339812712,-0.037105535199731254,-0.0037105535199731254,0.08965383587047082,0.008965383587047081,-3.6039410590172167,8.925128788910698,0.7614406416833308,0.038498015589798366,0.9679726462446518,0.06882285871939295,-0.011301665107057945,0.027335166220642183,57.1111558169917,54.98699287468404,-2.124162942307656,0.0,0.0
2026-08-14T10:30:50Z,cam_01,zone_A,event_benchmark_01,0.8022001075743398,0.9336445644757206,0.8869623362519345,111.04762216846612,41.20323818997077,0.2906600322723019,0.23252802581784154,0.4208800430297359,0.3307700376510189,64,60,MIXED_EXPLICIT,69.84438397849536,69.84438397849536,0.04501294210628404,0.004501294210628404,-0.04914790484391107,-0.0049147904843911076,-5.009697238032757,-5.974867818400988,0.7605670363586251,0.03724720246261238,0.9647104765301474,0.0702618873908316,0.008211847730601528,-0.013880174071438189,65.05341947944416,63.21962253410272,-1.8337969453414402,0.0,0.0
2026-08-14T10:31:00Z,cam_01,zone_A,event_benchmark_01,0.7882504998751685,0.9921367645448388,0.9425299263175968,106.46380401701964,45.81678161017735,0.2864751499625505,0.22918011997004042,0.4153001999500674,0.32588767495630894,63,59,MIXED_EXPLICIT,60.64702240684229,60.64702240684229,-0.013949607699171307,-0.0013949607699171307,0.05849220006911815,0.005849220006911815,-4.583818151446479,4.613543420206582,0.772062411676458,0.03452327036373504,0.9757097783148929,0.06916301806858166,-0.005896254980545535,0.010764010491302923,57.104695955640025,44.54379964868926,-12.560896306950767,0.0,0.0
2026-08-14T10:31:10Z,cam_01,zone_A,event_benchmark_01,0.7589846763951552,1.0226847539992494,0.9715505162992869,109.70387092463413,40.39406304147578,0.27769540291854655,0.22215632233483726,0.40359387055806206,0.3156446367383043,60,57,MIXED_EXPLICIT,69.30980788315836,69.30980788315836,-0.029265823480013275,-0.0029265823480013275,0.030547989454410618,0.003054798945441062,3.240066907614491,-5.422718568701569,0.7801830299961012,0.020779187680119573,0.9648794371577203,0.051302177002742574,-0.0015316215780841968,-0.002794421061470753,61.06183660678329,47.517927035360216,-13.543909571423072,0.0,0.0
2026-08-14T10:31:20Z,cam_01,zone_A,event_benchmark_01,0.7182731226798359,0.9706363338453867,0.9221045171531174,103.46165699239864,46.53985126025869,0.26548193680395077,0.21238554944316063,0.3873092490719344,0.30139559293794255,57,54,MIXED_EXPLICIT,56.92180573213995,56.92180573213995,-0.040711553715319315,-0.004071155371531932,-0.052048420153862685,-0.005204842015386268,-6.242213932235487,6.145788218782911,0.7649791143985111,0.032423205935465126,0.9803789772369654,0.03245332683356428,-0.001144573023530604,-0.00825964096082733,50.718432805295116,47.54545237404908,-3.172980431246039,0.0,0.0
2026-08-14T10:31:30Z,cam_01,zone_A,event_benchmark_01,0.6828065382289054,0.9526451835453476,0.9050129243680801,104.30690018523566,52.86025942200221,0.2548419614686716,0.2038735691749373,0.3731226152915622,0.28898228838011686,54,51,MIXED_EXPLICIT,51.446640763233454,51.446640763233454,-0.03546658445093054,-0.003546658445093054,-0.01799115030003917,-0.001799115030003917,0.8452431928370174,6.320408161743515,0.750102988950681,0.04947266769907183,0.9743495200821085,0.034620948466389107,0.0005244969264388777,0.003405726985382351,44.57102111509565,56.016322720546306,11.445301605450659,1.0,1.0
2026-08-14T10:31:40Z,cam_01,zone_A,event_benchmark_01,0.7341088737730548,0.9825332828831229,0.9334066187389667,114.91590057526508,48.24865152650282,0.27023266213191643,0.21618612970553316,0.393643549509222,0.30693810582056913,58,55,MIXED_EXPLICIT,66.66724904876227,66.66724904876227,0.051302335544149424,0.0051302335544149424,0.029888099337775365,0.0029888099337775365,10.609000390029422,-4.6116078954993895,0.7364847421904239,0.040014366558657324,0.984127263763589,0.026107946568099703,0.008676891999507996,0.004787924963781454,54.18950270273467,64.48387761705497,10.2943749143203,1.0,0.0
2026-08-14T10:31:50Z,cam_01,zone_A,event_benchmark_01,0.7970901462803736,0.8878601437441705,0.8434671365569619,111.48070342699593,41.99612798331013,0.28912704388411203,0.23130163510728963,0.41883605851214945,0.3289815511981307,63,59,MIXED_EXPLICIT,69.4845754436858,69.4845754436858,0.06298127250731878,0.006298127250731878,-0.09467313913895237,-0.009467313913895237,-3.435197148269154,-6.252523543192687,0.738252671471465,0.04296013149095032,0.9632719396034555,0.04938365888874121,0.001167893696316935,-0.012456123847672773,64.74299860390096,37.46608214936355,-27.276916454537407,0.0,0.0
2026-08-14T10:32:00Z,cam_01,zone_A,event_benchmark_01,0.7627605799816448,1.0430130143873442,0.9908623636679769,110.80672949197371,46.03078325214673,0.27882817399449344,0.22306253919559477,0.405104231992658,0.31696620299357564,61,57,MIXED_EXPLICIT,64.77594623982698,64.77594623982698,-0.03432956629872874,-0.0034329566298728744,0.15515287064317362,0.015515287064317363,-0.673973935022218,4.034655268836602,0.7390078521887629,0.0434461208069475,0.9673375916810745,0.055904140991829915,-0.009731083880604752,0.0249826009782126,56.40278162148678,50.990300048408784,-5.412481573077997,0.0,0.0
2026-08-14T10:32:10Z,cam_01,zone_A,event_benchmark_01,0.6875049843032807,0.9943237759721684,0.9446075871735599,105.29051241830443,45.046574441283326,0.2562514952909842,0.20500119623278734,0.37500199372131227,0.2906267445061482,55,52,MIXED_EXPLICIT,60.243937977021105,60.243937977021105,-0.07525559567836415,-0.007525559567836415,-0.048689238415175806,-0.00486892384151758,-5.5162170736692815,-0.9842088108634073,0.7328542245134517,0.048947784366293746,0.9720750801064307,0.05724125562031702,-0.004092602937963541,-0.02038421090583494,50.046889528091434,39.29481734492486,-10.752072183166575,0.0,0.0
2026-08-14T10:32:20Z,cam_01,zone_A,event_benchmark_01,0.7561375929320647,0.9280513666751558,0.881648798341398,114.7331618455916,44.91664906483235,0.27684127787961943,0.22147302230369556,0.40245503717282594,0.3146481575262226,60,57,MIXED_EXPLICIT,69.81651278075924,69.81651278075924,0.06863260862878406,0.006863260862878406,-0.06627240929701261,-0.006627240929701262,9.442649427287165,-0.12992537645097713,0.7475204354540838,0.04045181702711816,0.9671563167323924,0.06030306932117483,0.014388820430714822,-0.0017583170881836808,59.419904541916694,46.853265029880724,-12.56663951203597,0.0,0.0
2026-08-14T10:32:30Z,cam_01,zone_A,event_benchmark_01,0.7643818860746049,0.9506048836484824,0.9030746394660583,99.91610421604535,43.08430701776538,0.27931456582238146,0.22345165265790518,0.40575275442984193,0.31753366012611167,61,57,MIXED_EXPLICIT,56.83179719827997,56.83179719827997,0.00824429314254016,0.000824429314254016,0.022553516973326637,0.002255351697332664,-14.817057629546241,-1.832342047066966,0.7535750379143937,0.040207416849146416,0.9607706368854643,0.05995718262187369,-0.00603883154862439,0.008882592627033925,55.90278409768648,47.522779557128466,-8.380004540558012,0.0,0.0
2026-08-14T10:32:40Z,cam_01,zone_A,event_benchmark_01,0.6985117222851172,0.9135366521524448,0.8678598195448226,102.84743630898288,45.2080895248707,0.25955351668553517,0.20764281334842816,0.3794046889140469,0.294479102799791,55,52,MIXED_EXPLICIT,57.63934678411218,57.63934678411218,-0.06587016378948773,-0.006587016378948774,-0.03706823149603755,-0.0037068231496037553,2.9313320929375237,2.123782507105318,0.7338593531153424,0.037621165635957646,0.9659059385671191,0.05282685793858848,-0.0074114456932027895,-0.005962174846936419,51.09091954823259,52.77230515626404,1.681385608031448,0.0,0.0
2026-08-14T10:32:50Z,cam_01,zone_A,event_benchmark_01,0.7479307978388002,0.9026608193711873,0.8575277784026278,110.89088228850137,46.101850808594875,0.27437923935164005,0.21950339148131204,0.3991723191355201,0.3117757792435801,59,56,MIXED_EXPLICIT,64.7890314799065,64.7890314799065,0.04941907555368308,0.0049419075553683075,-0.010875832781257588,-0.0010875832781257588,8.043445979518495,0.8937612837241744,0.7308933966867734,0.03528508385203168,0.9378354995638878,0.03632287127295469,0.011528923934317082,0.0026192398714779963,56.84229088759409,38.479657878303335,-18.362633009290754,0.0,0.0
2026-08-14T10:33:00Z,cam_01,zone_A,event_benchmark_01,0.7406465685720673,1.015632754253981,0.9648511165412819,115.2521202678997,40.22027513064889,0.2721939705716202,0.21775517645729617,0.396258627428827,0.3092262990002235,59,56,MIXED_EXPLICIT,75.0318451372508,75.0318451372508,-0.007284229266732889,-0.0007284229266732889,0.11297193488279367,0.011297193488279367,4.361237979398325,-5.881575677945982,0.7415217135405309,0.02563158699107617,0.9420972952202502,0.04485553718522514,-0.005670330482041597,0.012384776766405125,62.12017602229866,35.93708221146207,-26.18309381083659,0.0,0.0
2026-08-14T10:33:10Z,cam_01,zone_A,event_benchmark_01,0.6780311250628135,0.960336611013742,0.9123197804630548,101.78297776749405,41.35998336379384,0.25340933751884404,0.20272747001507524,0.3712124500251254,0.2873108937719847,54,51,MIXED_EXPLICIT,60.42299440370021,60.42299440370021,-0.06261544350925385,-0.006261544350925385,-0.055296143240238904,-0.005529614324023891,-13.469142500405653,1.139708233144944,0.7259004199666805,0.03614284105110325,0.9485543440879673,0.044651410941371074,-0.005533121424252096,-0.01682680781230326,51.93009835926132,44.87705063352464,-7.053047725736683,0.0,0.0
2026-08-14T10:33:20Z,cam_01,zone_A,event_benchmark_01,0.7504647132887305,0.8973756228926646,0.8525068417480314,100.65441353288907,38.047992965069334,0.2751394139866192,0.22011153118929536,0.40018588531549226,0.31266264965105567,60,57,MIXED_EXPLICIT,62.60642056781973,62.60642056781973,0.07243358822591706,0.007243358822591706,-0.06296098812107742,-0.006296098812107742,-1.1285642346049798,-3.311990398724504,0.7231169854095058,0.032821728968425966,0.937908491936804,0.05005841574299976,0.013504903173517092,-0.0007664844880838518,60.953224113784756,40.56073856317258,-20.39248555061218,0.0,0.0
2026-08-14T10:33:30Z,cam_01,zone_A,event_benchmark_01,0.7579627609859293,0.9720549810348067,0.9234522319830664,113.73557810870503,36.83938925776286,0.27738882829577877,0.22191106263662302,0.4031851043943717,0.31528696634507525,60,57,MIXED_EXPLICIT,76.89618885094217,76.89618885094217,0.007498047697198751,0.000749804769719875,0.0746793581421421,0.00746793581421421,13.081164575815961,-1.208603707306473,0.7350071931496681,0.032446060899161154,0.9496121577132763,0.04977573989154906,-0.0064935540528718305,0.013764034626321952,65.98026861294314,46.688258629245965,-19.29200998369717,0.0,0.0
2026-08-14T10:33:40Z,cam_01,zone_A,event_benchmark_01,0.7813770615878978,0.9904589707804111,0.9409360222413905,109.33335298290368,38.286045307139645,0.2844131184763693,0.22753049478109544,0.41255082463515913,0.3234819715557642,62,58,MIXED_EXPLICIT,71.04730767576403,71.04730767576403,0.023414300601968474,0.0023414300601968473,0.01840398974560442,0.0018403989745604421,-4.402225125801351,1.4466560493767844,0.7416964458994877,0.0386341885528584,0.9671717879951212,0.04425163277907699,0.0015916252904769723,-0.005627536839653768,65.12254954785558,39.48252564914141,-25.640023898714176,0.0,0.0
2026-08-14T10:33:50Z,cam_01,zone_A,event_benchmark_01,0.7771686386314522,0.969646482354382,0.9211641582366629,106.22515779506438,45.25393976139161,0.2831505915894357,0.22652047327154856,0.41086745545258097,0.32200902352100824,62,58,MIXED_EXPLICIT,60.97121803367277,60.97121803367277,-0.004208422956445523,-0.00042084229564455234,-0.02081248842602912,-0.002081248842602912,-3.1081951878393,6.967894454251962,0.7490008599113647,0.041715716447994114,0.9579745336152012,0.03559332604310066,-0.0027622723558414,-0.003921647817163354,57.004258535814955,44.7517415193389,-12.252517016476055,0.0,0.0
2026-08-14T10:34:00Z,cam_01,zone_A,event_benchmark_01,0.6528024776997134,1.0581208976704626,1.0052148527869393,99.10247126741096,42.48001286854631,0.245840743309914,0.19667259464793121,0.3611209910798854,0.2784808671948997,52,49,MIXED_EXPLICIT,56.62245839886465,56.62245839886465,-0.1243661609317388,-0.01243661609317388,0.08847441531608058,0.008847441531608057,-7.122686527653414,-2.773926892845296,0.7439551304387446,0.05256170788033031,0.9775313909465453,0.05739969711527476,-0.012015773797529328,0.010928690374210969,47.587809541356954,61.71921531472956,14.131405773372606,1.0,1.0
2026-08-14T10:34:10Z,cam_01,zone_A,event_benchmark_01,0.671955784386948,0.9589867749393581,0.9110374361923902,102.8338359626766,49.12895663341652,0.2515867353160844,0.20126938825286753,0.3687823137547792,0.2851845245354318,53,50,MIXED_EXPLICIT,53.70487932926008,53.70487932926008,0.019153306687234584,0.0019153306687234584,-0.09913412273110445,-0.009913412273110444,3.73136469526564,6.648943764870211,0.7282533446583882,0.06115499431921553,0.9898536213558842,0.03980788155297675,0.014351946761897338,-0.0187608538047185,45.66286289476758,47.75435383969482,2.0914909449272443,0.0,1.0
2026-08-14T10:34:20Z,cam_01,zone_A,event_benchmark_01,0.7417138820834996,0.8838811374128079,0.8396870805421675,106.3133872439889,45.339291102092815,0.2725141646250499,0.21801133170003995,0.3966855528333999,0.30959985872922485,59,56,MIXED_EXPLICIT,60.974096141896084,60.974096141896084,0.06975809769655161,0.006975809769655161,-0.0751056375265502,-0.0075105637526550195,3.479551281312297,-3.789665531323706,0.7250035688779023,0.0595933401414655,0.9722188526314843,0.06264407424272996,0.005060479100931703,0.0024028485204554252,55.72416888972125,27.96726880597479,-27.75690008374646,0.0,0.0
2026-08-14T10:34:30Z,cam_01,zone_A,event_benchmark_01,0.7387208075559247,1.0318341980642194,0.9802424881610083,98.06983431897864,35.38306278169124,0.27161624226677744,0.21729299381342196,0.3954883230223699,0.3085522826445736,59,56,MIXED_EXPLICIT,62.6867715372874,62.6867715372874,-0.0029930745275749127,-0.0002993074527574913,0.14795306065141145,0.014795306065141145,-8.243552925010263,-9.956228320401578,0.7164723180715076,0.05208585583410204,0.9804938980882462,0.06814694741023748,-0.007275117222412653,0.022305869817796163,60.479656688617354,41.3887208351894,-19.09093585342795,0.0,0.0
2026-08-14T10:34:40Z,cam_01,zone_A,event_benchmark_01,0.735807916470309,0.9423812581757077,0.8952621952669223,113.34996430206037,48.55871959170227,0.2707423749410927,0.21659389995287417,0.3943231665881236,0.3075327707646081,58,55,MIXED_EXPLICIT,64.7912447103581,64.7912447103581,-0.0029128910856157653,-0.0002912891085615765,-0.08945293988851166,-0.008945293988851166,15.280129983081736,13.175656810011034,0.7082001736392789,0.04242471473171422,0.9750408532525112,0.07028914241977849,8.018344195914739e-06,-0.02374060005399231,54.19434065100343,38.090522902245546,-16.103817748757884,0.0,0.0
2026-08-14T10:34:50Z,cam_01,zone_A,event_benchmark_01,0.8996710865839795,0.8476556972268598,0.8052729123655168,128.34806213311197,46.06057149627896,0.31990132597519383,0.2559210607801551,0.45986843463359184,0.3648848803043928,71,67,MIXED_EXPLICIT,82.28749063683301,82.28749063683301,0.16386317011367058,0.016386317011367058,-0.09472556094884788,-0.009472556094884788,14.998097831051595,-2.4981480954233106,0.7575738954161322,0.08456182569316296,0.9329478131637906,0.07111226730331016,0.016677606119928634,-0.0005272621060336214,75.82348843571457,45.59641904430725,-30.22706939140732,0.0,0.0
2026-08-14T10:35:00Z,cam_01,zone_A,event_benchmark_01,0.7325133070754152,1.0269017228472037,0.9755566367048435,111.85867452273075,40.380420484317426,0.2697539921226246,0.21580319369809967,0.3930053228301661,0.3063796574763953,58,55,MIXED_EXPLICIT,71.47825403841333,71.47825403841333,-0.16715777950856436,-0.016715777950856436,0.17924602562034386,0.017924602562034386,-16.489387610381215,-5.680151011961534,0.7696853999538257,0.07274431060087772,0.9465308027453597,0.08284720850555853,-0.033102094962223494,0.027397158656919173,60.01000844245156,40.28931510209827,-19.720693340353286,0.0,0.0
2026-08-14T10:35:10Z,cam_01,zone_A,event_benchmark_01,0.7576369593854908,0.9732293248387385,0.9245678585968015,104.92252839871519,46.948218526765146,0.2772910878156472,0.22183287025251777,0.40305478375419634,0.3151729357849217,60,57,MIXED_EXPLICIT,57.97430987195004,57.97430987195004,0.025123652310075628,0.002512365231007563,-0.05367239800846524,-0.005367239800846524,-6.936146124015565,6.56779804244772,0.7728700154142238,0.07155240933957707,0.9644004402305459,0.07524269171335475,0.019228143181864,-0.02329184236288091,53.695217712327896,40.08341793756355,-13.611799774764343,0.0,0.0
2026-08-14T10:35:20Z,cam_01,zone_A,event_benchmark_01,0.7454046293601209,0.9755516109880077,0.9267740304386073,108.62491267907208,40.80941622575159,0.27362138880803627,0.21889711104642903,0.3981618517440484,0.3108916202760423,59,56,MIXED_EXPLICIT,67.81549645332049,67.81549645332049,-0.012232330025369942,-0.0012232330025369943,0.002322286149269215,0.0002322286149269215,3.7023842803568954,-6.1388023010135555,0.774206779775063,0.07081354649387915,0.9531439228153035,0.06631240761949682,-0.003735598233544557,0.005599468415773445,59.595234690216024,36.25443749785434,-23.340797192361684,0.0,0.0
2026-08-14T10:35:30Z,cam_01,zone_A,event_benchmark_01,0.7270762819968174,1.0720043480469637,1.0184041306446154,108.1334959835981,45.94682624380533,0.2681228845990452,0.21449830767923617,0.39083051279872694,0.30447669869888605,58,55,MIXED_EXPLICIT,62.18666973979276,62.18666973979276,-0.018328347363303465,-0.0018328347363303465,0.09645273705895596,0.009645273705895597,-0.4914166954739869,5.1374100180537425,0.7724604528803647,0.07209333585321084,0.9790685407895549,0.08402511271597497,-0.0006096017337933523,0.009413045090968675,52.95611015143615,47.02728304573479,-5.928827105701359,0.0,0.0
2026-08-14T10:35:40Z,cam_01,zone_A,event_benchmark_01,0.6755021011450235,0.9625228277939787,0.9143966864042797,107.03414003941144,40.167465942324704,0.25265063034350704,0.20212050427480566,0.3702008404580094,0.2864257354007582,54,51,MIXED_EXPLICIT,66.86667409708673,66.86667409708673,-0.05157418085179388,-0.005157418085179388,-0.10948152025298497,-0.010948152025298497,-1.0993559441866552,-5.779360301480629,0.7276266557925736,0.031455628014665206,1.0020419669029785,0.04638537457023192,-0.0033245833488490415,-0.020593425731194093,54.98699287468404,25.96482012116271,-29.022172753521332,0.0,0.0
2026-08-14T10:35:50Z,cam_01,zone_A,event_benchmark_01,0.725929890069068,1.010834072362621,0.9602923687444899,111.41609364911585,36.51586993594576,0.2677789670207204,0.21422317361657633,0.3903719560276272,0.3040754615241738,58,55,MIXED_EXPLICIT,74.90022371317009,74.90022371317009,0.050427788924044537,0.005042778892404454,0.04831124456864233,0.004831124456864233,4.381953609704411,-3.651596006378945,0.7263099723913041,0.031337507528728374,0.9988284368060618,0.04476067378422436,0.010200196977583842,0.015779276482162728,63.21962253410272,31.596334444529344,-31.623288089573375,0.0,0.0
2026-08-14T10:36:00Z,cam_01,zone_A,event_benchmark_01,0.6460134164500612,1.0152426063748174,0.9644804760560766,98.01020432211241,45.16564572293393,0.24380402493501835,0.19504321994801468,0.35840536658002453,0.2761046957575214,51,48,MIXED_EXPLICIT,52.844558599178484,52.844558599178484,-0.07991647361900689,-0.00799164736190069,0.00440853401219643,0.000440853401219643,-13.405889327003436,8.649775786988172,0.7039852638042181,0.04154019507312167,1.0072310931132775,0.04264727111580888,-0.013034426254305143,-0.00439027105564459,44.54379964868926,30.523925902587607,-14.019873746101652,0.0,0.0
2026-08-14T10:36:10Z,cam_01,zone_A,event_benchmark_01,0.6694447428622592,1.0117627682258072,0.9611746298145168,103.96555721104853,45.992460411380634,0.25083342285867777,0.20066673828694223,0.3677778971449037,0.2843056600017907,53,50,MIXED_EXPLICIT,57.9730967996679,57.9730967996679,0.023431326412198028,0.002343132641219803,-0.003479838149010206,-0.0003479838149010206,5.955352888936119,0.8268146884467029,0.6887932865046459,0.036145034580792525,1.0144733245608377,0.03882607321247287,0.010334780003120492,-0.0007888372161206636,47.517927035360216,31.94506607191186,-15.572860963448356,0.0,0.0
2026-08-14T10:36:20Z,cam_01,zone_A,event_benchmark_01,0.653606609785674,1.084259455449222,1.0300464826767608,104.57493080593012,44.9394693362135,0.24608198293570221,0.19686558634856177,0.3614426439142696,0.27876231342498586,52,49,MIXED_EXPLICIT,59.635461469716624,59.635461469716624,-0.015838133076585215,-0.0015838133076585214,0.07249668722341474,0.007249668722341474,0.609373594881589,-1.0529910751671352,0.6740993520624172,0.03130019978808413,1.0169243460412891,0.043474428443403754,-0.003926945948878324,0.007597652537242494,47.54545237404908,45.002893537340285,-2.5425588367087926,0.0,0.0
2026-08-14T10:36:30Z,cam_01,zone_A,event_benchmark_01,0.6785161007461318,1.0182821273668021,0.967368020998462,111.56039967042437,40.50952519396456,0.2535548302238395,0.20284386417907163,0.3714064402984527,0.2874806352611461,54,51,MIXED_EXPLICIT,71.05087447645981,71.05087447645981,0.024909490960457803,0.0024909490960457804,-0.06597732808241985,-0.006597732808241985,6.985468864494251,-4.429944142248935,0.6747021519826388,0.03136292856352535,1.0280762059558541,0.03154600687356265,0.004074762403704302,-0.013847401530583458,56.016322720546306,44.25961798699782,-11.756704733548489,0.0,0.0
2026-08-14T10:36:40Z,cam_01,zone_A,event_benchmark_01,0.7866618005576098,0.9549177236179157,0.9071718374370199,116.4554767437324,42.26726867819212,0.28599854016728293,0.22879883213382635,0.4146647202230439,0.3253316301951634,62,58,MIXED_EXPLICIT,74.1882080655403,74.1882080655403,0.10814569981147804,0.010814569981147803,-0.06336440374888641,-0.0063364403748886414,4.89507707330803,1.7577434842275537,0.6868485340803472,0.05724408685965912,1.0168929362069128,0.04585342668335503,0.008323620885102023,0.000261292433353344,64.48387761705497,28.948769794227914,-35.53510782282706,0.0,0.0
2026-08-14T10:36:50Z,cam_01,zone_A,event_benchmark_01,0.574031346632204,1.1092065588861675,1.053746230941859,99.8677911674539,49.86584683025959,0.2222094039896612,0.17776752319172898,0.32961253865288165,0.2509109713212714,45,42,MIXED_EXPLICIT,50.00194433719431,50.00194433719431,-0.2126304539254058,-0.02126304539254058,0.15428883526825177,0.015428883526825176,-16.587685576278503,7.598578152067475,0.6724521201167757,0.07604516618162249,1.035685726709183,0.06156984534600719,-0.03207761537368838,0.021765323901713818,37.46608214936355,39.49184630486155,2.0257641554979955,0.0,0.0
2026-08-14T10:37:00Z,cam_01,zone_A,event_benchmark_01,0.6981329936279587,0.9628725673460805,0.9147289389787765,106.26977262988349,45.81287497682814,0.2594398980883876,0.20755191847071008,0.37925319745118347,0.2943465477697855,55,52,MIXED_EXPLICIT,60.45689765305535,60.45689765305535,0.12410164699575466,0.012410164699575465,-0.14633399154008697,-0.014633399154008696,6.401981462429589,-4.052971853431451,0.6781897702699157,0.07683965284654405,1.0259076865332375,0.06966846723796995,0.033673210092116046,-0.030062282680833875,50.990300048408784,40.96230596316643,-10.027994085242355,0.0,0.0
2026-08-14T10:37:10Z,cam_01,zone_A,event_benchmark_01,0.579569604858519,1.0102977537179383,0.9597828660320413,103.41786411469904,49.321113055825684,0.22387088145755574,0.1790967051660446,0.33182784194340764,0.25284936170048167,46,43,MIXED_EXPLICIT,54.09675105887336,54.09675105887336,-0.11856338876943961,-0.011856338876943961,0.047425186371857775,0.0047425186371857775,-2.851908515184448,3.508238078997543,0.6633823692844846,0.08894188920999216,1.0111153461869808,0.06156187073064963,-0.024266503576519428,0.019375917791194474,39.29481734492486,44.41585969003233,5.121042345107469,0.0,0.0
2026-08-14T10:37:20Z,cam_01,zone_A,event_benchmark_01,0.6329546529401333,0.9679867485348681,0.9195874111081247,102.68518621500816,43.99033093892617,0.23988639588203997,0.191909116705632,0.3531818611760533,0.2715341285290466,50,47,MIXED_EXPLICIT,58.69485527608199,58.69485527608199,0.05338504808161426,0.005338504808161426,-0.04231100518307018,-0.004231100518307019,-0.7326778996908843,-5.330782116899513,0.654270079723285,0.08933684236320609,1.001056270420594,0.06415263803620604,0.017194843685105387,-0.008973619155492796,46.853265029880724,26.17178846569254,-20.681476564188184,0.0,0.0
2026-08-14T10:37:30Z,cam_01,zone_A,event_benchmark_01,0.7073054587800721,0.8772988952631566,0.8334339504999988,102.27899715153791,51.71248039797936,0.26219163763402165,0.20975331010721732,0.3829221835120289,0.29755691057302525,56,53,MIXED_EXPLICIT,50.566516753558545,50.566516753558545,0.0743508058399388,0.00743508058399388,-0.09068785327171147,-0.009068785327171147,-0.40618906347025074,7.722149459053192,0.6383988113677775,0.06314662204717264,0.9855325047496422,0.08432738251864105,0.0020965757758324545,-0.0048376848088641285,47.522779557128466,32.142632966609945,-15.380146590518521,0.0,0.0
2026-08-14T10:37:40Z,cam_01,zone_A,event_benchmark_01,0.6523398531687942,1.1114064445957397,1.0558361223659527,109.2040381041295,41.07233625385021,0.24570195595063826,0.19656156476051062,0.3609359412675177,0.27831894860907797,52,49,MIXED_EXPLICIT,68.13170185027928,68.13170185027928,-0.054965605611277946,-0.0054965605611277946,0.23410754933258304,0.023410754933258303,6.925040952591587,-10.640144144129152,0.6540605126750954,0.05190067724675695,0.9859724818915566,0.08513583108211337,-0.012931641145121676,0.03247954026042945,52.77230515626404,41.39671849134819,-11.37558666491585,0.0,0.0
2026-08-14T10:37:50Z,cam_01,zone_A,event_benchmark_01,0.5914681871273149,0.9899586694375268,0.9404607359656504,100.80697133288034,50.6084377428873,0.22744045613819447,0.18195236491055558,0.336587274850926,0.2570138654945602,47,44,MIXED_EXPLICIT,50.19853358999304,50.19853358999304,-0.06087166604147931,-0.006087166604147931,-0.12144777515821292,-0.012144777515821293,-8.397066771249158,9.536101489037087,0.6327275513749667,0.05117289479222112,0.9913897023098459,0.08415460651385959,-0.0005906060430201365,-0.035555532449079594,38.479657878303335,28.275390936449426,-10.20426694185391,0.0,0.0
2026-08-14T10:38:00Z,cam_01,zone_A,event_benchmark_01,0.6057818790576754,1.025468191386106,0.9741947818168005,96.24733021897161,53.7938178836463,0.2317345637173026,0.1853876509738421,0.3423127516230702,0.26202365767018637,48,45,MIXED_EXPLICIT,42.453512335325314,42.453512335325314,0.014313691930360584,0.0014313691930360583,0.03550952194857915,0.003550952194857915,-4.559641113908725,3.185380140759001,0.6379700062147979,0.04538046375013683,0.9944237898434795,0.085272785465046,0.00751853579718399,0.01569572971067921,35.93708221146207,35.93196222708424,-0.005119984377827791,0.0,0.0
2026-08-14T10:38:10Z,cam_01,zone_A,event_benchmark_01,0.6716810734781055,0.9831506909186907,0.9339931563727562,101.33702104125221,48.97091899418236,0.25150432204343165,0.20120345763474534,0.36867242939124223,0.2850883757173369,53,50,MIXED_EXPLICIT,52.36610204706985,52.36610204706985,0.06589919442043002,0.006589919442043002,-0.042317500467415226,-0.004231750046741522,5.089690822280602,-4.822898889463936,0.6457152903223925,0.047562803530528844,0.9974565783202438,0.08436226695087364,0.005158550249006943,-0.007782702241599437,44.87705063352464,35.891145843801056,-8.985904789723584,0.0,0.0
2026-08-14T10:38:20Z,cam_01,zone_A,event_benchmark_01,0.597299881417712,1.0569904060398279,1.0041408857378364,99.26686823912077,47.04138123632161,0.22918996442531359,0.18335197154025087,0.3389199525670848,0.2590549584961992,47,44,MIXED_EXPLICIT,52.225487002799156,52.225487002799156,-0.07438119206039351,-0.0074381192060393505,0.07383971512113718,0.007383971512113718,-2.070152802131446,-1.92953775786075,0.6237141748499203,0.035983811211888865,1.0333948804755781,0.052717569122205994,-0.014028038648082353,0.01161572155885524,40.56073856317258,25.67094025853851,-14.889798304634066,0.0,0.0
2026-08-14T10:38:30Z,cam_01,zone_A,event_benchmark_01,0.6407215014386812,1.056353959763756,1.003536261775568,103.57364409143243,44.544084737911476,0.2422164504316044,0.19377316034528352,0.3562886005754725,0.2742525255035384,51,48,MIXED_EXPLICIT,59.02955935352095,59.02955935352095,0.043421620020969276,0.004342162002096928,-0.0006364462760719558,-6.364462760719559e-05,4.3067758523116595,-2.4972964984101367,0.6213905045038979,0.03399323887344228,1.0223843835091813,0.03518425906804804,0.011780281208136279,-0.007447616139720914,46.688258629245965,30.56048832214028,-16.127770307105685,0.0,0.0
2026-08-14T10:38:40Z,cam_01,zone_A,event_benchmark_01,0.628221285444692,1.066090903151172,1.0127863579936134,101.24416416373138,52.616012546337444,0.2384663856334076,0.1907731085067261,0.3512885141778769,0.2698774499056422,50,47,MIXED_EXPLICIT,48.62815161739394,48.62815161739394,-0.012500215993989205,-0.0012500215993989205,0.009736943387416153,0.0009736943387416153,-2.329479927701044,8.071927808425968,0.6287411241673733,0.029594415014992558,1.0376108302519105,0.0341003587546486,-0.0055921836014958485,0.001037338966348811,39.48252564914141,17.587711256838507,-21.8948143923029,0.0,0.0
2026-08-14T10:38:50Z,cam_01,zone_A,event_benchmark_01,0.5893709946236017,1.017223531297392,0.9663623547325224,98.70622293710257,41.097705481219606,0.22681129838708047,0.1814490387096644,0.33574839784944066,0.25627984811826054,47,44,MIXED_EXPLICIT,57.60851745588296,57.60851745588296,-0.03885029082109037,-0.0038850290821090374,-0.048867371853779984,-0.004886737185377998,-2.537941226628817,-11.518307065117838,0.6254589472805585,0.033437756873865354,1.0359618982341678,0.03502121237486954,-0.0026350074827101166,-0.005860431524119613,44.7517415193389,23.793907194358223,-20.957834324980677,0.0,0.0
2026-08-14T10:39:00Z,cam_01,zone_A,event_benchmark_01,0.7251211705523355,0.9565712119792781,0.9087426513803142,116.50948051706874,40.64695528705508,0.2675363511657006,0.2140290809325605,0.3900484682209342,0.3037924096933174,58,55,MIXED_EXPLICIT,75.86252523001366,75.86252523001366,0.13575017592873384,0.013575017592873384,-0.06065231931811399,-0.006065231931811399,17.80325757996617,-0.45075019416452733,0.6361469666954045,0.05407688818065882,1.0306460024462853,0.04549314500721195,0.01746004667498242,-0.0011784947464334005,61.71921531472956,29.37905397163958,-32.34016134308998,0.0,0.0
2026-08-14T10:39:10Z,cam_01,zone_A,event_benchmark_01,0.6455579491598303,1.0267942280285167,0.9754545166270908,107.00235169396086,45.101052189344784,0.24366738474794908,0.19493390779835928,0.35822317966393213,0.2759452822059406,51,48,MIXED_EXPLICIT,61.90129950461608,61.90129950461608,-0.07956322139250516,-0.007956322139250516,0.07022301604923864,0.007022301604923864,-9.507128823107877,4.454096902289706,0.6457985802438282,0.049525098882149614,1.0246067668440229,0.04306086303929801,-0.0215313397321239,0.013087533536735262,47.75435383969482,22.724718653162412,-25.02963518653241,0.0,0.0
2026-08-14T10:39:20Z,cam_01,zone_A,event_benchmark_01,0.508508424728487,1.0824603888537303,1.0283373694110438,91.63385193460408,56.018100292990255,0.20255252741854612,0.1620420219348369,0.3034033698913948,0.22797794865497045,40,38,MIXED_EXPLICIT,35.61575164161383,35.61575164161383,-0.13704952443134333,-0.013704952443134332,0.055666160825213584,0.005566616082521359,-15.36849975935678,10.91704810364547,0.6193559649017892,0.07927435307012039,1.0298280526620178,0.04904028929398256,-0.005748630303883817,-0.0014556855224025056,27.96726880597479,35.56836302200519,7.601094216030397,0.0,0.0
2026-08-14T10:39:30Z,cam_01,zone_A,event_benchmark_01,0.6149577998477309,1.1113925988923612,1.0558229689477432,103.90317689165589,49.59968218324986,0.23448733995431925,0.18758987196345542,0.34598311993909237,0.2652352299467058,49,46,MIXED_EXPLICIT,54.30349470840603,54.30349470840603,0.1064493751192439,0.01064493751192439,0.02893221003863089,0.002893221003863089,12.269324957051808,-6.418418109740394,0.6167032677823971,0.07912530909295486,1.0388883918102558,0.0603057460879712,0.024349889955058723,-0.0026733950786582694,41.3887208351894,16.482794253681416,-24.905926581507988,0.0,0.0
2026-08-14T10:39:40Z,cam_01,zone_A,event_benchmark_01,0.568381718657622,1.0835197163873393,1.0293437305679722,90.30791797497207,43.79213683429633,0.22051451559728658,0.17641161247782927,0.3273526874630488,0.2489336015301677,45,42,MIXED_EXPLICIT,46.51578114067574,46.51578114067574,-0.04657608119010892,-0.004657608119010892,-0.027872882505021845,-0.0027872882505021847,-13.595258916683818,-5.807545348953532,0.6125054125892011,0.0814602160089488,1.052147628828245,0.06162524678626889,-0.015302545630935282,-0.005680509254365274,38.090522902245546,25.61346486954872,-12.477058032696824,0.0,0.0
2026-08-14T10:39:50Z,cam_01,zone_A,event_benchmark_01,0.6398955515576797,1.052806558367883,1.0001662304494887,103.18127937434843,45.65055044192189,0.24196866546730394,0.19357493237384316,0.3559582206230719,0.2739634430451879,51,48,MIXED_EXPLICIT,57.53072893242655,57.53072893242655,0.07151383290005775,0.007151383290005775,-0.0307131580194564,-0.00307131580194564,12.873361399376364,1.8584136076255575,0.59546028879027,0.05735480954853568,1.071394698105966,0.03241920155331375,0.011808991409016667,-0.00028402755144345536,45.59641904430725,25.533148869545457,-20.06327017476179,0.0,0.0
2026-08-14T10:40:00Z,cam_01,zone_A,event_benchmark_01,0.5534180369867396,1.1010932412413268,1.0460385791792604,103.31997470760473,45.86002353978373,0.2160254110960219,0.17282032887681753,0.3213672147946959,0.24369631294535887,44,41,MIXED_EXPLICIT,57.459951167820996,57.459951167820996,-0.0864775145709401,-0.00864775145709401,0.04828668287344384,0.004828668287344384,0.1386953332562939,0.20947309786184576,0.577032306355652,0.05176417533523976,1.086254500748528,0.022320121962991022,-0.015799134747099784,0.007899984089290024,40.28931510209827,36.004110230736124,-4.285204871362147,0.0,0.0
2026-08-14T10:40:10Z,cam_01,zone_A,event_benchmark_01,0.5830452517146839,1.1088465418454558,1.053404214753183,95.55339066021284,44.790150004538646,0.22491357551440516,0.17993086041152415,0.33321810068587354,0.2540658381001394,46,43,MIXED_EXPLICIT,50.763240655674196,50.763240655674196,0.029627214727944273,0.0029627214727944275,0.007753300604129043,0.0007753300604129044,-7.766584047391888,-1.0698735352450868,0.5919396717528913,0.03516960632333266,1.091531731346873,0.024235875266253225,0.011610472929888437,-0.00405333822693148,40.08341793756355,20.532151801681,-19.551266135882553,0.0,0.0
2026-08-14T10:40:20Z,cam_01,zone_A,event_benchmark_01,0.6097377165621239,1.043208447997911,0.9910480255980153,94.5408476818745,52.699693461541415,0.23292131496863716,0.18633705197490974,0.3438950866248496,0.2634082007967434,48,45,MIXED_EXPLICIT,41.84115422033308,41.84115422033308,0.026692464847440034,0.0026692464847440033,-0.06563809384754493,-0.006563809384754493,-1.0125429783383453,7.909543457002769,0.5908956550957699,0.03438419389738572,1.077894901167983,0.028984394797076044,-0.0002934749880504239,-0.0073391394451673975,36.25443749785434,34.31479195741326,-1.9396455404410773,0.0,0.0
2026-08-14T10:40:30Z,cam_01,zone_A,event_benchmark_01,0.6234511417327434,0.9610877175625616,0.9130333316844335,96.61564689565417,40.67226151902761,0.237035342519823,0.1896282740158584,0.34938045669309736,0.2682078996064602,49,46,MIXED_EXPLICIT,55.94338537662656,55.94338537662656,0.013713425170619464,0.0013713425170619464,-0.08212073043534929,-0.00821207304353493,2.07479921377967,-12.027431942513807,0.6019095397107941,0.034188979454482044,1.0534085014030274,0.0591074049830989,-0.0012979039676820569,-0.0016482636587804357,47.02728304573479,28.413580301518554,-18.613702744216237,0.0,0.0
2026-08-14T10:40:40Z,cam_01,zone_A,event_benchmark_01,0.5157928167418632,1.1105087075425142,1.0549832721653885,85.81526015263711,57.7280479438346,0.20473784502255893,0.16379027601804716,0.30631712669674527,0.2305274858596521,41,38,MIXED_EXPLICIT,28.087212208802505,28.087212208802505,-0.10765832499088024,-0.010765832499088024,0.14942098997995257,0.014942098997995257,-10.800386743017057,17.055786424806996,0.5770889927476308,0.043498276936215365,1.064948931237954,0.06436012915078723,-0.01213717501614997,0.023154172041530186,25.96482012116271,20.81544432357333,-5.149375797589379,0.0,0.0
2026-08-14T10:40:50Z,cam_01,zone_A,event_benchmark_01,0.5546965344858968,1.0346142346188705,0.9828835228879269,90.45191321823323,53.047217761205175,0.21640896034576906,0.17312716827661526,0.3218786137943588,0.2441437870700639,44,41,MIXED_EXPLICIT,37.404695457028055,37.404695457028055,0.03890371774403367,0.003890371774403367,-0.07589447292364371,-0.007589447292364371,4.636653065596121,-4.680830182629428,0.5773446922474622,0.04332776683282068,1.0516531299134626,0.06184415070617937,0.014656204273491392,-0.022531546290359628,31.596334444529344,20.366305307227904,-11.23002913730144,0.0,0.0
2026-08-14T10:41:00Z,cam_01,zone_A,event_benchmark_01,0.5432584757974955,1.0476140804340146,0.9952333764123138,91.6081375708495,54.58913883706858,0.21297754273924868,0.17038203419139897,0.31730339031899824,0.2401404665291234,43,40,MIXED_EXPLICIT,37.01899873378091,37.01899873378091,-0.011438058688401309,-0.0011438058688401308,0.012999845815144129,0.001299984581514413,1.1562243526162632,1.5419210758634065,0.5693873370640246,0.04561238258668032,1.0394066376311744,0.05313694710944727,-0.005034177643243498,0.008889431873878783,30.523925902587607,22.714093120681987,-7.8098327819056195,0.0,0.0
2026-08-14T10:41:10Z,cam_01,zone_A,event_benchmark_01,0.529894095755101,1.111381743484694,1.0558126563104593,85.36369256451488,47.08742052477169,0.20896822872653031,0.16717458298122426,0.31195763830204043,0.23546293351428538,42,39,MIXED_EXPLICIT,38.27627203974319,38.27627203974319,-0.013364380042394486,-0.0013364380042394485,0.06376766305067938,0.006376766305067938,-6.244445006334615,-7.5017183122968945,0.55341861290262,0.0417687682595016,1.053041296728531,0.06231087996791491,-0.00019263213539931766,0.005076781723553525,31.94506607191186,17.98487245654175,-13.960193615370109,0.0,0.0
2026-08-14T10:41:20Z,cam_01,zone_A,event_benchmark_01,0.6463592446546942,1.0740986067788652,1.0203936764399217,101.78683124212355,46.323111511510575,0.24390777339640823,0.1951262187171266,0.3585436978618777,0.27622573562914293,51,48,MIXED_EXPLICIT,55.46371973061298,55.46371973061298,0.11646514889959314,0.011646514889959315,-0.037283136705828834,-0.0037283136705828835,16.423138677608677,-0.7643090132611121,0.5580002334870102,0.05149507187076224,1.0756434745717918,0.0352286829811126,0.012982952894198763,-0.010105079975650822,45.002893537340285,27.77475081146972,-17.228142725870565,0.0,0.0
2026-08-14T10:41:30Z,cam_01,zone_A,event_benchmark_01,0.573833244120108,1.0567636323647382,1.0039254507465012,100.41804539854188,41.35757604497428,0.22214997323603242,0.17771997858882593,0.32953329764804323,0.2508416354420378,45,42,MIXED_EXPLICIT,59.0604693535676,59.0604693535676,-0.07252600053458613,-0.007252600053458613,-0.017334974414126902,-0.0017334974414126903,-1.3687858435816764,-4.965535466536295,0.5696083189626592,0.045832438466819975,1.0648944595362364,0.02969594992933667,-0.01889911494341793,0.001994816229170193,44.25961798699782,20.9965345111935,-23.26308347580432,0.0,0.0
2026-08-14T10:41:40Z,cam_01,zone_A,event_benchmark_01,0.48600973202126596,1.1238358114171885,1.067644020846329,84.34199766096667,47.656493324240664,0.1958029196063798,0.15664233568510386,0.29440389280850643,0.22010340620744306,38,36,MIXED_EXPLICIT,36.685504336726005,36.685504336726005,-0.0878235120988421,-0.00878235120988421,0.06707217905245022,0.006707217905245022,-16.07604773757521,6.298917279266384,0.555870958469733,0.059634798396180765,1.0827387748959,0.03351302267796286,-0.0015297511564255962,0.008440715346657713,28.948769794227914,22.767963570908222,-6.180806223319692,0.0,0.0
2026-08-14T10:41:50Z,cam_01,zone_A,event_benchmark_01,0.5903894411109082,1.1308770825652168,1.074333228436956,104.8275749070815,50.66048541599759,0.22711683233327246,0.18169346586661797,0.3361557764443633,0.25663630438881785,47,44,MIXED_EXPLICIT,54.16708949108391,54.16708949108391,0.10437970908964223,0.010437970908964223,0.007041271148028327,0.0007041271148028327,20.48557724611483,3.0039920917569276,0.5652971515324154,0.06085520122682481,1.0993913753221407,0.032363164846392685,0.019220322118848433,-0.006003090790442189,39.49184630486155,23.35061736422813,-16.141228940633418,0.0,0.0
2026-08-14T10:42:00Z,cam_01,zone_A,event_benchmark_01,0.6460197111078263,1.0244258323097326,0.9732045406942459,104.23553733126407,53.55992108675046,0.2438059133323479,0.19504473066587835,0.35840788444313054,0.2761068988877392,51,48,MIXED_EXPLICIT,50.67561624451361,50.67561624451361,0.055630269996918114,0.0055630269996918115,-0.10645125025548419,-0.01064512502554842,-0.5920375758174288,2.8994356707528652,0.5885222746029605,0.06591499378603814,1.0820001930871483,0.04514779996942688,-0.004874943909272411,-0.011349252140351252,40.96230596316643,33.23638543219692,-7.7259205309695105,0.0,0.0
2026-08-14T10:42:10Z,cam_01,zone_A,event_benchmark_01,0.5869243688373676,1.177929534406599,1.119033057686269,102.10685243510969,42.72572853924039,0.22607731065121028,0.18086184852096823,0.33476974753494704,0.2554235290930787,46,43,MIXED_EXPLICIT,59.381123895869294,59.381123895869294,-0.05909534227045865,-0.005909534227045865,0.15350370209686637,0.015350370209686636,-2.1286848961543825,-10.834192547510064,0.5766352994394952,0.05772798915742711,1.1027663786126949,0.06151651510307299,-0.011472561226737676,0.025995495235235054,44.41585969003233,19.571449008154907,-24.84441068187742,0.0,0.0
2026-08-14T10:42:20Z,cam_01,zone_A,event_benchmark_01,0.4546959655877517,1.155457902928926,1.0976850077824796,83.08650447775945,49.07855100331864,0.18640878967632551,0.14912703174106043,0.2818783862351007,0.20914358795571308,36,34,MIXED_EXPLICIT,34.00795347444081,34.00795347444081,-0.13222840324961593,-0.013222840324961594,-0.02247163147767295,-0.002247163147767295,-19.02034795735024,6.352822464078244,0.5528078437330239,0.07961264712282648,1.1225052327255327,0.058841224463977465,-0.007313306097915728,-0.017597533357453933,26.17178846569254,29.88061223384162,3.708823768149081,0.0,0.0
2026-08-14T10:42:30Z,cam_01,zone_A,event_benchmark_01,0.5017907811493313,1.0108873933526104,0.9603430236849798,94.41588862727959,49.207688275850764,0.20053723434479936,0.1604297874758395,0.3007163124597325,0.22562677340226595,40,38,MIXED_EXPLICIT,45.20820035142882,45.20820035142882,0.04709481556157957,0.004709481556157957,-0.14457050957631568,-0.014457050957631567,11.329384149520138,0.1291372725321267,0.555964053558637,0.07655657870442979,1.099915549112617,0.07706241201722105,0.01793232188111955,-0.012209887809864272,32.142632966609945,12.662803717156443,-19.479829249453502,0.0,0.0
2026-08-14T10:42:40Z,cam_01,zone_A,event_benchmark_01,0.5846612380823822,1.0868703382057971,1.0325268212955072,91.31322954461402,41.327829227389934,0.2253983714247147,0.18031869713977178,0.3338644952329529,0.25463143332883376,46,43,MIXED_EXPLICIT,49.985400317224084,49.985400317224084,0.08287045693305095,0.008287045693305095,0.0759829448531868,0.00759829448531868,-3.102659082665568,-7.87985904846083,0.5548184129529319,0.07595310658753336,1.091114200240733,0.07513105823774179,0.003577564137147138,0.022055345442950246,41.39671849134819,26.31566570441748,-15.081052786930709,0.0,0.0
2026-08-14T10:42:50Z,cam_01,zone_A,event_benchmark_01,0.48122109291429305,1.130325263495563,1.0738090003207847,92.94892493732598,53.33232435050614,0.19436632787428793,0.15549306229943036,0.29248843716571726,0.21842738252000254,38,36,MIXED_EXPLICIT,39.61660058681984,39.61660058681984,-0.10344014516808919,-0.010344014516808919,0.0434549252897658,0.00434549252897658,1.6356953927119662,12.004495123116207,0.5218586893142252,0.06070969737451522,1.1122940864778992,0.06600366430522762,-0.018631060210114014,-0.0032528019563420997,28.275390936449426,19.503492145276777,-8.77189879117265,0.0,0.0
2026-08-14T10:43:00Z,cam_01,zone_A,event_benchmark_01,0.534060630405399,1.1440512594608978,1.0868486964878528,93.58404713139957,45.69883573317897,0.21021818912161971,0.16817455129729578,0.3136242521621596,0.23692122064188964,42,39,MIXED_EXPLICIT,47.885211398220605,47.885211398220605,0.052839537491105926,0.005283953749110592,0.013725995965334858,0.0013725995965334858,0.6351221940735883,-7.633488617327174,0.5112859416278315,0.0502471371512952,1.105518431488759,0.05894254260566083,0.01562796826591951,-0.002972892932443094,35.93196222708424,20.744803586030795,-15.187158641053447,0.0,0.0
2026-08-14T10:43:10Z,cam_01,zone_A,event_benchmark_01,0.5458431818054847,1.1061531584802071,1.0508455005561967,96.4337106443627,48.10618460800519,0.21375295454164545,0.17100236363331636,0.3183372727221939,0.24104511363191966,43,40,MIXED_EXPLICIT,48.32752603635752,48.32752603635752,0.011782551400085772,0.0011782551400085772,-0.037898100980690685,-0.0037898100980690687,2.849663512963133,2.4073488748262193,0.5295153848713781,0.040091500418527555,1.095657482599015,0.0522425923478163,-0.004105698609102015,-0.005162409694602554,35.891145843801056,15.464542924698758,-20.426602919102297,0.0,0.0
2026-08-14T10:43:20Z,cam_01,zone_A,event_benchmark_01,0.4559840256828872,1.1194867853910788,1.0635124461215248,80.60074902650672,48.620572626782874,0.18679520770486618,0.14943616616389296,0.2823936102731549,0.2095944089890105,36,34,MIXED_EXPLICIT,31.980176399723845,31.980176399723845,-0.08985915612259754,-0.008985915612259754,0.013333626910871699,0.00133336269108717,-15.832961617855986,0.5143880187776873,0.5203540337780892,0.051594255946095714,1.1173773610067088,0.022024167812697896,-0.010164170752268331,0.005123172789156238,25.67094025853851,14.525240896238618,-11.145699362299894,0.0,0.0
2026-08-14T10:43:30Z,cam_01,zone_A,event_benchmark_01,0.494551126736045,1.0420544121439046,0.9899516915367094,85.08874092750058,46.16228493668073,0.19836533802081352,0.15869227041665082,0.297820450694418,0.22309289435761576,39,37,MIXED_EXPLICIT,38.92645599081985,38.92645599081985,0.038567101053157804,0.0038567101053157806,-0.07743237324717422,-0.007743237324717422,4.487991900993862,-2.4582876901021464,0.5023320115088218,0.037263507750684405,1.1084141757943304,0.03962773842532505,0.012842625717575534,-0.009076600015804593,30.56048832214028,14.503491801618711,-16.05699652052157,0.0,0.0
2026-08-14T10:43:40Z,cam_01,zone_A,event_benchmark_01,0.33063917556159467,1.1911653317987418,1.1316070652088046,79.4372751361945,53.35199156136533,0.1491917526684784,0.11935340213478272,0.2322556702246379,0.16572371144655812,26,24,MIXED_EXPLICIT,26.08528357482917,26.08528357482917,-0.16391195117445034,-0.016391195117445034,0.14911091965483725,0.014911091965483726,-5.65146579130608,7.189706624684604,0.4722156280382822,0.0866776388472176,1.120582189454966,0.054563691875669465,-0.020247905222760813,0.02265432929020115,17.587711256838507,17.052495203051503,-0.5352160537870034,0.0,0.0
2026-08-14T10:43:50Z,cam_01,zone_A,event_benchmark_01,0.4366371412551344,1.0954916925364544,1.0407171079096316,80.18923127928976,50.1892092820572,0.18099114237654035,0.14479291390123228,0.2746548565020538,0.20282299943929705,34,32,MIXED_EXPLICIT,30.000021997232558,30.000021997232558,0.10599796569353975,0.010599796569353975,-0.09567363926228745,-0.009567363926228745,0.7519561430952564,-3.162782279308132,0.45273093020822924,0.07999188937145786,1.1108702760700775,0.0536561165318288,0.02699099168679901,-0.02447845589171247,23.793907194358223,25.30376563903615,1.5098584446779277,0.0,0.0
2026-08-14T10:44:00Z,cam_01,zone_A,event_benchmark_01,0.47036146154730013,1.0887569505813837,1.0343191030523144,89.94494838427961,48.73348135766067,0.19110843846419,0.15288675077135203,0.28814458461892006,0.21462651154155504,37,35,MIXED_EXPLICIT,41.21146702661894,41.21146702661894,0.03372432029216571,0.003372432029216571,-0.006734741955070733,-0.0006734741955070733,9.755717104989856,-1.4557279243965269,0.43763458615659234,0.06343550992942065,1.1073910344903126,0.054594271038885686,-0.007227364540137404,0.008893889730721671,29.37905397163958,19.336542847088715,-10.042511124550863,0.0,0.0
2026-08-14T10:44:10Z,cam_01,zone_A,event_benchmark_01,0.41571395542618605,1.1800005469653188,1.1210005196170527,76.42142740179365,48.043412783074565,0.17471418662785582,0.13977134930228466,0.26628558217047443,0.1954998843991651,33,31,MIXED_EXPLICIT,28.378014618719085,28.378014618719085,-0.054647506121114076,-0.0054647506121114076,0.09124359638393509,0.009124359638393508,-13.523520982485962,-0.6900685745861068,0.429580572105252,0.063078784248383,1.1194937868051607,0.06386624453712027,-0.00883718264132798,0.009797833833900583,22.724718653162412,14.033186952122021,-8.691531701040391,0.0,0.0
2026-08-14T10:44:20Z,cam_01,zone_A,event_benchmark_01,0.5548173615228077,1.1506048083038856,1.0930745678886913,98.62625998515796,50.501276123458624,0.2164452084568423,0.17315616676547385,0.3219269446091231,0.2441860765329827,44,41,MIXED_EXPLICIT,48.124983861699334,48.124983861699334,0.13910340609662164,0.013910340609662165,-0.02939573866143319,-0.002939573866143319,22.204832583364308,2.4578633403840584,0.4416338190626046,0.0816278272596514,1.1412038660371568,0.04724931209703125,0.019375091221773572,-0.012063933504536828,35.56836302200519,17.771110750600183,-17.797252271405004,0.0,0.0
2026-08-14T10:44:30Z,cam_01,zone_A,event_benchmark_01,0.39676438455523405,1.1816749457580085,1.122591198470108,75.57853419057618,60.33279865135674,0.16902931536657023,0.1352234522932562,0.2587057538220936,0.18886753459433192,31,29,MIXED_EXPLICIT,15.245735539219439,15.245735539219439,-0.15805297696757364,-0.015805297696757363,0.031070137454122904,0.0031070137454122905,-23.04772579458178,9.831522527898116,0.4548588608613325,0.0621919515426443,1.1393057888290101,0.04487130687269915,-0.029715638306419528,0.006046587611555609,16.482794253681416,13.345829715755546,-3.13696453792587,0.0,0.0
2026-08-14T10:44:40Z,cam_01,zone_A,event_benchmark_01,0.4413254025913652,1.0754106053434216,1.0216400750762504,88.06753189570684,51.872928112368335,0.18239762077740956,0.14591809662192765,0.2765301610365461,0.2044638909069778,35,33,MIXED_EXPLICIT,36.1946037833385,36.1946037833385,0.04456101803613116,0.004456101803613116,-0.10626434041458688,-0.010626434041458688,12.488997705130657,-8.459870538988405,0.4557965131285786,0.0618831213159072,1.1352895713904037,0.050338867061170176,0.02026139950037048,-0.013733447786870977,25.61346486954872,18.02969902454336,-7.583765845005363,0.0,0.0
2026-08-14T10:44:50Z,cam_01,zone_A,event_benchmark_01,0.46490288866036716,1.1432884002147867,1.0861239802040474,90.32038576105938,55.6825333013483,0.18947086659811013,0.1515766932784881,0.2859611554641469,0.21271601103112853,37,35,MIXED_EXPLICIT,34.637852459711084,34.637852459711084,0.02357748606900195,0.0023577486069001953,0.06787779487136514,0.006787779487136514,2.2528538653525487,3.8096051889799654,0.454704798551192,0.06160947971800017,1.1461958613170844,0.043127621112780436,-0.002098353196712921,0.0174142135285952,25.533148869545457,18.146422353128255,-7.386726516417202,0.0,0.0
2026-08-14T10:50:00Z,cam_01,zone_B,event_benchmark_01,0.2572401622733656,1.2845739564443124,1.2203452586220966,72.51325558531526,52.07460302072878,0.12717204868200968,0.10173763894560775,0.20289606490934625,0.14003405679567796,20,19,MIXED_EXPLICIT,20.438652564586484,20.438652564586484,0.0,0.0,0.0,0.0,0.0,0.0,0.2572401622733656,0.0,1.2845739564443124,0.0,0.0,0.0,13.505729353748785,6.076404172272653,-7.429325181476132,0.0,0.0
2026-08-14T10:50:10Z,cam_01,zone_B,event_benchmark_01,0.2654406919696982,1.2131762990017543,1.1525174840516665,76.69015748350569,54.040884692837935,0.12963220759090946,0.10370576607272758,0.2061762767878793,0.14290424218939438,21,19,MIXED_EXPLICIT,22.64927279066775,22.64927279066775,0.008200529696332615,0.0008200529696332614,-0.0713976574425581,-0.007139765744255811,4.1769018981904225,1.9662816721091545,0.26134042712153194,0.0057986501575984315,1.2488751277230334,0.05048576773846709,0.0008200529696332614,-0.007139765744255811,14.19294931648232,3.2588577429787695,-10.93409157350355,0.0,0.0
2026-08-14T10:50:20Z,cam_01,zone_B,event_benchmark_01,0.32557497490384435,1.163745070886578,1.1055578173422491,86.10735022081137,61.833848131054765,0.1476724924711533,0.11813799397692265,0.23022998996153776,0.16395124121634552,26,24,MIXED_EXPLICIT,24.273502089756605,24.273502089756605,0.06013428293414613,0.006013428293414613,-0.04943122811517631,-0.00494312281151763,9.417192737305683,7.79296343821683,0.2827519430489694,0.037311810660403955,1.2204984421108815,0.06074631866264763,0.005193375323781352,0.0021966429327381796,15.856114676711368,4.6302100647848015,-11.225904611926566,0.0,0.0
2026-08-14T10:50:30Z,cam_01,zone_B,event_benchmark_01,0.31349065361900547,1.211736884958049,1.1511500407101465,80.19780002005535,49.01739689866051,0.14404719608570166,0.11523775686856133,0.2253962614476022,0.15972172876665192,25,23,MIXED_EXPLICIT,31.180403121394846,31.180403121394846,-0.012084321284838884,-0.0012084321284838884,0.04799181407147102,0.004799181407147102,-5.909550200756016,-12.816451232394257,0.2904366206914784,0.034122298062249576,1.2183080528226733,0.049792248810882955,-0.0072218604218985015,0.009742304218664732,19.30890847516976,3.226806264663293,-16.082102210506466,0.0,0.0
2026-08-14T10:50:40Z,cam_01,zone_B,event_benchmark_01,0.2766907767615004,1.2254763028168532,1.1642024876760104,73.38180511912867,62.540078418319254,0.13300723302845013,0.1064057864227601,0.21067631070460016,0.14684177186652514,22,20,MIXED_EXPLICIT,10.841726700809417,10.841726700809417,-0.036799876857505076,-0.0036799876857505076,0.01373941785880417,0.001373941785880417,-6.8159949009266825,13.522681519658747,0.2876874519054828,0.030183407094895927,1.2197417028215094,0.043240349129366064,-0.0024715555572666194,-0.003425239621266685,10.628369084718145,9.64233514264482,-0.9860339420733251,0.0,0.0
2026-08-14T10:50:50Z,cam_01,zone_B,event_benchmark_01,0.27836838732600094,1.2103175651380356,1.1498016868811338,77.49491335650384,52.82249148101969,0.1335105161978003,0.10680841295824024,0.21134735493040038,0.14742893556410033,22,20,MIXED_EXPLICIT,24.672421875484154,24.672421875484154,0.0016776105645005535,0.00016776105645005535,-0.015158737678817591,-0.001515873767881759,4.113108237375172,-9.717586937299565,0.29191309691600986,0.02605129265192236,1.2048904245602539,0.023778677962711093,0.003847748742200563,-0.0028898155537621763,15.38369135003646,3.537543679000767,-11.846147671035691,0.0,0.0
2026-08-14T10:51:00Z,cam_01,zone_B,event_benchmark_01,0.3311544451464357,1.2361267052849743,1.1743203700207254,77.21679477719931,60.00407164254668,0.14934633354393073,0.11947706683514459,0.2324617780585743,0.1659040558012525,26,24,MIXED_EXPLICIT,17.212723134652634,17.212723134652634,0.05278605782043477,0.005278605782043477,0.02580914014693869,0.002580914014693869,-0.27811857930453243,7.181580161526988,0.30505584755135734,0.02593315981195611,1.209480505816898,0.02767402839829046,0.005110844725593422,0.004096787782575629,14.374034240657416,2.8513217124439856,-11.52271252821343,0.0,0.0
2026-08-14T10:51:10Z,cam_01,zone_B,event_benchmark_01,0.2324654081826103,1.3082860155189593,1.2428717147430113,68.7167478710336,48.3166167888601,0.11973962245478309,0.09579169796382647,0.19298616327304413,0.13136289286391362,18,17,MIXED_EXPLICIT,20.400131082173502,20.400131082173502,-0.09868903696382542,-0.009868903696382542,0.07215931023398503,0.007215931023398503,-8.500046906165707,-11.687454853686575,0.28643393420711055,0.038093877883351536,1.2383886947433742,0.04048391407501248,-0.01514750947842602,0.004635017008704634,13.226577802415035,5.601979859288715,-7.62459794312632,0.0,0.0
2026-08-14T10:51:20Z,cam_01,zone_B,event_benchmark_01,0.2841757932016633,1.233914868393594,1.1722191249739145,70.9769922775644,57.24600514178998,0.135252737960499,0.1082021903683992,0.21367031728066532,0.14946152762058215,22,20,MIXED_EXPLICIT,13.730987135774427,13.730987135774427,0.05171038501905301,0.0051710385019053005,-0.07437114712536519,-0.007437114712536519,2.260244406530802,8.929388352929877,0.28057096212364213,0.03502047635304101,1.2428242914304832,0.03797075441327625,0.015039942198287842,-0.014653045735935021,11.94283628914975,7.269326692428487,-4.673509596721262,0.0,0.0
2026-08-14T10:51:30Z,cam_01,zone_B,event_benchmark_01,0.24149298101406844,1.328980715444322,1.262531679672106,77.13650527528601,51.486289699980524,0.12244789430422053,0.09795831544337642,0.1965971924056274,0.13452254335492395,19,18,MIXED_EXPLICIT,25.650215575305488,25.650215575305488,-0.04268281218759487,-0.004268281218759487,0.09506584705072796,0.009506584705072796,6.159512997721606,-5.759715441809455,0.27353140297415574,0.039274644683420276,1.263525173955977,0.05183255918362432,-0.009439319720664788,0.016943699417609315,14.71129370786079,4.385057493558614,-10.326236214302176,0.0,0.0
2026-08-14T10:51:40Z,cam_01,zone_B,event_benchmark_01,0.23550555914232715,1.2016122088079284,1.141531598367532,64.74830140167616,48.21355285753252,0.12065166774269814,0.09652133419415852,0.19420222365693088,0.1324269456998145,18,17,MIXED_EXPLICIT,16.53474854414364,16.53474854414364,-0.005987421871741283,-0.0005987421871741283,-0.12736850663639365,-0.012736850663639365,-12.388203873609854,-3.272736842448005,0.264958837337421,0.04250033774441576,1.2617841026899554,0.0541605616145855,0.0036695390315853588,-0.02224343536871216,12.04811583698396,2.5594573237170994,-9.488658513266861,0.0,0.0
2026-08-14T10:51:50Z,cam_01,zone_B,event_benchmark_01,0.29612135636382575,1.2126442132177184,1.1520120025568326,81.35154713249663,55.170243084778214,0.13883640690914772,0.11106912552731818,0.2184485425455303,0.153642474727339,23,21,MIXED_EXPLICIT,26.18130404771842,26.18130404771842,0.060615797221498596,0.00606157972214986,0.01103200440979002,0.001103200440979002,16.603245730820476,6.956690227245694,0.25795221958089903,0.029870116632236907,1.2570876042765042,0.05783512545728169,0.006660321909323988,0.013840051104618367,16.10736835984006,3.3595478680833786,-12.74782049175668,0.0,0.0
2026-08-14T10:52:00Z,cam_01,zone_B,event_benchmark_01,0.27725268643817885,1.1978072721069524,1.1379169085016048,74.67953553375617,59.502305214216264,0.13317580593145367,0.10654064474516295,0.21090107457527155,0.1470384402533626,22,20,MIXED_EXPLICIT,15.177230319539902,15.177230319539902,-0.018868669925646897,-0.0018868669925646898,-0.014836941110766055,-0.0014836941110766056,-6.672011598740468,4.33206212943805,0.2669096752320127,0.0268823635374683,1.234991855594103,0.05438606638156447,-0.00794844671471455,-0.0025868945520556076,11.954415689211586,4.1465249992415965,-7.80789068996999,0.0,0.0
2026-08-14T10:52:10Z,cam_01,zone_B,event_benchmark_01,0.27146373803765483,1.1437949263237541,1.0866051800075665,64.72056816900268,50.346018046279426,0.13143912141129643,0.10515129712903715,0.20858549521506195,0.14501230831317918,21,19,MIXED_EXPLICIT,14.37455012272325,14.37455012272325,-0.005788948400524019,-0.0005788948400524019,-0.054012345783198246,-0.005401234578319825,-9.95896736475349,-9.156287167936839,0.264367264199211,0.025401512092982293,1.216967867180135,0.0680492029362146,0.0013079721525122879,-0.003917540467243219,12.250820726251575,6.0966620281770085,-6.154158698074567,0.0,0.0
2026-08-14T10:52:20Z,cam_01,zone_B,event_benchmark_01,0.29087618635729373,1.2213402538934888,1.1602732411988144,75.10834137354061,46.68739647056212,0.13726285590718812,0.1098102847257505,0.2163504745429175,0.15180666522505282,23,21,MIXED_EXPLICIT,28.42094490297849,28.42094490297849,0.019412448319638897,0.0019412448319638897,0.07754532756973465,0.0077545327569734646,10.387773204537936,-3.658621575717305,0.2742439052678561,0.023836407002706325,1.1954397748699683,0.030322111889496323,0.002520139672016292,0.013155767335293288,18.073247749801666,2.539607606234724,-15.533640143566942,0.0,0.0
2026-08-14T10:52:30Z,cam_01,zone_B,event_benchmark_01,0.2214746000097604,1.2610278645749795,1.1979764713462304,57.21783546252271,55.11128417813001,0.11644238000292813,0.09315390400234251,0.18858984000390416,0.12751611000341614,17,16,MIXED_EXPLICIT,2.106551284392694,2.106551284392694,-0.06940158634753332,-0.0069401586347533325,0.03968761068149074,0.0039687610681490735,-17.890505911017904,8.423887707567893,0.2714377134413427,0.029653261832551892,1.2073229060233788,0.042530507927089456,-0.008881403466717222,-0.003785771688824391,6.764317959566702,3.01552702016432,-3.7487909394023817,0.0,0.0
2026-08-14T10:52:40Z,cam_01,zone_B,event_benchmark_01,0.2493529593438228,1.326060711555813,1.2597576759780222,73.07577683166102,54.57576416923764,0.12480588780314683,0.09984471024251747,0.19974118373752914,0.13727353577033796,19,18,MIXED_EXPLICIT,18.50001266242338,18.50001266242338,0.02787835933406238,0.002787835933406238,0.06503284698083345,0.006503284698083344,15.85794136913831,-0.5355200088923766,0.26208403403734215,0.0271949503258356,1.2300062056909975,0.06843439586839994,0.00972799456815957,0.002534523629934271,12.403680610329147,2.5,-9.903680610329147,0.0,0.0
2026-08-14T10:52:50Z,cam_01,zone_B,event_benchmark_01,0.1945821845184371,1.3147912735166767,1.2490517098408427,69.99273217641992,58.84995444740375,0.10837465535553112,0.0866997242844249,0.17783287380737484,0.11810376458145298,15,14,MIXED_EXPLICIT,11.142777729016167,11.142777729016167,-0.0547707748253857,-0.00547707748253857,-0.01126943803913627,-0.0011269438039136271,-3.083044655241096,4.274190278166117,0.24554993365339378,0.03846358858772067,1.2534030059729424,0.07441060280057646,-0.008264913415944809,-0.007630228501996972,8.446051765793804,2.5,-5.946051765793804,0.0,0.0
2026-08-14T10:53:00Z,cam_01,zone_B,event_benchmark_01,0.22115392703281672,1.2160983025638497,1.155293387435657,64.73053438436507,60.32489431616611,0.11634617810984502,0.09307694248787601,0.1884615708131267,0.12740387446148585,17,16,MIXED_EXPLICIT,4.405640068198963,4.405640068198963,0.02657174251437963,0.0026571742514379633,-0.09869297095282703,-0.009869297095282703,-5.262197792054849,1.4749398687623554,0.23548797145242614,0.036521278225435674,1.2678636812209616,0.05118570446300119,0.008134251733976533,-0.008742353291369076,7.312114354858432,2.5,-4.812114354858432,0.0,0.0
2026-08-14T10:53:10Z,cam_01,zone_B,event_benchmark_01,0.1932989849299454,1.3767252373587422,1.307888975490805,66.08165727417354,55.83694439503862,0.10798969547898363,0.08639175638318691,0.17731959397197816,0.11765464472548089,15,14,MIXED_EXPLICIT,10.244712879134916,10.244712879134916,-0.027854942102871316,-0.002785494210287132,0.16062693479489254,0.016062693479489253,1.3511228898084653,-4.487949921127488,0.21597253116695647,0.023146323890881313,1.2989406779140122,0.06192216053772653,-0.005442668461725095,0.025931990574771958,8.318577303931292,2.6133880552094695,-5.7051892487218225,0.0,0.0
2026-08-14T10:53:20Z,cam_01,zone_B,event_benchmark_01,0.1995274698590478,1.341335202860839,1.274268442717797,75.73298475747525,65.28696717679036,0.10985824095771433,0.08788659276617147,0.17981098794361913,0.11983461445066672,15,14,MIXED_EXPLICIT,10.446017580684895,10.446017580684895,0.006228484929102385,0.0006228484929102385,-0.03539003449790323,-0.0035390034497903232,9.651327483301714,9.450022781751734,0.21158310513681394,0.02391046431034846,1.315002145571184,0.06001557397108433,0.00340834270319737,-0.01960169692927958,8.107418024524957,3.393811968800687,-4.71360605572427,0.0,0.0
2026-08-14T10:53:30Z,cam_01,zone_B,event_benchmark_01,0.21931862589606863,1.2975137096357896,1.232638024154,65.0167565503758,56.73480120475509,0.11579558776882058,0.09263647021505647,0.18772745035842747,0.126761519063624,17,16,MIXED_EXPLICIT,8.281955345620716,8.281955345620716,0.019791156037020835,0.0019791156037020836,-0.04382149322504936,-0.004382149322504936,-10.716228207099448,-8.552165972035269,0.2055762384472631,0.013598762550447095,1.3092927451871794,0.06005839600426495,0.001356267110791845,-0.0008431458727146124,8.427108256194815,7.789816391099935,-0.6372918650948804,0.0,0.0
2026-08-14T10:53:40Z,cam_01,zone_B,event_benchmark_01,0.14354497459287677,1.3025488103017824,1.2374213697866931,56.18906003214714,55.396967978107966,0.09306349237786303,0.07445079390229042,0.15741798983715072,0.10024074110750686,11,10,MIXED_EXPLICIT,0.7920920540391734,0.7920920540391734,-0.07577365130319186,-0.007577365130319186,0.0050351006659927755,0.0005035100665992775,-8.827696518228663,-1.3378332266471205,0.19536879646215105,0.031407620435967405,1.3068442525442006,0.06002773314322102,-0.00955648073402127,0.004885659389104213,4.415287526067811,3.003552783359063,-1.4117347427087479,0.0,0.0
2026-08-14T10:53:50Z,cam_01,zone_B,event_benchmark_01,0.28398329851392073,1.1816380590554734,1.1225561561026995,80.12698089342665,46.262497234207444,0.13519498955417622,0.10815599164334098,0.2135933194055683,0.14939415447987225,22,20,MIXED_EXPLICIT,33.864483659219204,33.864483659219204,0.14043832392104397,0.014043832392104397,-0.12091075124630901,-0.0120910751246309,23.93792086127951,-9.134470743900522,0.20793467075837188,0.05085249629318578,1.2999522038425253,0.0735145848774649,0.021621197522423582,-0.01259458519123018,19.810704333423317,2.5,-17.310704333423317,0.0,0.0
2026-08-14T10:54:00Z,cam_01,zone_B,event_benchmark_01,0.12398424280965767,1.3069991155106528,1.2416491597351202,69.73167537742658,56.20701754222601,0.0871952728428973,0.06975621827431784,0.14959369712386308,0.09339448498338018,9,8,MIXED_EXPLICIT,13.524657835200571,13.524657835200571,-0.15999905570426307,-0.015999905570426305,0.12536105645517948,0.012536105645517947,-10.395305516000064,9.944520308018568,0.19407172233431433,0.06367195197859365,1.2860069794729074,0.06082925002415635,-0.030043737962530702,0.02462718077014885,7.623027548146142,2.5,-5.123027548146142,0.0,0.0
2026-08-14T10:54:10Z,cam_01,zone_B,event_benchmark_01,0.10851066745971027,1.3893310305093831,1.3198644789839138,58.699331756016065,56.14785192375011,0.08255320023791309,0.06604256019033047,0.14340426698388412,0.0879787336108986,8,7,MIXED_EXPLICIT,2.5514798322659544,2.5514798322659544,-0.015473575349947394,-0.0015473575349947393,0.08233191499873027,0.008233191499873027,-11.032343621410519,-0.05916561847590174,0.17586836185444682,0.07390972050660641,1.2956061450026162,0.07408562269258949,0.014452548035431566,-0.00430291414564492,4.19586194187698,2.5,-1.6958619418769798,0.0,0.0
2026-08-14T10:54:20Z,cam_01,zone_B,event_benchmark_01,0.22207499341072898,1.3609843192502928,1.292935103287778,72.8233146499001,60.36002411319277,0.1166224980232187,0.09329799841857496,0.1888299973642916,0.12772624769375512,17,16,MIXED_EXPLICIT,12.463290536707326,12.463290536707326,0.1135643259510187,0.01135643259510187,-0.028346711259090274,-0.0028346711259090275,14.123982893884033,4.212172189442661,0.1764196353573789,0.07432394463356827,1.3083002669255168,0.07971775393091146,0.012903790130096609,-0.011067862625782054,9.473589640544436,2.5,-6.973589640544436,0.0,0.0
2026-08-14T10:54:30Z,cam_01,zone_B,event_benchmark_01,0.19871685627743207,1.35793206264715,1.2900354595147925,72.60472807984897,58.33808099478563,0.10961505688322962,0.0876920455065837,0.17948674251097285,0.11955089969710123,15,14,MIXED_EXPLICIT,14.26664708506334,14.26664708506334,-0.023358137133296902,-0.0023358137133296904,-0.003052256603142789,-0.0003052256603142789,-0.21858657005113002,-2.021943118407144,0.18745401169428993,0.07229078505976493,1.3193769173945902,0.08251735595065209,-0.01369224630843156,0.0025294454655947485,9.43862824162321,2.5,-6.93862824162321,0.0,0.0
2026-08-14T10:54:40Z,cam_01,zone_B,event_benchmark_01,0.1853194576282404,1.264365854333742,1.2011475616170548,61.11313544756731,50.396765239272106,0.10559583728847212,0.0844766698307777,0.17412778305129617,0.11486181016988414,14,13,MIXED_EXPLICIT,10.716370208295203,10.716370208295203,-0.013397398649191677,-0.0013397398649191677,-0.09356620831340812,-0.009356620831340812,-11.491592632281659,-7.941315755513521,0.16772124351715387,0.04910084730867662,1.3359224764502442,0.049804373484030266,0.0009960738484105225,-0.009051395171026533,8.579321938438005,2.5,-6.079321938438005,0.0,0.0
2026-08-14T10:54:50Z,cam_01,zone_B,event_benchmark_01,0.18052651223417984,1.2357032209950414,1.1739180599452892,62.01559180189504,57.250741687371594,0.10415795367025396,0.08332636293620317,0.17221060489367196,0.11318427928196294,14,13,MIXED_EXPLICIT,4.764850114523448,4.764850114523448,-0.004792945394060555,-0.0004792945394060555,-0.02866263333870056,-0.002866263333870056,0.9024563543277324,6.853976448099488,0.1790296974020583,0.042588780375271876,1.3216632975471219,0.06729156691879047,0.0008604453255131123,0.006490357497470756,6.38762889474872,2.5,-3.88762889474872,0.0,0.0
2026-08-14T10:55:00Z,cam_01,zone_B,event_benchmark_01,0.14350924260890494,1.320938766780217,1.254891828441206,67.63511197448607,60.48747100646717,0.09305277278267149,0.0744422182261372,0.157403697043562,0.10022823491311672,11,10,MIXED_EXPLICIT,7.147640968018898,7.147640968018898,-0.03701726962527491,-0.0037017269625274907,0.08523554578517567,0.008523554578517566,5.619520172591024,3.2367293190955735,0.18602941243189725,0.028718486762103607,1.3079848448012887,0.05612201534719816,-0.0032224324231214354,0.011389817912387624,6.076404172272653,3.022080674745782,-3.0543234975268714,0.0,0.0
2026-08-14T10:55:10Z,cam_01,zone_B,event_benchmark_01,0.09428832950754934,1.2550050340173278,1.1922547823164613,65.9681377541465,65.75439020678817,0.0782864988522648,0.06262919908181185,0.13771533180301976,0.08300091532764227,7,6,MIXED_EXPLICIT,0.2137475473583237,0.2137475473583237,-0.049220913101355596,-0.0049220913101355596,-0.06593373276288927,-0.006593373276288927,-1.6669742203395685,5.266919200321006,0.1604720796512613,0.04227961098848417,1.2867889877546956,0.05086825312918727,-0.0012203643476080689,-0.015116927854806495,3.2588577429787695,2.9155826107356,-0.3432751322431695,0.0,0.0
2026-08-14T10:55:20Z,cam_01,zone_B,event_benchmark_01,0.13798841115698413,1.3333653390150486,1.266697072064296,63.8534771934305,61.67775161393062,0.09139652334709525,0.0731172186776762,0.15519536446279367,0.09829594390494445,11,10,MIXED_EXPLICIT,2.1757255794998827,2.1757255794998827,0.043700081649434785,0.004370008164943479,0.07836030499772084,0.007836030499772084,-2.114660560715997,-4.076638592857556,0.14832639062717173,0.036930765026518236,1.2818756430282752,0.04282998749483677,0.009292099475079038,0.014429403776061011,4.6302100647848015,2.5,-2.1302100647848015,0.0,0.0
2026-08-14T10:55:30Z,cam_01,zone_B,event_benchmark_01,0.09540544521581241,1.3353766035555792,1.2686077733778,53.233363849754724,61.896124367241136,0.07862163356474372,0.06289730685179498,0.13816217808632497,0.08339190582553435,7,6,MIXED_EXPLICIT,-8.662760517486412,-8.662760517486412,-0.04258296594117171,-0.004258296594117171,0.0020112645405305773,0.00020112645405305772,-10.620113343675776,0.21837275331051842,0.13034358814468613,0.03629999708416544,1.296077792872643,0.04712983686434478,-0.00862830475906065,-0.007634904045719026,3.226806264663293,2.5,-0.7268062646632929,0.0,0.0
2026-08-14T10:55:40Z,cam_01,zone_B,event_benchmark_01,0.17310361942836006,1.2728360032495718,1.2091942030870932,73.78359511276601,56.838357584508614,0.10193108582850802,0.08154486866280641,0.16924144777134403,0.11058626679992602,13,12,MIXED_EXPLICIT,16.945237528257394,16.945237528257394,0.07769817421254764,0.007769817421254764,-0.06254060030600739,-0.006254060030600739,20.550231263011284,-5.0577667827325214,0.12885900958352217,0.033800272524527164,1.3035043493235487,0.037095179078034946,0.012028114015371936,-0.006455186484653796,9.64233514264482,2.5,-7.14233514264482,0.0,0.0
2026-08-14T10:55:50Z,cam_01,zone_B,event_benchmark_01,0.11209816005355969,1.2530059506045244,1.190355653074298,56.31299831522495,59.699596826046054,0.0836294480160679,0.06690355841285432,0.14483926402142389,0.08923435601874588,8,7,MIXED_EXPLICIT,-3.386598510821102,-3.386598510821102,-0.06100545937480037,-0.006100545937480037,-0.019830052645047447,-0.001983005264504745,-17.470596797541056,2.86123924153744,0.12257679307245313,0.03331215701038252,1.2899177860884103,0.04131393560817607,-0.013870363358734799,0.004271054766095994,3.537543679000767,2.5,-1.037543679000767,0.0,0.0
2026-08-14T10:56:00Z,cam_01,zone_B,event_benchmark_01,0.07329939792920068,1.3817003665709653,1.312615348242417,54.1882629284788,64.78153654494677,0.0719898193787602,0.05759185550300816,0.1293197591716803,0.07565478927522024,5,4,MIXED_EXPLICIT,-10.593273616467975,-10.593273616467975,-0.03879876212435901,-0.003879876212435901,0.12869441596644093,0.012869441596644094,-2.1247353867461527,5.0819397189007205,0.11837900675678341,0.038661080786169,1.315256852599138,0.052014818721279894,0.002220669725044136,0.014852446861148838,2.8513217124439856,2.5,-0.3513217124439856,0.0,0.0
2026-08-14T10:56:10Z,cam_01,zone_B,event_benchmark_01,0.0936485622806659,1.3171758206485047,1.2513170296160794,59.20357415490138,51.463141766988436,0.07809456868419977,0.06247565494735982,0.13745942491226637,0.08277699679823307,7,6,MIXED_EXPLICIT,7.740432387912946,7.740432387912946,0.02034916435146522,0.002034916435146522,-0.0645245459224606,-0.006452454592246059,5.0153112264225825,-13.31839477795834,0.10951103698151976,0.03812013370123298,1.3120189489258292,0.05110164019760419,0.005914792647582423,-0.01932189618889015,5.601979859288715,4.670482549183797,-0.931497310104918,0.0,0.0
2026-08-14T10:56:20Z,cam_01,zone_B,event_benchmark_01,0.12552892507397762,1.266186803170099,1.202877463011594,67.81311610949209,55.74222486243567,0.08765867752219328,0.07012694201775463,0.15021157002959107,0.09393512377589217,10,9,MIXED_EXPLICIT,12.070891247056416,12.070891247056416,0.03188036279331172,0.003188036279331172,-0.050989017478405785,-0.005098901747840579,8.609541954590703,4.279083095447234,0.11553573295315278,0.037711730886185034,1.298180988848733,0.0525430071056961,0.0011531198441846497,0.0013535528444054811,7.269326692428487,2.5,-4.769326692428487,0.0,0.0
2026-08-14T10:56:30Z,cam_01,zone_B,event_benchmark_01,0.07188205527143246,1.213257656173058,1.152594773364405,60.02044430447572,54.69951515079015,0.07156461658142974,0.05725169326514379,0.128752822108573,0.07515871934500136,5,4,MIXED_EXPLICIT,5.320929153685569,5.320929153685569,-0.053646869802545155,-0.005364686980254515,-0.05292914699704099,-0.005292914699704099,-7.792671805016369,-1.0427097116455215,0.09529142012176726,0.02361736436168495,1.2862653194334304,0.06500530484599848,-0.008552723259585688,-0.0001940129518635203,4.385057493558614,2.5,-1.8850574935586142,0.0,0.0
2026-08-14T10:56:40Z,cam_01,zone_B,event_benchmark_01,0.054165155037217666,1.3661251617251375,1.2978189036388805,56.40753990478696,60.81246249288627,0.0662495465111653,0.05299963720893224,0.12166606201488707,0.06895780426302618,4,3,MIXED_EXPLICIT,-4.404922588099311,-4.404922588099311,-0.017716900234214794,-0.0017716900234214794,0.15286750555207962,0.015286750555207961,-3.612904399688759,6.1129473420961205,0.08370481911849885,0.02724323840972005,1.3088891616575529,0.0700267381853779,0.003592996956833036,0.02057966525491206,2.5594573237170994,2.5,-0.05945732371709944,0.0,0.0
2026-08-14T10:56:50Z,cam_01,zone_B,event_benchmark_01,0.10269091503210699,1.426998030814223,1.3556481292735116,60.53171585315909,64.0972925776118,0.0808072745096321,0.06464581960770568,0.1410763660128428,0.08594182026123745,8,7,MIXED_EXPLICIT,-3.565576724452704,-3.565576724452704,0.048525759994889325,0.004852575999488932,0.0608728690890854,0.00608728690890854,4.124175948372134,3.2848300847255274,0.08958312253908013,0.027605266474838307,1.3179486945062044,0.08344584168620883,0.006624266022910412,-0.009199463646299422,3.3595478680833786,2.5,-0.8595478680833786,0.0,0.0
2026-08-14T10:57:00Z,cam_01,zone_B,event_benchmark_01,0.09800827430842493,1.4242579961423383,1.3530450963352214,58.05823528789133,55.05496308022613,0.07940248229252748,0.063521985834022,0.13920330972336997,0.08430289600794873,7,6,MIXED_EXPLICIT,3.003272207665198,3.003272207665198,-0.0046826407236820605,-0.0004682640723682061,-0.0027400346718846613,-0.0002740034671884661,-2.4734805652677636,-9.042329497385666,0.09045506494463193,0.02783368872804303,1.3393651296049711,0.09599555432094675,-0.005320840071857139,-0.006361290376097006,4.1465249992415965,2.5,-1.6465249992415965,0.0,0.0
2026-08-14T10:57:10Z,cam_01,zone_B,event_benchmark_01,0.05568971132115859,1.3437313603779912,1.2765447923590916,57.24587447828522,46.93468393622963,0.06670691339634757,0.05336553071707806,0.12227588452846344,0.06949139896240551,4,3,MIXED_EXPLICIT,10.311190542055584,10.311190542055584,-0.04231856298726634,-0.0042318562987266346,-0.08052663576434704,-0.008052663576434704,-0.8123608096061119,-8.120279143996498,0.07648722219406814,0.022922739286068205,1.3548740410465496,0.08706599600071233,-0.003763592226358428,-0.0077786601092462385,6.0966620281770085,2.5,-3.5966620281770085,0.0,0.0
2026-08-14T10:57:20Z,cam_01,zone_B,event_benchmark_01,0.052785930989547966,1.338217838388182,1.2713069464687727,41.57507409069232,56.88317765508669,0.06583577929686439,0.05266862343749151,0.1211143723958192,0.06847507584634178,4,3,MIXED_EXPLICIT,-15.308103564394372,-15.308103564394372,-0.0029037803316106225,-0.00029037803316106227,-0.005513521989809256,-0.0005513521989809256,-15.670800387592898,9.948493718857058,0.07266799733769122,0.025344719150971626,1.3798660774895743,0.04307310597372909,0.003941478265565572,0.007501311377453778,2.539607606234724,2.595804307173359,0.05619670093863505,0.0,0.0
2026-08-14T10:57:30Z,cam_01,zone_B,event_benchmark_01,0.08326588732393436,1.3734791804093904,1.3048052213889207,55.178233690565754,62.90205091360835,0.0749797661971803,0.05998381295774424,0.13330635492957377,0.07914306056337703,6,5,MIXED_EXPLICIT,-7.7238172230425945,-7.7238172230425945,0.030479956334386396,0.0030479956334386396,0.03526134202120845,0.0035261342021208454,13.603159599873436,6.018873258521658,0.07848814379503458,0.0232916762514326,1.3813368812264248,0.04260966205862886,0.003338373666599702,0.004077486401101771,3.01552702016432,2.5,-0.5155270201643201,0.0,0.0
2026-08-14T10:57:40Z,cam_01,zone_B,event_benchmark_01,0.05,1.3200807280405853,1.254076691638556,55.2066096745839,61.6881495147494,0.065,0.052000000000000005,0.12000000000000001,0.0675,4,3,MIXED_EXPLICIT,-6.481539840165496,-6.481539840165496,-0.03326588732393436,-0.003326588732393436,-0.05339845236880514,-0.005339845236880514,0.02837598401814745,-1.213901398858951,0.06794996078861318,0.02145077170147128,1.3599534206716974,0.04075367160751335,-0.0063745843658320755,-0.008865979439001359,2.5,2.5,0.0,0.0,0.0
2026-08-14T10:57:50Z,cam_01,zone_B,event_benchmark_01,0.05,1.3850895949909732,1.3158351152414245,48.24492958190247,61.14093123905288,0.065,0.052000000000000005,0.12000000000000001,0.0675,4,3,MIXED_EXPLICIT,-12.896001657150414,-12.896001657150414,0.0,0.0,0.06500886695038788,0.006500886695038788,-6.9616800926814335,-0.5472182756965154,0.05834830592692819,0.014126946119008034,1.3521197404414245,0.026614672180824514,0.003326588732393436,0.011840731931919302,2.5,2.5,0.0,0.0,0.0
2026-08-14T10:58:00Z,cam_01,zone_B,event_benchmark_01,0.05,1.4083040139192344,1.3378888132232727,55.931616589057796,57.6000334906276,0.065,0.052000000000000005,0.12000000000000001,0.0675,4,3,MIXED_EXPLICIT,-1.668416901569806,-1.668416901569806,0.0,0.0,0.02321441892826126,0.002321441892826126,7.686687007155328,-3.54089774842528,0.057210363662696474,0.014615351092135607,1.365034271149673,0.03565720561906176,0.0,-0.004179444802212662,2.5,2.5,0.0,0.0,0.0
2026-08-14T10:58:10Z,cam_01,zone_B,event_benchmark_01,0.05,1.4313466611942152,1.3597793281345043,52.97764389506939,52.60484631890107,0.065,0.052000000000000005,0.12000000000000001,0.0675,4,3,MIXED_EXPLICIT,0.372797576168324,0.372797576168324,0.0,0.0,0.023042647274980732,0.0023042647274980734,-2.953972693988405,-4.995187171726535,0.056653177464786875,0.014876957077633207,1.3836600357108797,0.04192064446713722,0.0,-1.71771653280528e-05,2.6133880552094695,3.287467998916471,0.6740799437070013,0.0,0.0
2026-08-14T10:58:20Z,cam_01,zone_B,event_benchmark_01,0.0642228833093343,1.3564585661904016,1.2886356378808814,63.915209156324195,61.29201394193566,0.0692668649928003,0.05541349199424024,0.12568915332373373,0.072478009158267,5,4,MIXED_EXPLICIT,2.623195214388538,2.623195214388538,0.0142228833093343,0.00142228833093343,-0.07488809500381355,-0.007488809500381355,10.937565261254804,8.68716762303459,0.05284457666186686,0.006360666783143866,1.380255912867082,0.0436110410271465,0.00142228833093343,-0.009793074227879428,3.393811968800687,2.5,-0.8938119688006871,0.0,0.0
2026-08-14T10:58:30Z,cam_01,zone_B,event_benchmark_01,0.11792895241309745,1.3190589410432931,1.2531059939911284,67.29941481912208,53.470011901564924,0.08537868572392923,0.06830294857914339,0.147171580965239,0.0912751333445841,9,8,MIXED_EXPLICIT,13.829402917557154,13.829402917557154,0.053706069103763146,0.005370606910376314,-0.037399625147108484,-0.0037399625147108485,3.384205662797882,-7.822002040370734,0.06643036714448636,0.029439973518409955,1.3800515554676234,0.043964472246493615,0.0039483185794428844,0.0037488469856705063,7.789816391099935,2.5,-5.289816391099935,0.0,0.0
2026-08-14T10:58:40Z,cam_01,zone_B,event_benchmark_01,0.08255586169321771,1.3065673536462412,1.241238985963929,54.275441089866604,69.26936643303793,0.07476675850796531,0.05981340680637225,0.1330223446772871,0.0788945515926262,6,5,MIXED_EXPLICIT,-14.993925343171327,-14.993925343171327,-0.035373090719879735,-0.0035373090719879735,-0.012491587397051918,-0.0012491587397051918,-13.023973729255474,15.799354531473007,0.0729415394831299,0.028482213515103067,1.364347107198677,0.054481411686871914,-0.008907915982364288,0.0024908037750056566,3.003552783359063,2.5,-0.503552783359063,0.0,0.0
2026-08-14T10:58:50Z,cam_01,zone_B,event_benchmark_01,0.05,1.3286559822980069,1.2622231831831066,53.24581144216652,61.85253604177258,0.065,0.052000000000000005,0.12000000000000001,0.0675,4,3,MIXED_EXPLICIT,-8.60672459960606,-8.60672459960606,-0.03255586169321771,-0.003255586169321771,0.02208862865176564,0.002208862865176564,-1.0296296477000837,-7.41683039126535,0.0729415394831299,0.028482213515103067,1.3484175008744317,0.04986427036863692,0.0002817229026662024,0.0034580216048817557,2.5,2.5,0.0,0.0,0.0
2026-08-14T10:59:00Z,cam_01,zone_B,event_benchmark_01,0.05,1.3586760554049235,1.2907422526346772,53.63026217195804,56.09675848723025,0.065,0.052000000000000005,0.12000000000000001,0.0675,4,3,MIXED_EXPLICIT,-2.4664963152722095,-2.4664963152722095,0.0,0.0,0.030020073106916678,0.003002007310691668,0.3844507297915172,-5.755777554542334,0.0729415394831299,0.028482213515103067,1.3338833797165734,0.02300853514535647,0.003255586169321771,0.0007931444455151037,2.5,2.5,0.0,0.0,0.0
2026-08-14T10:59:10Z,cam_01,zone_B,event_benchmark_01,0.05,1.3883682753408089,1.3189498615737683,51.74170261920189,55.94307376305686,0.065,0.052000000000000005,0.12000000000000001,0.0675,4,3,MIXED_EXPLICIT,-4.201371143854971,-4.201371143854971,0.0,0.0,0.029692219935885333,0.0029692219935885333,-1.8885595527561492,-0.15368472417338808,0.07009696282126303,0.030227417741731745,1.340265321546655,0.03306391408085012,0.0,-3.278531710313448e-05,2.5,3.7021976565859385,1.2021976565859385,0.0,0.0
2026-08-14T10:59:20Z,cam_01,zone_B,event_benchmark_01,0.05,1.4156792313116624,1.3448952697460792,54.97512492014064,58.53527896693206,0.065,0.052000000000000005,0.12000000000000001,0.0675,4,3,MIXED_EXPLICIT,-3.5601540467914248,-3.5601540467914248,0.0,0.0,0.027310955970853534,0.0027310955970853536,3.2334223009387486,2.592205203875203,0.05651117233864354,0.014559423962423292,1.3595893796003284,0.04399812715066898,0.0,-0.00023812639650317992,2.5,2.5,0.0,0.0,0.0
2026-08-14T10:59:30Z,cam_01,zone_B,event_benchmark_01,0.05,1.3298410524659827,1.2633489998426835,50.20858965556205,57.802490389891254,0.065,0.052000000000000005,0.12000000000000001,0.0675,4,3,MIXED_EXPLICIT,-7.593900734329203,-7.593900734329203,0.0,0.0,-0.08583817884567968,-0.008583817884567968,-4.766535264578586,-0.7327885770408074,0.05,0.0,1.364244119364277,0.03777775632145003,0.0,-0.01131491348165332,2.5,2.5,0.0,0.0,0.0
2026-08-14T10:59:40Z,cam_01,zone_B,event_benchmark_01,0.05,1.444634428447976,1.372402707025577,48.34692332531237,64.58416887764977,0.065,0.052000000000000005,0.12000000000000001,0.0675,4,3,MIXED_EXPLICIT,-16.237245552337406,-16.237245552337406,0.0,0.0,0.11479337598199324,0.011479337598199324,-1.8616663302496832,6.781678487758519,0.05,0.0,1.3874398085942707,0.045316999545380335,0.0,0.02006315548276729,2.5,2.5,0.0,0.0,0.0
2026-08-14T10:59:50Z,cam_01,zone_B,event_benchmark_01,0.05,1.3564438199478714,1.2886216289504777,57.11355611950134,59.93208084872023,0.065,0.052000000000000005,0.12000000000000001,0.0675,4,3,MIXED_EXPLICIT,-2.8185247292188933,-2.8185247292188933,0.0,0.0,-0.08819060850010452,-0.008819060850010451,8.766632794188972,-4.6520880289295405,0.05,0.0,1.3869933615028602,0.04568074821734779,0.0,-0.020298398448209777,2.5,2.5,0.0,0.0,0.0
2026-08-14T11:00:00Z,cam_01,zone_B,event_benchmark_01,0.05,1.368931635282578,1.3004850535184491,57.147647921109055,55.34184130545736,0.065,0.052000000000000005,0.12000000000000001,0.0675,4,3,MIXED_EXPLICIT,1.8058066156516972,1.8058066156516972,0.0,0.0,0.012487815334706553,0.0012487815334706553,0.03409180160771541,-4.590239543262875,0.05,0.0,1.3831060334912142,0.04635650440183915,0.0,0.010067842383481107,3.022080674745782,4.532219566233176,1.5101388914873946,0.0,0.0
2026-08-14T11:00:10Z,cam_01,zone_B,event_benchmark_01,0.07726037166499482,1.3162831930436119,1.2504690333914312,52.159250934899624,67.90699599247903,0.07317811149949845,0.05854248919959876,0.13090414866599792,0.07704113008274818,6,5,MIXED_EXPLICIT,-15.747745057579401,-15.747745057579401,0.027260371664994815,0.0027260371664994815,-0.05264844223896614,-0.005264844223896614,-4.98839698620943,12.565154687021668,0.055452074332998966,0.01219120882696757,1.3632268258376041,0.05006012960927584,0.0027260371664994815,-0.00651362575736727,2.9155826107356,2.5,-0.4155826107356,0.0,0.0
2026-08-14T11:00:20Z,cam_01,zone_B,event_benchmark_01,0.05,1.2487879869863527,1.186348587637035,58.476777153812996,59.246541657601114,0.065,0.052000000000000005,0.12000000000000001,0.0675,4,3,MIXED_EXPLICIT,-0.7697645037881173,-0.7697645037881173,-0.027260371664994815,-0.0027260371664994815,-0.06749520605725912,-0.0067495206057259114,6.317526218913372,-8.660454334877912,0.055452074332998966,0.01219120882696757,1.347016212741678,0.07192319583288562,-0.005452074332998963,-0.0014846763818292974,2.5,3.416059645059267,0.9160596450592671,0.0,0.0
2026-08-14T11:00:30Z,cam_01,zone_B,event_benchmark_01,0.05,1.4142022698180523,1.3434921563271496,50.84211135417334,62.844198379844485,0.065,0.052000000000000005,0.12000000000000001,0.0675,4,3,MIXED_EXPLICIT,-12.002087025671145,-12.002087025671145,0.0,0.0,0.16541428283169957,0.016541428283169957,-7.634665799639656,3.5976567222433715,0.055452074332998966,0.01219120882696757,1.3409297810156935,0.062231847488395456,0.0027260371664994815,0.02329094888889587,2.5,2.5,0.0,0.0,0.0
2026-08-14T11:00:40Z,cam_01,zone_B,event_benchmark_01,0.05,1.4068421948546215,1.3365000851118904,55.265826190189905,55.958867462776205,0.065,0.052000000000000005,0.12000000000000001,0.0675,4,3,MIXED_EXPLICIT,-0.6930412725862993,-0.6930412725862993,0.0,0.0,-0.007360074963430829,-0.000736007496343083,4.423714836016565,-6.885330917068281,0.055452074332998966,0.01219120882696757,1.3510094559970434,0.06907780581111476,0.0,-0.017277435779513038,2.5,4.198864211445041,1.6988642114450414,0.0,0.0
2026-08-14T11:00:50Z,cam_01,zone_B,event_benchmark_01,0.05,1.3559336221440892,1.2881369410368846,58.10172006306228,60.815578138722614,0.065,0.052000000000000005,0.12000000000000001,0.0675,4,3,MIXED_EXPLICIT,-2.713858075660333,-2.713858075660333,0.0,0.0,-0.050908572710532285,-0.005090857271053228,2.8358938728723757,4.85671067594641,0.055452074332998966,0.01219120882696757,1.3484098533693456,0.06847668627990028,0.0,-0.004354849774710146,2.5,2.5,0.0,0.0,0.0
2026-08-14T11:01:00Z,cam_01,zone_B,event_benchmark_01,0.05,1.3733495358612435,1.3046820590681814,53.83193717648143,60.555549955715975,0.065,0.052000000000000005,0.12000000000000001,0.0675,4,3,MIXED_EXPLICIT,-6.723612779234543,-6.723612779234543,0.0,0.0,0.01741591371715434,0.001741591371715434,-4.269782886580849,-0.2600281830066393,0.05,0.0,1.3598231219328718,0.06651086042538315,0.0,0.006832448642768663,2.5,5.216984452482346,2.716984452482346,0.0,0.0
2026-08-14T11:01:10Z,cam_01,zone_B,event_benchmark_01,0.05,1.3957969608852048,1.3260071128409445,56.273704560705674,49.55175353951924,0.065,0.052000000000000005,0.12000000000000001,0.0675,4,3,MIXED_EXPLICIT,6.721951021186435,6.721951021186435,0.0,0.0,0.022447425023961243,0.0022447425023961244,2.441767384224242,-11.003796416196735,0.05,0.0,1.3892249167126423,0.024175227160861422,0.0,0.0005031511306806902,4.670482549183797,2.5,-2.170482549183797,0.0,0.0
2026-08-14T11:01:20Z,cam_01,zone_B,event_benchmark_01,0.05,1.2918727071556728,1.2272790717978892,51.41785178056214,69.0763755523032,0.065,0.052000000000000005,0.12000000000000001,0.0675,4,3,MIXED_EXPLICIT,-17.658523771741066,-17.658523771741066,0.0,0.0,-0.10392425372953196,-0.010392425372953196,-4.855852780143536,19.524622012783965,0.05,0.0,1.3647590041801663,0.04527263685261525,0.0,-0.01263716787534932,2.5,2.5,0.0,0.0,0.0
2026-08-14T11:01:30Z,cam_01,zone_B,event_benchmark_01,0.05,1.343547366132685,1.2763699978260508,53.01766708285951,65.45322230461274,0.065,0.052000000000000005,0.12000000000000001,0.0675,4,3,MIXED_EXPLICIT,-12.435555221753226,-12.435555221753226,0.0,0.0,0.05167465897701229,0.005167465897701229,1.5998153022973725,-3.6231532476904675,0.05,0.0,1.352100038435779,0.03897479369118626,0.0,0.015559891270654425,2.5,2.5,0.0,0.0,0.0
2026-08-14T11:01:40Z,cam_01,zone_B,event_benchmark_01,0.05,1.4097132339810912,1.3392275722820366,52.9707028455983,57.01402341927006,0.065,0.052000000000000005,0.12000000000000001,0.0675,4,3,MIXED_EXPLICIT,-4.043320573671764,-4.043320573671764,0.0,0.0,0.06616586784840606,0.0066165867848406055,-0.04696423726121424,-8.439198885342677,0.05,0.0,1.3628559608031794,0.04691021418653964,0.0,0.0014491208871393769,2.5,2.5692405703655776,0.06924057036557763,0.0,0.0
2026-08-14T11:01:50Z,cam_01,zone_B,event_benchmark_01,0.05,1.3072855288415375,1.2419212523994605,50.26710826729881,53.48865129772072,0.065,0.052000000000000005,0.12000000000000001,0.0675,4,3,MIXED_EXPLICIT,-3.2215430304219126,-3.2215430304219126,0.0,0.0,-0.10242770513955368,-0.010242770513955368,-2.7035945782994872,-3.5253721215493385,0.05,0.0,1.3496431593992384,0.05221910561832823,0.0,-0.016859357298795973,2.5,4.844147459834564,2.3441474598345637,0.0,0.0
2026-08-14T11:02:00Z,cam_01,zone_B,event_benchmark_01,0.05,1.3846778966083313,1.3154440017779148,53.11612918442109,60.73780806901776,0.065,0.052000000000000005,0.12000000000000001,0.0675,4,3,MIXED_EXPLICIT,-7.621678884596669,-7.621678884596669,0.0,0.0,0.07739236776679381,0.007739236776679381,2.8490209171222816,7.249156771297038,0.05,0.0,1.3474193465438637,0.04994965632498896,0.0,0.01798200729063475,2.5,2.5,0.0,0.0,0.0
2026-08-14T11:02:10Z,cam_01,zone_B,event_benchmark_01,0.05,1.3021709097688297,1.2370623642803882,46.25690850568127,59.433488497071984,0.065,0.052000000000000005,0.12000000000000001,0.0675,4,3,MIXED_EXPLICIT,-13.176579991390717,-13.176579991390717,0.0,0.0,-0.08250698683950164,-0.008250698683950165,-6.859220678739824,-1.3043195719457756,0.05,0.0,1.349478987066495,0.04722460681622516,0.0,-0.015989935460629545,2.5,2.5,0.0,0.0,0.0
2026-08-14T11:02:20Z,cam_01,zone_B,event_benchmark_01,0.05666241289768448,1.3893240513830656,1.3198578488139123,52.077224296104234,60.64509648486246,0.06699872386930535,0.05359897909544428,0.1226649651590738,0.06983184451418957,4,3,MIXED_EXPLICIT,-8.567872188758223,-8.567872188758223,0.006662412897684475,0.0006662412897684474,0.08715314161423593,0.008715314161423593,5.820315790422967,1.2116079877904724,0.051332482579536896,0.002979521626679101,1.358634324116571,0.05013481324582485,0.0006662412897684474,0.016966012845373756,2.595804307173359,2.9162030968491237,0.32039878967576474,0.0,0.0
2026-08-14T11:02:30Z,cam_01,zone_B,event_benchmark_01,0.05,1.3682179258851257,1.2998070295908692,52.575622533151645,59.95788698097045,0.065,0.052000000000000005,0.12000000000000001,0.0675,4,3,MIXED_EXPLICIT,-7.382264447818805,-7.382264447818805,-0.006662412897684475,-0.0006662412897684474,-0.021106125497939887,-0.0021106125497939885,0.49839823704741093,-0.6872095038920065,0.051332482579536896,0.002979521626679101,1.3503352624973781,0.0424040571994286,-0.0013324825795368949,-0.010825926711217581,2.5,2.5,0.0,0.0,0.0
2026-08-14T11:02:40Z,cam_01,zone_B,event_benchmark_01,0.05,1.2892434092047245,1.224781238744488,52.7191012375231,61.53120494652963,0.065,0.052000000000000005,0.12000000000000001,0.0675,4,3,MIXED_EXPLICIT,-8.812103709006529,-8.812103709006529,0.0,0.0,-0.07897451668040123,-0.007897451668040123,0.1434787043714536,1.573317965559177,0.051332482579536896,0.002979521626679101,1.3467268385700153,0.04745062597738872,0.0006662412897684474,-0.0057868391182461345,2.5,5.3563971825311105,2.8563971825311105,0.0,0.0
2026-08-14T11:02:50Z,cam_01,zone_B,event_benchmark_01,0.05,1.4282369677228584,1.3568251193367153,52.792512770646105,66.23652849695904,0.065,0.052000000000000005,0.12000000000000001,0.0675,4,3,MIXED_EXPLICIT,-13.444015726312934,-13.444015726312934,0.0,0.0,0.1389935585181339,0.01389935585181339,0.07341153312300719,4.705323550429412,0.051332482579536896,0.002979521626679101,1.3554386527929208,0.05880133381905024,0.0,0.021796807519853512,2.5,2.5,0.0,0.0,0.0
2026-08-14T11:03:00Z,cam_01,zone_B,event_benchmark_01,0.05,1.3332704211600974,1.2666069001020925,53.69117900069936,61.84051602564323,0.065,0.052000000000000005,0.12000000000000001,0.0675,4,3,MIXED_EXPLICIT,-8.149337024943875,-8.149337024943875,0.0,0.0,-0.09496654656276093,-0.009496654656276093,0.8986662300532515,-4.396012471315807,0.051332482579536896,0.002979521626679101,1.3616585550711744,0.05312939290234802,0.0,-0.023396010508089482,2.5,3.0709673128780084,0.5709673128780084,0.0,0.0
2026-08-14T11:03:10Z,cam_01,zone_B,event_benchmark_01,0.05,1.3294873781492809,1.2630130092418168,56.39720759043032,53.751722505450296,0.065,0.052000000000000005,0.12000000000000001,0.0675,4,3,MIXED_EXPLICIT,2.6454850849800238,2.6454850849800238,0.0,0.0,-0.003783043010816556,-0.0003783043010816556,2.7060285897309626,-8.088793520192937,0.05,0.0,1.3496912204244176,0.05206834212433579,0.0,0.009118350355194437,3.287467998916471,2.5,-0.7874679989164708,0.0,0.0
2026-08-14T11:03:20Z,cam_01,zone_B,event_benchmark_01,0.05,1.380028459861547,1.3110270368684698,58.37258537066261,65.81281426356226,0.065,0.052000000000000005,0.12000000000000001,0.0675,4,3,MIXED_EXPLICIT,-7.440228892899647,-7.440228892899647,0.0,0.0,0.050541081712266234,0.005054108171226623,1.975377780232293,12.061091758111964,0.05,0.0,1.3520533272197015,0.05337054558739249,0.0,0.005432412472308279,2.5,2.5,0.0,0.0,0.0
2026-08-14T11:03:30Z,cam_01,zone_B,event_benchmark_01,0.05,1.4274318674714357,1.3560602740978638,50.751173865758666,67.20307281744144,0.065,0.052000000000000005,0.12000000000000001,0.0675,4,3,MIXED_EXPLICIT,-16.45189895168277,-16.45189895168277,0.0,0.0,0.04740340760988859,0.00474034076098886,-7.621411504903946,1.3902585538791783,0.05,0.0,1.379691018873044,0.048247510492748474,0.0,-0.0003137674102377641,2.5,2.5,0.0,0.0,0.0
2026-08-14T11:03:40Z,cam_01,zone_B,event_benchmark_01,0.05,1.3192089090510801,1.2532484635985262,47.98399572305428,74.76028367256042,0.065,0.052000000000000005,0.12000000000000001,0.0675,4,3,MIXED_EXPLICIT,-26.77628794950614,-26.77628794950614,0.0,0.0,-0.10822295842035556,-0.010822295842035557,-2.767178142704388,7.557210855118981,0.05,0.0,1.357885407138688,0.0453741171215255,0.0,-0.015562636603024416,2.5,5.050299964077387,2.5502999640773867,0.0,0.0
2026-08-14T11:03:50Z,cam_01,zone_B,event_benchmark_01,0.05,1.3730839924923985,1.3044297928677786,48.78977793878448,53.38252983380201,0.065,0.052000000000000005,0.12000000000000001,0.0675,4,3,MIXED_EXPLICIT,-4.592751895017528,-4.592751895017528,0.0,0.0,0.05387508344131842,0.005387508344131842,0.8057822157302041,-21.37775383875841,0.05,0.0,1.3658481214051483,0.043426136680036725,0.0,0.0162098041861674,2.5,2.5,0.0,0.0,0.0
2026-08-14T11:04:00Z,cam_01,zone_B,event_benchmark_01,0.05,1.3914408250165284,1.321868783765702,51.563985394025366,60.21441006575137,0.065,0.052000000000000005,0.12000000000000001,0.0675,4,3,MIXED_EXPLICIT,-8.650424671726007,-8.650424671726007,0.0,0.0,0.018356832524129896,0.0018356832524129897,2.7742074552408837,6.831880231949363,0.05,0.0,1.378238810778598,0.03907862043396315,0.0,-0.003551825091718852,2.5,3.7444393796065425,1.2444393796065425,0.0,0.0
2026-08-14T11:04:10Z,cam_01,zone_B,event_benchmark_01,0.05,1.4046552803631571,1.3344225163449992,52.240393410917456,48.589506484055065,0.065,0.052000000000000005,0.12000000000000001,0.0675,4,3,MIXED_EXPLICIT,3.650886926862391,3.650886926862391,0.0,0.0,0.013214455346628684,0.0013214455346628683,0.6764080168920898,-11.624903581696309,0.05,0.0,1.38316417487892,0.040871399731215265,0.0,-0.0005142377177501211,3.7021976565859385,3.060777430349061,-0.6414202262368773,0.0,0.0
2026-08-14T11:04:20Z,cam_01,zone_B,event_benchmark_01,0.05,1.3788220777638611,1.309880973875668,50.150019669012714,61.765745781896044,0.065,0.052000000000000005,0.12000000000000001,0.0675,4,3,MIXED_EXPLICIT,-11.61572611288333,-11.61572611288333,0.0,0.0,-0.025833202599296,-0.0025833202599296,-2.0903737419047417,13.17623929784098,0.05,0.0,1.373442216937405,0.03266698690101154,0.0,-0.0039047657945924684,2.5,2.5,0.0,0.0,0.0
2026-08-14T11:04:30Z,cam_01,zone_B,event_benchmark_01,0.05,1.3516486080458339,1.284066177643542,47.51941667875053,56.25899850916613,0.065,0.052000000000000005,0.12000000000000001,0.0675,4,3,MIXED_EXPLICIT,-8.739581830415602,-8.739581830415602,0.0,0.0,-0.027173469718027254,-0.0027173469718027254,-2.630602990262183,-5.5067472727299105,0.05,0.0,1.3799301567363558,0.01994850259302175,0.0,-0.00013402671187312531,2.5,2.5,0.0,0.0,0.0
2026-08-14T11:04:40Z,cam_01,zone_B,event_benchmark_01,0.05,1.328620488967564,1.2621894645191856,51.71939586262906,68.61722897412477,0.065,0.052000000000000005,0.12000000000000001,0.0675,4,3,MIXED_EXPLICIT,-16.897833111495714,-16.897833111495714,0.0,0.0,-0.02302811907826996,-0.002302811907826996,4.199979183878526,12.358230464958638,0.05,0.0,1.371037456031389,0.030749725345778495,0.0,0.0004145350639757295,2.5,2.5,0.0,0.0,0.0
2026-08-14T11:04:50Z,cam_01,zone_B,event_benchmark_01,0.05,1.3743071941523186,1.3055918344447026,54.90713310056986,55.12692514990709,0.065,0.052000000000000005,0.12000000000000001,0.0675,4,3,MIXED_EXPLICIT,-0.2197920493372294,-0.2197920493372294,0.0,0.0,0.045686705184754706,0.00456867051847547,3.1877372379408015,-13.490303824217683,0.05,0.0,1.367610729858547,0.028800450931716307,0.0,0.006871482426302466,2.5,2.5,0.0,0.0,0.0
2026-08-14T11:05:00Z,cam_01,zone_B,event_benchmark_01,0.05,1.3163930494007194,1.2505733969306834,56.97514732917782,50.554084810163694,0.065,0.052000000000000005,0.12000000000000001,0.0675,4,3,MIXED_EXPLICIT,6.421062519014129,6.421062519014129,0.0,0.0,-0.05791414475159917,-0.005791414475159917,2.0680142286079644,-4.572840339743394,0.05,0.0,1.3499582836660593,0.027435249597822006,0.0,-0.010360084993635388,4.532219566233176,2.5,-2.0322195662331763,0.0,0.0
2026-08-14T11:05:10Z,cam_01,zone_B,event_benchmark_01,0.05,1.2239324758252694,1.1627358520340059,51.21288473445839,56.6436812964874,0.065,0.052000000000000005,0.12000000000000001,0.0675,4,3,MIXED_EXPLICIT,-5.430796562029009,-5.430796562029009,0.0,0.0,-0.09246057357545001,-0.009246057357545,-5.762262594719431,6.089596486323707,0.05,0.0,1.318980363278341,0.05758037763953079,0.0,-0.003454642882385084,2.5,4.456517810572753,1.9565178105727528,0.0,0.0
2026-08-14T11:05:20Z,cam_01,zone_B,event_benchmark_01,0.05,1.3918279902078832,1.322236590697489,51.93501088928283,49.12256114391431,0.065,0.052000000000000005,0.12000000000000001,0.0675,4,3,MIXED_EXPLICIT,2.812449745368518,2.812449745368518,0.0,0.0,0.16789551438261374,0.016789551438261375,0.7221261548244371,-7.52112015257309,0.05,0.0,1.3270162397107508,0.06553374233808097,0.0,0.026035608795806374,3.416059645059267,3.7914078882110767,0.3753482431518096,0.0,0.0
2026-08-14T11:05:30Z,cam_01,zone_B,event_benchmark_01,0.05,1.4151967420543097,1.344436904951594,49.366508455763444,62.75549727253655,0.065,0.052000000000000005,0.12000000000000001,0.0675,4,3,MIXED_EXPLICIT,-13.388988816773107,-13.388988816773107,0.0,0.0,0.023368751846426505,0.0023368751846426505,-2.5685024335193845,13.63293612862224,0.05,0.0,1.3443314903280998,0.07657157337666519,0.0,-0.014452676253618724,2.5,2.5,0.0,0.0,0.0
2026-08-14T11:05:40Z,cam_01,zone_B,event_benchmark_01,0.05,1.251853378222908,1.1892607093117624,53.84280414812612,48.6745847687184,0.065,0.052000000000000005,0.12000000000000001,0.0675,4,3,MIXED_EXPLICIT,5.168219379407724,5.168219379407724,0.0,0.0,-0.1633433638314017,-0.01633433638314017,4.476295692362676,-14.080912503818155,0.05,0.0,1.3198407271422181,0.08382644927044326,0.0,-0.01867121156778282,4.198864211445041,2.5,-1.6988642114450414,0.0,0.0
2026-08-14T11:05:50Z,cam_01,zone_B,event_benchmark_01,0.05,1.319513464764503,1.2535377915262778,49.75785682904593,59.14228790591579,0.065,0.052000000000000005,0.12000000000000001,0.0675,4,3,MIXED_EXPLICIT,-9.384431076869866,-9.384431076869866,0.0,0.0,0.06766008654159505,0.006766008654159506,-4.084947319080193,10.467703137197397,0.05,0.0,1.3204648102149747,0.0838059777247526,0.0,0.023100345037299675,2.5,3.924649634016842,1.4246496340168422,0.0,0.0
2026-08-14T11:06:00Z,cam_01,zone_B,event_benchmark_01,0.05,1.4009577130502597,1.3309098273977467,56.865639066206,48.610940900719015,0.065,0.052000000000000005,0.12000000000000001,0.0675,4,3,MIXED_EXPLICIT,8.254698165486985,8.254698165486985,0.0,0.0,0.08144424828575669,0.008144424828575669,7.107782237160073,-10.531347005196778,0.05,0.0,1.3558698576599728,0.06889629255413246,0.0,0.0013784161744161637,5.216984452482346,3.992785455817504,-1.2241989966648417,0.0,0.0
2026-08-14T11:06:10Z,cam_01,zone_B,event_benchmark_01,0.05,1.472874773485585,1.3992310348113057,45.070667540329445,57.39851097731679,0.065,0.052000000000000005,0.12000000000000001,0.0675,4,3,MIXED_EXPLICIT,-12.327843436987344,-12.327843436987344,0.0,0.0,0.0719170604353252,0.00719170604353252,-11.794971525876555,8.787570076597774,0.05,0.0,1.3720792143155132,0.08670386860733377,0.0,-0.0009527187850431496,2.5,2.5,0.0,0.0,0.0
2026-08-14T11:06:20Z,cam_01,zone_B,event_benchmark_01,0.05,1.3710396853837703,1.3024877011145817,52.20185163773769,67.21689077902266,0.065,0.052000000000000005,0.12000000000000001,0.0675,4,3,MIXED_EXPLICIT,-15.015039141284973,-15.015039141284973,0.0,0.0,-0.10183508810181463,-0.010183508810181463,7.131184097408244,9.818379801705873,0.05,0.0,1.363247802981405,0.08339999043351908,0.0,-0.01737521485371398,2.5,2.5,0.0,0.0,0.0
2026-08-14T11:06:30Z,cam_01,zone_B,event_benchmark_01,0.05,1.333599852938543,1.2669198602916159,55.50553669595871,60.803239457178975,0.065,0.052000000000000005,0.12000000000000001,0.0675,4,3,MIXED_EXPLICIT,-5.297702761220265,-5.297702761220265,0.0,0.0,-0.037439832445227195,-0.0037439832445227196,3.3036850582210207,-6.4136513218436875,0.05,0.0,1.3795970979245322,0.061147402778092,0.0,0.006439525565658744,2.5,2.5,0.0,0.0,0.0
2026-08-14T11:06:40Z,cam_01,zone_B,event_benchmark_01,0.05,1.360855177944758,1.29281241904752,54.91917258161252,54.68253197517533,0.065,0.052000000000000005,0.12000000000000001,0.0675,4,3,MIXED_EXPLICIT,0.23664060643719154,0.23664060643719154,0.0,0.0,0.02725532500621486,0.002725532500621486,-0.5863641143461891,-6.120707482003645,0.05,0.0,1.3878654405605833,0.053280879795449064,0.0,0.006469515745144205,2.5692405703655776,2.5,-0.06924057036557763,0.0,0.0
2026-08-14T11:06:50Z,cam_01,zone_B,event_benchmark_01,0.05,1.438743820957409,1.3668066299095385,67.46516831990249,58.84398255530458,0.065,0.052000000000000005,0.12000000000000001,0.0675,4,3,MIXED_EXPLICIT,8.62118576459791,8.62118576459791,0.0,0.0,0.07788864301265108,0.007788864301265108,12.545995738289967,4.161450580129248,0.05,0.0,1.395422662142013,0.05806688516231588,0.0,0.0050633318006436225,4.844147459834564,2.5,-2.3441474598345637,0.0,0.0
2026-08-14T11:07:00Z,cam_01,zone_B,event_benchmark_01,0.05,1.3377017910437732,1.2708167014915845,55.74900012283954,59.090084360222235,0.065,0.052000000000000005,0.12000000000000001,0.0675,4,3,MIXED_EXPLICIT,-3.341084237382695,-3.341084237382695,0.0,0.0,-0.10104202991363587,-0.010104202991363586,-11.716168197062949,0.24610180491765732,0.05,0.0,1.3683880656536507,0.0423248596634835,0.0,-0.017893067292628694,2.5,5.075366326314064,2.5753663263140636,0.0,0.0
2026-08-14T11:07:10Z,cam_01,zone_B,event_benchmark_01,0.05,1.3300403996674872,1.2635383796841129,48.97972701578995,61.36315172921703,0.065,0.052000000000000005,0.12000000000000001,0.0675,4,3,MIXED_EXPLICIT,-12.383424713427083,-12.383424713427083,0.0,0.0,-0.007661391376285964,-0.0007661391376285964,-6.769273107049592,2.273067368994795,0.05,0.0,1.3601882085103942,0.04553267808859508,0.0,0.00933806385373499,2.5,5.2945083201745815,2.7945083201745815,0.0,0.0
2026-08-14T11:07:20Z,cam_01,zone_B,event_benchmark_01,0.05,1.3458628238908983,1.2785696826963533,53.522678764554634,52.16570818359587,0.065,0.052000000000000005,0.12000000000000001,0.0675,4,3,MIXED_EXPLICIT,1.356970580958766,1.356970580958766,0.0,0.0,0.01582242422341107,0.001582242422341107,4.542951748764686,-9.197443545621162,0.05,0.0,1.3626408027008652,0.04404854991042304,0.0,0.0023483815599697035,2.9162030968491237,2.5,-0.4162030968491237,0.0,0.0
2026-08-14T11:07:30Z,cam_01,zone_B,event_benchmark_01,0.05,1.3223335695870642,1.256216891107711,45.11876833266774,61.962836369236655,0.065,0.052000000000000005,0.12000000000000001,0.0675,4,3,MIXED_EXPLICIT,-16.844068036568913,-16.844068036568913,0.0,0.0,-0.023529254303834124,-0.0023529254303834126,-8.403910431886892,9.797128185640787,0.05,0.0,1.3549364810293263,0.04765973331931307,0.0,-0.003935167852724519,2.5,2.5,0.0,0.0,0.0
2026-08-14T11:07:40Z,cam_01,zone_B,event_benchmark_01,0.05,1.3761335157997396,1.3073268400097526,53.5970012535162,45.478041841986126,0.065,0.052000000000000005,0.12000000000000001,0.0675,4,3,MIXED_EXPLICIT,8.11895941153007,8.11895941153007,0.0,0.0,0.053799946212675476,0.005379994621267548,8.478232920848455,-16.48479452725053,0.05,0.0,1.3424144199977925,0.020781209752573963,0.0,0.00773292005165096,5.3563971825311105,3.0029689114321663,-2.3534282710989443,0.0,0.0
2026-08-14T11:07:50Z,cam_01,zone_B,event_benchmark_01,0.05,1.4512339229234779,1.378672226777304,49.834719714996204,55.850577238180946,0.065,0.052000000000000005,0.12000000000000001,0.0675,4,3,MIXED_EXPLICIT,-6.015857523184742,-6.015857523184742,0.0,0.0,0.07510040712373822,0.007510040712373822,-3.762281538519993,10.37253539619482,0.05,0.0,1.3651208463737334,0.05236649946918942,0.0,0.0021300460911062745,2.5,3.6710990530083905,1.1710990530083905,0.0,0.0
2026-08-14T11:08:00Z,cam_01,zone_B,event_benchmark_01,0.05,1.3861539636558013,1.3168462654730113,58.57695137780081,56.558630787742274,0.065,0.052000000000000005,0.12000000000000001,0.0675,4,3,MIXED_EXPLICIT,2.0183205900585364,2.0183205900585364,0.0,0.0,-0.06507995926767651,-0.006507995926767651,8.742231662804606,0.7080535495613276,0.05,0.0,1.3763435591713962,0.04886463172741515,0.0,-0.014018036639141473,3.0709673128780084,4.186007348888979,1.1150400360109707,0.0,0.0
2026-08-14T11:08:10Z,cam_01,zone_B,event_benchmark_01,0.05,1.3573823248936856,1.2895132086490013,51.25229862702233,62.166634130356194,0.065,0.052000000000000005,0.12000000000000001,0.0675,4,3,MIXED_EXPLICIT,-10.914335503333866,-10.914335503333866,0.0,0.0,-0.028771638762115748,-0.002877163876211575,-7.324652750778483,5.6080033426139195,0.05,0.0,1.3786474593719538,0.047315225712362886,0.0,0.0036308320505560763,2.5,2.5,0.0,0.0,0.0
2026-08-14T11:08:20Z,cam_01,zone_B,event_benchmark_01,0.05,1.3554094365542226,1.2876389647265114,53.416170421023764,59.113154263384345,0.065,0.052000000000000005,0.12000000000000001,0.0675,4,3,MIXED_EXPLICIT,-5.696983842360581,-5.696983842360581,0.0,0.0,-0.0019728883394629637,-0.00019728883394629638,2.1638717940014374,-3.0534798669718484,0.05,0.0,1.3852626327653854,0.03906683780232975,0.0,0.0026798750422652785,2.5,2.5,0.0,0.0,0.0
2026-08-14T11:08:30Z,cam_01,zone_B,event_benchmark_01,0.05,1.291840459565167,1.2272484365869085,50.822210792977984,51.97218473071857,0.065,0.052000000000000005,0.12000000000000001,0.0675,4,3,MIXED_EXPLICIT,-1.149973937740583,-1.149973937740583,0.0,0.0,-0.06356897698905573,-0.0063568976989055725,-2.5939596280457806,-7.140969532665778,0.05,0.0,1.368404021518471,0.05772384487042729,0.0,-0.0061596088649592765,2.5,2.5,0.0,0.0,0.0
2026-08-14T11:08:40Z,cam_01,zone_B,event_benchmark_01,0.05,1.4141554888573578,1.3434477144144898,62.69425675926666,54.07503437091492,0.065,0.052000000000000005,0.12000000000000001,0.0675,4,3,MIXED_EXPLICIT,8.619222388351737,8.619222388351737,0.0,0.0,0.12231502929219085,0.012231502929219085,11.872045966288674,2.1028496401963537,0.05,0.0,1.360988334705247,0.045512666393103286,0.0,0.018588400628124658,5.050299964077387,5.787977923798594,0.7376779597212071,0.0,0.0
2026-08-14T11:08:50Z,cam_01,zone_B,event_benchmark_01,0.05,1.3661081401493598,1.2978027331418918,52.39378616941044,59.99340004773703,0.065,0.052000000000000005,0.12000000000000001,0.0675,4,3,MIXED_EXPLICIT,-7.599613878326593,-7.599613878326593,0.0,0.0,-0.04804734870799798,-0.004804734870799798,-10.300470589856218,5.918365676822113,0.05,0.0,1.3569791700039586,0.04358367735786532,0.0,-0.017036237800018884,2.5,2.5,0.0,0.0,0.0
2026-08-14T11:09:00Z,cam_01,zone_B,event_benchmark_01,0.05,1.3609760043204686,1.292927204104445,63.16278521739601,58.604663290677216,0.065,0.052000000000000005,0.12000000000000001,0.0675,4,3,MIXED_EXPLICIT,4.5581219267187905,4.5581219267187905,0.0,0.0,-0.00513213582889116,-0.000513213582889116,10.768999047985567,-1.3887367570598173,0.05,0.0,1.357697905889315,0.04362160294069334,0.0,0.004291521287910683,3.7444393796065425,2.5,-1.2444393796065425,0.0,0.0
2026-08-14T11:09:10Z,cam_01,zone_B,event_benchmark_01,0.05,1.5296553783922429,1.4531726094726307,58.07075881059133,56.104379451821266,0.065,0.052000000000000005,0.12000000000000001,0.0675,4,3,MIXED_EXPLICIT,1.9663793587700624,1.9663793587700624,0.0,0.0,0.16867937407177425,0.016867937407177423,-5.092026406804678,-2.5002838388559496,0.05,0.0,1.3925470942569191,0.08818047201727153,0.0,0.01738115099006654,3.060777430349061,2.5,-0.5607774303490611,0.0,0.0
2026-08-14T11:09:20Z,cam_01,zone_B,event_benchmark_01,0.05,1.3849376454182842,1.31569076314737,56.41033363667693,56.595831052440104,0.065,0.052000000000000005,0.12000000000000001,0.0675,4,3,MIXED_EXPLICIT,-0.18549741576317302,-0.18549741576317302,0.0,0.0,-0.14471773297395862,-0.014471773297395862,-1.6604251739143976,0.49145160061883786,0.05,0.0,1.4111665314275426,0.06943673886835904,0.0,-0.03133971070457329,2.5,2.5,0.0,0.0,0.0
2026-08-14T11:09:30Z,cam_01,zone_B,event_benchmark_01,0.05,1.3324104474952407,1.2657899251204787,55.843665736587596,62.48083998579644,0.065,0.052000000000000005,0.12000000000000001,0.0675,4,3,MIXED_EXPLICIT,-6.637174249208847,-6.637174249208847,0.0,0.0,-0.0525271979230435,-0.00525271979230435,-0.5666679000893353,5.885008933356339,0.05,0.0,1.3948175231551194,0.0776900562348018,0.0,0.009219053505091512,2.5,2.5,0.0,0.0,0.0
2026-08-14T11:09:40Z,cam_01,zone_B,event_benchmark_01,0.05,1.3486821201897228,1.2812480141802365,55.96898649108126,56.41153713565393,0.065,0.052000000000000005,0.12000000000000001,0.0675,4,3,MIXED_EXPLICIT,-0.4425506445726697,-0.4425506445726697,0.0,0.0,0.016271672694482042,0.0016271672694482043,0.1253207544936643,-6.069302850142513,0.05,0.0,1.3913323191631917,0.07966569658728295,0.0,0.006879887061752554,2.5,2.5,0.0,0.0,0.0
2026-08-14T11:09:50Z,cam_01,zone_B,event_benchmark_01,0.05,1.4274222854598375,1.3560511711868455,44.361637103271946,58.559543779854636,0.065,0.052000000000000005,0.12000000000000001,0.0675,4,3,MIXED_EXPLICIT,-14.19790667658269,-14.19790667658269,0.0,0.0,0.07874016527011474,0.007874016527011474,-11.607349387809315,2.1480066442007058,0.05,0.0,1.4046215753910656,0.07887403091632882,0.0,0.00624684925756327,2.5,2.5,0.0,0.0,0.0
2026-08-14T11:10:00Z,cam_01,zone_B,event_benchmark_01,0.05,1.3756635205268881,1.3068803445005437,52.60558302924622,69.84968294040272,0.065,0.052000000000000005,0.12000000000000001,0.0675,4,3,MIXED_EXPLICIT,-17.244099911156496,-17.244099911156496,0.0,0.0,-0.0517587649329494,-0.00517587649329494,8.243945925974273,11.29013916054808,0.05,0.0,1.3738232038179947,0.036561146052795,0.0,-0.013049893020306413,2.5,2.5,0.0,0.0,0.0
2026-08-14T11:10:10Z,cam_01,zone_B,event_benchmark_01,0.05,1.2980861010841316,1.233181796029925,58.225789855921604,51.881586815580384,0.065,0.052000000000000005,0.12000000000000001,0.0675,4,3,MIXED_EXPLICIT,6.34420304034122,6.34420304034122,0.0,0.0,-0.07757741944275653,-0.007757741944275654,5.6202068266753855,-17.96809612482233,0.05,0.0,1.3564528949511643,0.048607636669980955,0.0,-0.0025818654509807137,4.456517810572753,2.5,-1.9565178105727528,0.0,0.0
2026-08-14T11:10:20Z,cam_01,zone_B,event_benchmark_01,0.05,1.41596144672876,1.345163374392322,53.755514082629475,49.74078634212671,0.065,0.052000000000000005,0.12000000000000001,0.0675,4,3,MIXED_EXPLICIT,4.014727740502764,4.014727740502764,0.0,0.0,0.11787534564462843,0.011787534564462843,-4.47027577329213,-2.140800473453673,0.05,0.0,1.373163094797868,0.05248305424366834,0.0,0.019545276508738496,3.7914078882110767,2.5,-1.2914078882110767,0.0,0.0
2026-08-14T11:10:30Z,cam_01,zone_B,event_benchmark_01,0.05,1.3365927957230501,1.2697631559368976,46.97405076598213,62.91794832399303,0.065,0.052000000000000005,0.12000000000000001,0.0675,4,3,MIXED_EXPLICIT,-15.943897558010903,-15.943897558010903,0.0,0.0,-0.07936865100570989,-0.007936865100570989,-6.781463316647347,13.17716198186632,0.05,0.0,1.3707452299045335,0.05414499569309301,0.0,-0.01972439966503383,2.5,2.5,0.0,0.0,0.0
2026-08-14T11:10:40Z,cam_01,zone_B,event_benchmark_01,0.05,1.4636648888108772,1.3904816443703332,53.73797774711265,55.606784693529484,0.065,0.052000000000000005,0.12000000000000001,0.0675,4,3,MIXED_EXPLICIT,-1.8688069464168322,-1.8688069464168322,0.0,0.0,0.12707209308782708,0.012707209308782708,6.763926981130524,-7.311163630463547,0.05,0.0,1.3779937505747415,0.06497266994617862,0.0,0.020644074409353695,2.5,4.3369120483611265,1.8369120483611265,0.0,0.0
2026-08-14T11:10:50Z,cam_01,zone_B,event_benchmark_01,0.05,1.4240024032857324,1.3528022831214457,62.520527581277456,57.4088123612869,0.065,0.052000000000000005,0.12000000000000001,0.0675,4,3,MIXED_EXPLICIT,5.111715219990558,5.111715219990558,0.0,0.0,-0.03966248552514484,-0.003966248552514484,8.782549834164804,1.8020276677574145,0.05,0.0,1.3876615271265103,0.06806215540715364,0.0,-0.016673457861297192,3.924649634016842,2.5,-1.4246496340168422,0.0,0.0
2026-08-14T11:11:00Z,cam_01,zone_B,event_benchmark_01,0.05,1.3476339052170623,1.280252209956209,60.2344585776736,55.09421810934443,0.065,0.052000000000000005,0.12000000000000001,0.0675,4,3,MIXED_EXPLICIT,5.140240468329168,5.140240468329168,0.0,0.0,-0.07636849806867008,-0.0076368498068670075,-2.2860690036038562,-2.3145942519424665,0.05,0.0,1.3975710879530965,0.05389175396302074,0.0,-0.0036706012543525233,3.992785455817504,2.5,-1.4927854558175042,0.0,0.0
2026-08-14T11:11:10Z,cam_01,zone_B,event_benchmark_01,0.05,1.4340508180867555,1.3623482771824176,53.68997995316984,57.700999296162436,0.065,0.052000000000000005,0.12000000000000001,0.0675,4,3,MIXED_EXPLICIT,-4.011019342992597,-4.011019342992597,0.0,0.0,0.08641691286969322,0.008641691286969322,-6.5444786245037605,2.6067811868180044,0.05,0.0,1.4011889622246954,0.056000903841689195,0.0,0.016278541093836328,2.5,2.5,0.0,0.0,0.0
2026-08-14T11:11:20Z,cam_01,zone_B,event_benchmark_01,0.05,1.37339277552637,1.3047231367500514,58.75724638529043,66.9926905604817,0.065,0.052000000000000005,0.12000000000000001,0.0675,4,3,MIXED_EXPLICIT,-8.235444175191276,-8.235444175191276,0.0,0.0,-0.06065804256038554,-0.006065804256038554,5.06726643212059,9.291691264319269,0.05,0.0,1.4085489581853596,0.04709968282775192,0.0,-0.014707495543007876,2.5,2.5,0.0,0.0,0.0
2026-08-14T11:11:30Z,cam_01,zone_B,event_benchmark_01,0.05,1.412638683756111,1.3420067495683052,52.16746489815974,63.0106422930906,0.065,0.052000000000000005,0.12000000000000001,0.0675,4,3,MIXED_EXPLICIT,-10.843177394930855,-10.843177394930855,0.0,0.0,0.039245908229740945,0.003924590822974095,-6.589781487130686,-3.9820482673911073,0.05,0.0,1.3983437171744062,0.03650940226834857,0.0,0.009990395079012648,2.5,2.5,0.0,0.0,0.0
2026-08-14T11:11:40Z,cam_01,zone_B,event_benchmark_01,0.05,1.3942366408647235,1.3245248088214874,45.480642065866405,63.311117559434884,0.065,0.052000000000000005,0.12000000000000001,0.0675,4,3,MIXED_EXPLICIT,-17.83047549356848,-17.83047549356848,0.0,0.0,-0.01840204289138736,-0.001840204289138736,-6.686822832293338,0.3004752663442858,0.05,0.0,1.3923905646902046,0.03358960254424595,0.0,-0.005764795112112831,2.5,2.5,0.0,0.0,0.0
2026-08-14T11:11:50Z,cam_01,zone_B,event_benchmark_01,0.05,1.3276821672504562,1.2612980588879332,49.377670059352226,51.91886472103677,0.065,0.052000000000000005,0.12000000000000001,0.0675,4,3,MIXED_EXPLICIT,-2.5411946616845427,-2.5411946616845427,0.0,0.0,-0.06655447361426736,-0.006655447361426736,3.897027993485821,-11.392252838398115,0.05,0.0,1.3884002170968832,0.040673853268315054,0.0,-0.0048152430722880005,2.5,2.5,0.0,0.0,0.0
2026-08-14T11:12:00Z,cam_01,zone_B,event_benchmark_01,0.05,1.3378225083841269,1.2709313829649205,61.81444384254099,53.24423131723565,0.065,0.052000000000000005,0.12000000000000001,0.0675,4,3,MIXED_EXPLICIT,8.570212525305337,8.570212525305337,0.0,0.0,0.010140341133670683,0.0010140341133670684,12.436773783188762,1.325366596198883,0.05,0.0,1.3691545551563575,0.03619253752163836,0.0,0.007669481474793805,5.075366326314064,2.5,-2.5753663263140636,0.0,0.0
2026-08-14T11:12:10Z,cam_01,zone_B,event_benchmark_01,0.05,1.4214980408790578,1.350423138835105,52.63003459085348,44.80460670257287,0.065,0.052000000000000005,0.12000000000000001,0.0675,4,3,MIXED_EXPLICIT,7.825427888280608,7.825427888280608,0.0,0.0,0.08367553249493098,0.008367553249493098,-9.184409251687512,-8.439624614662783,0.05,0.0,1.3787756082268952,0.04329738376561548,0.0,0.00735351913612603,5.2945083201745815,2.5,-2.7945083201745815,0.0,0.0
2026-08-14T11:12:20Z,cam_01,zone_B,event_benchmark_01,0.05,1.3532612333946727,1.285598171724939,52.78308010312491,54.95309589458623,0.065,0.052000000000000005,0.12000000000000001,0.0675,4,3,MIXED_EXPLICIT,-2.170015791461317,-2.170015791461317,0.0,0.0,-0.0682368074843851,-0.0068236807484385095,0.15304551227143293,10.148489192013358,0.05,0.0,1.3669001181546077,0.039679317283330476,0.0,-0.015191233997931607,2.5,3.0925873228047225,0.5925873228047225,0.0,0.0
2026-08-14T11:12:30Z,cam_01,zone_B,event_benchmark_01,0.05,1.3498175768379,1.2823266979960048,52.500809018625596,63.78351593192829,0.065,0.052000000000000005,0.12000000000000001,0.0675,4,3,MIXED_EXPLICIT,-11.282706913302697,-11.282706913302697,0.0,0.0,-0.0034436565567728117,-0.00034436565567728115,-0.28227108449931393,8.830420037342066,0.05,0.0,1.3580163053492427,0.03690430183067237,0.0,0.006479315092761229,2.5,2.5,0.0,0.0,0.0
2026-08-14T11:12:40Z,cam_01,zone_B,event_benchmark_01,0.05,1.3222438710325322,1.2561316774809055,63.52068294786503,61.58473257874186,0.065,0.052000000000000005,0.12000000000000001,0.0675,4,3,MIXED_EXPLICIT,1.9359503691231765,1.9359503691231765,0.0,0.0,-0.027573705805367776,-0.002757370580536778,11.019873929239438,-2.1987833531864354,0.05,0.0,1.356928646105658,0.03808313958969847,0.0,-0.0024130049248594966,3.0029689114321663,2.5,-0.5029689114321663,0.0,0.0
2026-08-14T11:12:50Z,cam_01,zone_B,event_benchmark_01,0.05,1.391179953279673,1.3216209556156893,62.12979457681031,57.89243368523938,0.065,0.052000000000000005,0.12000000000000001,0.0675,4,3,MIXED_EXPLICIT,4.23736089157093,4.23736089157093,0.0,0.0,0.06893608224714076,0.006893608224714076,-1.3908883710547215,-3.6922988935024748,0.05,0.0,1.3676001350847673,0.038858738539008286,0.0,0.009650978805250853,3.6710990530083905,2.5,-1.1710990530083905,0.0,0.0
2026-08-14T11:13:00Z,cam_01,zone_B,event_benchmark_01,0.05,1.473126245962157,1.399469933664049,65.09390116724067,58.888498581409735,0.065,0.052000000000000005,0.12000000000000001,0.0675,4,3,MIXED_EXPLICIT,6.205402585830939,6.205402585830939,0.0,0.0,0.0819462926824841,0.00819462926824841,2.9641065904303616,0.9960648961703527,0.05,0.0,1.377925776101387,0.05860394133342977,0.0,0.001301021043534334,4.186007348888979,3.591796308291549,-0.5942110405974299,0.0,0.0
2026-08-14T11:13:10Z,cam_01,zone_B,event_benchmark_01,0.05,1.3166233542872863,1.250792186572922,53.20477394799974,55.55557228712297,0.065,0.052000000000000005,0.12000000000000001,0.0675,4,3,MIXED_EXPLICIT,-2.35079833912323,-2.35079833912323,0.0,0.0,-0.15650289167487075,-0.015650289167487074,-11.889127219240933,-3.3329262942867643,0.05,0.0,1.3705982002799098,0.06445709459689744,0.0,-0.023844918435735486,2.5,2.5,0.0,0.0,0.0
2026-08-14T11:13:20Z,cam_01,zone_B,event_benchmark_01,0.05,1.3712109728336377,1.3026504241919556,55.47812244373547,60.02379441200892,0.065,0.052000000000000005,0.12000000000000001,0.0675,4,3,MIXED_EXPLICIT,-4.545671968273446,-4.545671968273446,0.0,0.0,0.05458761854635141,0.005458761854635142,2.273348495735732,4.468222124885948,0.05,0.0,1.3748768794790573,0.06343475757936531,0.0,0.021109051022122217,2.5,2.5,0.0,0.0,0.0
2026-08-14T11:13:30Z,cam_01,zone_B,event_benchmark_01,0.05,1.4406110277707713,1.3685804763822327,46.41678725289604,62.82939139740307,0.065,0.052000000000000005,0.12000000000000001,0.0675,4,3,MIXED_EXPLICIT,-16.41260414450703,-16.41260414450703,0.0,0.0,0.06940005493713364,0.0069400054937133636,-9.06133519083943,2.8055969853941534,0.05,0.0,1.398550310826705,0.06091892520238902,0.0,0.0014812436390782223,2.5,2.7352211220295244,0.2352211220295244,0.0,0.0
2026-08-14T11:13:40Z,cam_01,zone_B,event_benchmark_01,0.05,1.366017930437714,1.2977170339158282,61.38467213059137,50.920566062947636,0.065,0.052000000000000005,0.12000000000000001,0.0675,4,3,MIXED_EXPLICIT,10.464106067643733,10.464106067643733,0.0,0.0,-0.0745930973330573,-0.00745930973330573,14.967884877695326,-11.908825334455436,0.05,0.0,1.3935179062583132,0.06269344047817167,0.0,-0.014399315227019094,5.787977923798594,2.5,-3.2879779237985938,0.0,0.0
2026-08-14T11:13:50Z,cam_01,zone_B,event_benchmark_01,0.05,1.3926185898124865,1.3229876603218622,48.16110224366032,60.49823843918674,0.065,0.052000000000000005,0.12000000000000001,0.0675,4,3,MIXED_EXPLICIT,-12.33713619552642,-12.33713619552642,0.0,0.0,0.026600659374772517,0.0026600659374772517,-13.223569886931045,9.577672376239107,0.05,0.0,1.377416375028379,0.044969140518484794,0.0,0.010119375670782981,2.5,2.5,0.0,0.0,0.0
2026-08-14T11:14:00Z,cam_01,zone_B,event_benchmark_01,0.05,1.3168803235926558,1.251036307413023,55.08387781881314,63.662174354773335,0.065,0.052000000000000005,0.12000000000000001,0.0675,4,3,MIXED_EXPLICIT,-8.578296535960192,-8.578296535960192,0.0,0.0,-0.07573826621983071,-0.007573826621983071,6.922775575152819,3.163935915586592,0.05,0.0,1.3774677688894532,0.04488235550258514,0.0,-0.010233892559460323,2.5,2.5,0.0,0.0,0.0
2026-08-14T11:14:10Z,cam_01,zone_B,event_benchmark_01,0.05,1.3914153548603823,1.3218445871173632,48.51348736183578,56.92449855518315,0.065,0.052000000000000005,0.12000000000000001,0.0675,4,3,MIXED_EXPLICIT,-8.41101119334737,-8.41101119334737,0.0,0.0,0.07453503126772643,0.007453503126772643,-6.570390456977364,-6.7376757995901855,0.05,0.0,1.381508645294802,0.04508726979081106,0.0,0.015027329748755713,2.5,2.5,0.0,0.0,0.0
2026-08-14T11:14:20Z,cam_01,zone_B,event_benchmark_01,0.05,1.3606427867497723,1.2926106474122836,51.05566586630652,62.50350306060292,0.065,0.052000000000000005,0.12000000000000001,0.0675,4,3,MIXED_EXPLICIT,-11.447837194296397,-11.447837194296397,0.0,0.0,-0.03077256811060991,-0.003077256811060991,2.5421785044707406,5.579004505419768,0.05,0.0,1.3655149970906022,0.030800795902235716,0.0,-0.010530759937833634,2.5,2.5,0.0,0.0,0.0
2026-08-14T11:14:30Z,cam_01,zone_B,event_benchmark_01,0.05,1.4192864997839931,1.3483221747947933,49.8136878447515,73.07327222236276,0.065,0.052000000000000005,0.12000000000000001,0.0675,4,3,MIXED_EXPLICIT,-23.25958437761126,-23.25958437761126,0.0,0.0,0.05864371303422078,0.0058643713034220776,-1.2419780215550205,10.569769161759844,0.05,0.0,1.376168710959858,0.03911000376105315,0.0,0.008941628114483069,2.5,3.0549974905529433,0.5549974905529433,0.0,0.0
2026-08-14T11:14:40Z,cam_01,zone_B,event_benchmark_01,0.05,1.4293693025782375,1.3579008374493255,50.960623696620914,58.47828603506554,0.065,0.052000000000000005,0.12000000000000001,0.0675,4,3,MIXED_EXPLICIT,-7.517662338444623,-7.517662338444623,0.0,0.0,0.010082802794244339,0.001008280279424434,1.146935851869415,-14.594986187297224,0.05,0.0,1.3835188535130083,0.045847440041074036,0.0,-0.004856091023997644,2.5,2.5,0.0,0.0,0.0
2026-08-14T11:14:50Z,cam_01,zone_B,event_benchmark_01,0.05,1.4994781821009306,1.4245042729958841,51.304386484255105,60.96653525002662,0.065,0.052000000000000005,0.12000000000000001,0.0675,4,3,MIXED_EXPLICIT,-9.662148765771512,-9.662148765771512,0.0,0.0,0.07010887952269318,0.007010887952269318,0.34376278763419066,2.4882492149610798,0.05,0.0,1.4200384252146632,0.05183007732854864,0.0,0.006002607672844884,2.5,2.5,0.0,0.0,0.0
2026-08-14T11:15:00Z,cam_01,zone_B,event_benchmark_01,0.05,1.3989816586606787,1.3290325757276447,51.25865602537461,55.309714581693044,0.065,0.052000000000000005,0.12000000000000001,0.0675,4,3,MIXED_EXPLICIT,-4.051058556318431,-4.051058556318431,0.0,0.0,-0.10049652344025195,-0.010049652344025195,-0.04573045888049165,-5.656820668333573,0.05,0.0,1.4215516859747226,0.05088733912796118,0.0,-0.017060540296294512,2.5,2.5,0.0,0.0,0.0
2026-08-14T11:15:10Z,cam_01,zone_B,event_benchmark_01,0.05,1.3862898158291082,1.3169753250376526,58.16666955890153,59.906255813010254,0.065,0.052000000000000005,0.12000000000000001,0.0675,4,3,MIXED_EXPLICIT,-1.7395862541087226,-1.7395862541087226,0.0,0.0,-0.012691842831570543,-0.0012691842831570543,6.908013533526919,4.596541231317211,0.05,0.0,1.4266810917905897,0.044045534947790656,0.0,0.00878046806086814,2.5,2.5,0.0,0.0,0.0
2026-08-14T11:15:20Z,cam_01,zone_B,event_benchmark_01,0.05,1.3797192150788666,1.3107332543249233,48.4756860346874,61.301358124911516,0.065,0.052000000000000005,0.12000000000000001,0.0675,4,3,MIXED_EXPLICIT,-12.825672090224117,-12.825672090224117,0.0,0.0,-0.006570600750241518,-0.0006570600750241517,-9.690983524214133,1.3951023119012618,0.05,0.0,1.4187676348495644,0.04898382504690726,0.0,0.0006121242081329025,2.5,2.5,0.0,0.0,0.0
2026-08-14T11:15:30Z,cam_01,zone_B,event_benchmark_01,0.05,1.3523416853594654,1.2847246010914921,55.10270713506934,59.97421170135069,0.065,0.052000000000000005,0.12000000000000001,0.0675,4,3,MIXED_EXPLICIT,-4.871504566281352,-4.871504566281352,0.0,0.0,-0.027377529719401217,-0.0027377529719401217,6.627021100381938,-1.3271464235608263,0.05,0.0,1.40336211140581,0.05637158217811523,0.0,-0.0020806928969159698,2.5,4.715659159591838,2.215659159591838,0.0,0.0
2026-08-14T11:15:40Z,cam_01,zone_B,event_benchmark_01,0.05,1.3869241921730844,1.31757798256443,60.089795761527796,53.90152340145572,0.065,0.052000000000000005,0.12000000000000001,0.0675,4,3,MIXED_EXPLICIT,6.188272360072077,6.188272360072077,0.0,0.0,0.03458250681361896,0.003458250681361896,4.987088626458458,-6.0726882998949705,0.05,0.0,1.3808513134202407,0.01738711535989367,0.0,0.006196003653302018,4.3369120483611265,2.5,-1.8369120483611265,0.0,0.0
2026-08-14T11:15:50Z,cam_01,zone_B,event_benchmark_01,0.05,1.3552299294930483,1.2874684330183959,51.43401817743302,60.03180885662725,0.065,0.052000000000000005,0.12000000000000001,0.0675,4,3,MIXED_EXPLICIT,-8.597790679194233,-8.597790679194233,0.0,0.0,-0.031694262680036056,-0.0031694262680036058,-8.655777584094778,6.130285455171531,0.05,0.0,1.3721009675867146,0.016986393502806306,0.0,-0.006627676949365502,2.5,2.5,0.0,0.0,0.0
2026-08-14T11:16:00Z,cam_01,zone_B,event_benchmark_01,0.05,1.3784230488134805,1.3095018963728065,50.41040554626199,66.31097969358818,0.065,0.052000000000000005,0.12000000000000001,0.0675,4,3,MIXED_EXPLICIT,-15.90057414732619,-15.90057414732619,0.0,0.0,0.02319311932043222,0.0023193119320432222,-1.0236126311710265,6.27917083696093,0.05,0.0,1.370527614183589,0.01565581640210168,0.0,0.005488738200046828,2.5,2.5,0.0,0.0,0.0
2026-08-14T11:16:10Z,cam_01,zone_B,event_benchmark_01,0.05,1.435879876780398,1.364085882941378,52.84737687409874,61.24317882257264,0.065,0.052000000000000005,0.12000000000000001,0.0675,4,3,MIXED_EXPLICIT,-8.395801948473895,-8.395801948473895,0.0,0.0,0.05745682796691742,0.005745682796691742,2.4369713278367513,-5.067800871015542,0.05,0.0,1.3817597465238953,0.0336750911796038,0.0,0.00342637086464852,2.5,2.915544040278766,0.4155440402787658,0.0,0.0
2026-08-14T11:16:20Z,cam_01,zone_B,event_benchmark_01,0.05,1.3196728717360178,1.253689228149217,59.89862604180355,63.80993594535921,0.065,0.052000000000000005,0.12000000000000001,0.0675,4,3,MIXED_EXPLICIT,-3.9113099035556544,-3.9113099035556544,0.0,0.0,-0.1162070050443802,-0.01162070050443802,7.05124916770481,2.5667571227865693,0.05,0.0,1.3752259837992056,0.042754983584833,0.0,-0.017366383301129763,2.5,2.5,0.0,0.0,0.0
2026-08-14T11:16:30Z,cam_01,zone_B,event_benchmark_01,0.05,1.426993928056452,1.3556442316536295,54.970538154766786,57.81494014993686,0.065,0.052000000000000005,0.12000000000000001,0.0675,4,3,MIXED_EXPLICIT,-2.844401995170074,-2.844401995170074,0.0,0.0,0.10732105632043432,0.010732105632043432,-4.928087887036767,-5.994995795422348,0.05,0.0,1.3832399309758794,0.04882087082403216,0.0,0.02235280613648145,2.5,2.5,0.0,0.0,0.0
2026-08-14T11:16:40Z,cam_01,zone_B,event_benchmark_01,0.05,1.4358557533669931,1.3640629656986434,51.34392852696201,62.749501197118555,0.065,0.052000000000000005,0.12000000000000001,0.0675,4,3,MIXED_EXPLICIT,-11.405572670156545,-11.405572670156545,0.0,0.0,0.008861825310541027,0.0008861825310541027,-3.6266096278047755,4.934561047181695,0.05,0.0,1.3993650957506683,0.05054124454300083,0.0,-0.00984592310098933,2.5,2.858649183258054,0.35864918325805384,0.0,0.0
2026-08-14T11:16:50Z,cam_01,zone_B,event_benchmark_01,0.05,1.364096573650446,1.2958917449679237,56.4193832559402,60.39633919108263,0.065,0.052000000000000005,0.12000000000000001,0.0675,4,3,MIXED_EXPLICIT,-3.976955935142435,-3.976955935142435,0.0,0.0,-0.0717591797165471,-0.00717591797165471,5.075454728978187,-2.353162006035923,0.05,0.0,1.3964998007180616,0.052397326608608505,0.0,-0.008062100502708813,2.5,2.5,0.0,0.0,0.0
2026-08-14T11:17:00Z,cam_01,zone_B,event_benchmark_01,0.05,1.2639072550495702,1.2007118922970916,48.48853925081788,54.24544635156384,0.065,0.052000000000000005,0.12000000000000001,0.0675,4,3,MIXED_EXPLICIT,-5.756907100745963,-5.756907100745963,0.0,0.0,-0.10018931860087577,-0.010018931860087576,-7.930844005122317,-6.150892839518789,0.05,0.0,1.3621052763718957,0.07262402425178933,0.0,-0.002843013888432866,2.5,2.5,0.0,0.0,0.0
2026-08-14T11:17:10Z,cam_01,zone_B,event_benchmark_01,0.05,1.3396089006452783,1.2726284556130143,57.40679755221474,60.59260502399437,0.065,0.052000000000000005,0.12000000000000001,0.0675,4,3,MIXED_EXPLICIT,-3.1858074717796327,-3.1858074717796327,0.0,0.0,0.07570164559570802,0.007570164559570802,8.918258301396861,6.347158672430531,0.05,0.0,1.366092482153748,0.07021944976645354,0.0,0.01758909641965838,2.5,2.5,0.0,0.0,0.0
2026-08-14T11:17:20Z,cam_01,zone_B,event_benchmark_01,0.05,1.4348497273280554,1.3631072409616525,56.04303653850884,54.041516682798445,0.065,0.052000000000000005,0.12000000000000001,0.0675,4,3,MIXED_EXPLICIT,2.0015198557103915,2.0015198557103915,0.0,0.0,0.09524082668277711,0.00952408266827771,-1.3637610137059042,-6.551088341195928,0.05,0.0,1.3676636420080686,0.07198839218321003,0.0,0.001953918108706909,3.0925873228047225,2.5,-0.5925873228047225,0.0,0.0
2026-08-14T11:17:30Z,cam_01,zone_B,event_benchmark_01,0.05,1.3688565968850557,1.300413767040803,52.46095764430558,55.83559862557604,0.065,0.052000000000000005,0.12000000000000001,0.0675,4,3,MIXED_EXPLICIT,-3.37464098127046,-3.37464098127046,0.0,0.0,-0.0659931304429997,-0.006599313044299971,-3.5820788942032564,1.794081942777595,0.05,0.0,1.3542638107116811,0.06160924470480706,0.0,-0.016123395712577683,2.5,8.381391524677351,5.881391524677351,0.0,0.0
2026-08-14T11:17:40Z,cam_01,zone_B,event_benchmark_01,0.05,1.3200348883852544,1.2540331439659915,49.807071007763845,59.94664153646187,0.065,0.052000000000000005,0.12000000000000001,0.0675,4,3,MIXED_EXPLICIT,-10.139570528698023,-10.139570528698023,0.0,0.0,-0.048821708499801275,-0.004882170849980128,-2.653886636541735,4.111042910885828,0.05,0.0,1.3454514736586427,0.06298699391010057,0.0,0.0017171421943198428,2.5,2.5,0.0,0.0,0.0
2026-08-14T11:17:50Z,cam_01,zone_B,event_benchmark_01,0.05,1.344761253938589,1.2775231912416594,49.56659538858271,60.48622136690062,0.065,0.052000000000000005,0.12000000000000001,0.0675,4,3,MIXED_EXPLICIT,-10.91962597831791,-10.91962597831791,0.0,0.0,0.024726365553334517,0.002472636555333452,-0.24047561918113303,0.539579830438754,0.05,0.0,1.3616222734364467,0.044477490359598096,0.0,0.007354807405313579,2.5,4.376294828874179,1.8762948288741788,0.0,0.0
2026-08-14T11:18:00Z,cam_01,zone_B,event_benchmark_01,0.05,1.4120310013252275,1.3414294512589662,56.67408668172955,53.05383767461436,0.065,0.052000000000000005,0.12000000000000001,0.0675,4,3,MIXED_EXPLICIT,3.6202490071151914,3.6202490071151914,0.0,0.0,0.0672697473866386,0.00672697473866386,7.107491293146836,-7.432383692286265,0.05,0.0,1.3761066935724364,0.04722406094115372,0.0,0.004254338183330408,3.591796308291549,2.5,-1.0917963082915492,0.0,0.0
2026-08-14T11:18:10Z,cam_01,zone_B,event_benchmark_01,0.05,1.397336678410069,1.3274698444895654,60.14490251244531,64.26992885591439,0.065,0.052000000000000005,0.12000000000000001,0.0675,4,3,MIXED_EXPLICIT,-4.125026343469074,-4.125026343469074,0.0,0.0,-0.014694322915158597,-0.0014694322915158597,3.4708158307157646,11.21609118130003,0.05,0.0,1.3686040837888391,0.03754653845783585,0.0,-0.00819640703017972,2.5,2.5,0.0,0.0,0.0
2026-08-14T11:18:20Z,cam_01,zone_B,event_benchmark_01,0.05,1.3580533950415152,1.2901507252894393,50.81346126485602,61.86003139150237,0.065,0.052000000000000005,0.12000000000000001,0.0675,4,3,MIXED_EXPLICIT,-11.046570126646344,-11.046570126646344,0.0,0.0,-0.03928328336855369,-0.003928328336855369,-9.33144124758929,-2.409897464412019,0.05,0.0,1.366443443420131,0.03783808146836898,0.0,-0.0024588960453395094,2.5,3.2063602497512784,0.7063602497512784,0.0,0.0
2026-08-14T11:18:30Z,cam_01,zone_B,event_benchmark_01,0.05,1.3516587794092656,1.2840758404388022,56.29193351775742,55.476357821945584,0.065,0.052000000000000005,0.12000000000000001,0.0675,4,3,MIXED_EXPLICIT,0.8155756958118374,0.8155756958118374,0.0,0.0,-0.006394615632249634,-0.0006394615632249634,5.478472252901398,-6.383673569556784,0.05,0.0,1.3727682216249333,0.02996539608288578,0.0,0.0032888667736304055,2.7352211220295244,2.5,-0.2352211220295244,0.0,0.0
2026-08-14T11:18:40Z,cam_01,zone_B,event_benchmark_01,0.05,1.3504120925478087,1.2828914879204183,43.564864906989655,51.31207601775412,0.065,0.052000000000000005,0.12000000000000001,0.0675,4,3,MIXED_EXPLICIT,-7.747211110764468,-7.747211110764468,0.0,0.0,-0.0012466868614569027,-0.00012466868614569027,-12.727068610767766,-4.164281804191461,0.05,0.0,1.373898389346777,0.028725945252282444,0.0,0.0005147928770792732,2.5,2.5,0.0,0.0,0.0
2026-08-14T11:18:50Z,cam_01,zone_B,event_benchmark_01,0.05,1.3238794907750748,1.257685516236321,51.076911346714,58.275477104592845,0.065,0.052000000000000005,0.12000000000000001,0.0675,4,3,MIXED_EXPLICIT,-7.198565757878846,-7.198565757878846,0.0,0.0,-0.026532601772733866,-0.0026532601772733867,7.512046439724344,6.963401086838722,0.05,0.0,1.3562680872367467,0.026430929221847487,0.0,-0.0025285914911276964,2.5,2.5,0.0,0.0,0.0
2026-08-14T11:19:00Z,cam_01,zone_B,event_benchmark_01,0.05,1.450768784473472,1.3782303452497984,53.84470533564549,56.7702814306942,0.065,0.052000000000000005,0.12000000000000001,0.0675,4,3,MIXED_EXPLICIT,-2.9255760950487044,-2.9255760950487044,0.0,0.0,0.1268892936983972,0.01268892936983972,2.767793988931494,-1.5051956738986476,0.05,0.0,1.3669545084494272,0.04864959065529908,0.0,0.015342189547113106,2.5,2.5,0.0,0.0,0.0
2026-08-14T11:19:10Z,cam_01,zone_B,event_benchmark_01,0.05,1.3538839765394328,1.2861897777124611,49.45158291509083,59.56570228526511,0.065,0.052000000000000005,0.12000000000000001,0.0675,4,3,MIXED_EXPLICIT,-10.11411937017428,-10.11411937017428,0.0,0.0,-0.0968848079340392,-0.00968848079340392,-4.393122420554661,2.7954208545709136,0.05,0.0,1.3661206247490107,0.04887551242210469,0.0,-0.022377410163243638,2.5,2.5,0.0,0.0,0.0
2026-08-14T11:19:20Z,cam_01,zone_B,event_benchmark_01,0.05,1.4308579260412748,1.359315029739211,49.31746812605202,57.184416694222165,0.065,0.052000000000000005,0.12000000000000001,0.0675,4,3,MIXED_EXPLICIT,-7.8669485681701445,-7.8669485681701445,0.0,0.0,0.076973949501842,0.0076973949501842,-0.13411478903881147,-2.3812855910429462,0.05,0.0,1.3819604540754127,0.05541329962342052,0.0,0.01738587574358812,2.5,2.5,0.0,0.0,0.0
2026-08-14T11:19:30Z,cam_01,zone_B,event_benchmark_01,0.05,1.4460658025961224,1.3737625124663162,50.66110221765557,48.962715696274955,0.065,0.052000000000000005,0.12000000000000001,0.0675,4,3,MIXED_EXPLICIT,1.6983865213806126,1.6983865213806126,0.0,0.0,0.015207876554847566,0.0015207876554847565,1.3436340916035476,-8.22170099794721,0.05,0.0,1.4010911960850754,0.05823831480499639,0.0,-0.006176607294699443,3.0549974905529433,2.5,-0.5549974905529433,0.0,0.0
2026-08-14T11:19:40Z,cam_01,zone_B,event_benchmark_01,0.05,1.419915544907398,1.348919767662028,55.460963641631864,57.05826530849421,0.065,0.052000000000000005,0.12000000000000001,0.0675,4,3,MIXED_EXPLICIT,-1.597301666862343,-1.597301666862343,0.0,0.0,-0.026150257688724476,-0.0026150257688724475,4.799861423976296,8.095549612219251,0.05,0.0,1.42029840691154,0.039099006312014864,0.0,-0.004135813424357204,2.5,2.5,0.0,0.0,0.0
2026-08-14T11:19:50Z,cam_01,zone_B,event_benchmark_01,0.05,1.3484189843640975,1.2809980351458925,53.063354907968126,57.471904444658435,0.065,0.052000000000000005,0.12000000000000001,0.0675,4,3,MIXED_EXPLICIT,-4.408549536690309,-4.408549536690309,0.0,0.0,-0.07149656054330045,-0.007149656054330045,-2.3976087336637377,0.4136391361642282,0.05,0.0,1.3998284468896651,0.04543688022644601,0.0,-0.004534630285457597,2.5,2.5336535330619316,0.03365353306193164,0.0,0.0
2026-08-14T11:20:00Z,cam_01,zone_B,event_benchmark_01,0.05,1.3901865045168305,1.3206771792909888,42.808843833375136,62.1683051238703,0.065,0.052000000000000005,0.12000000000000001,0.0675,4,3,MIXED_EXPLICIT,-19.35946129049516,-19.35946129049516,0.0,0.0,0.041767520152732995,0.0041767520152733,-10.25451107459299,4.696400679211862,0.05,0.0,1.4070889524851444,0.03865403707343262,0.0,0.011326408069603344,2.5,2.5,0.0,0.0,0.0
2026-08-14T11:20:10Z,cam_01,zone_B,event_benchmark_01,0.05,1.368790219680454,1.3003507086964312,43.39649923682467,55.50900162694475,0.065,0.052000000000000005,0.12000000000000001,0.0675,4,3,MIXED_EXPLICIT,-12.112502390120085,-12.112502390120085,0.0,0.0,-0.021396284836376456,-0.0021396284836376457,0.5876554034495314,-6.659303496925546,0.05,0.0,1.3946754112129804,0.039076486293715976,0.0,-0.0063163804989109455,2.5,2.697158204678736,0.19715820467873613,0.0,0.0
2026-08-14T11:20:20Z,cam_01,zone_B,event_benchmark_01,0.05,1.3248149069634936,1.2585741616153188,50.965674110714126,67.39337336686283,0.065,0.052000000000000005,0.12000000000000001,0.0675,4,3,MIXED_EXPLICIT,-16.427699256148706,-16.427699256148706,0.0,0.0,-0.043975312716960424,-0.004397531271696042,7.569174873889459,11.88437173991808,0.05,0.0,1.3704252320864545,0.03676631921130205,0.0,-0.0022579027880583968,2.5,2.5,0.0,0.0,0.0
2026-08-14T11:20:30Z,cam_01,zone_B,event_benchmark_01,0.05,1.3862179640860801,1.316907065881776,56.28843293026776,49.44179724674122,0.065,0.052000000000000005,0.12000000000000001,0.0675,4,3,MIXED_EXPLICIT,6.846635683526543,6.846635683526543,0.0,0.0,0.061403057122586535,0.0061403057122586535,5.322758819553634,-17.951576120121615,0.05,0.0,1.3636857159221911,0.027294975928020458,0.0,0.010537836983954696,4.715659159591838,4.507308505002348,-0.20835065458949042,0.0,0.0
2026-08-14T11:20:40Z,cam_01,zone_B,event_benchmark_01,0.05,1.3110480104420097,1.245495609919909,40.26247578637383,65.55583748901313,0.065,0.052000000000000005,0.12000000000000001,0.0675,4,3,MIXED_EXPLICIT,-25.293361702639302,-25.293361702639302,0.0,0.0,-0.07516995364407042,-0.007516995364407042,-16.025957143893933,16.114040242271912,0.05,0.0,1.3562115211377734,0.036188395415586466,0.0,-0.013657301076665695,2.5,2.5,0.0,0.0,0.0
2026-08-14T11:20:50Z,cam_01,zone_B,event_benchmark_01,0.05,1.429383969423078,1.3579147709519241,51.501349119241844,57.87840514560948,0.065,0.052000000000000005,0.12000000000000001,0.0675,4,3,MIXED_EXPLICIT,-6.377056026367633,-6.377056026367633,0.0,0.0,0.11833595898106841,0.011833595898106841,11.238873332868017,-7.677432343403652,0.05,0.0,1.3640510141190232,0.04777818354767761,0.0,0.019350591262513882,2.5,4.209984766734398,1.7099847667343981,0.0,0.0
2026-08-14T11:21:00Z,cam_01,zone_B,event_benchmark_01,0.05,1.3467691351350801,1.279430678378326,51.3687607174129,63.29792436171778,0.065,0.052000000000000005,0.12000000000000001,0.0675,4,3,MIXED_EXPLICIT,-11.929163644304886,-11.929163644304886,0.0,0.0,-0.08261483428799798,-0.008261483428799798,-0.13258840182894716,5.419519216108306,0.05,0.0,1.3596467972099484,0.0482447845145297,0.0,-0.02009507932690664,2.5,2.5,0.0,0.0,0.0
2026-08-14T11:21:10Z,cam_01,zone_B,event_benchmark_01,0.05,1.380057982793642,1.3110550836539598,60.94168889104224,59.399007420293664,0.065,0.052000000000000005,0.12000000000000001,0.0675,4,3,MIXED_EXPLICIT,1.542681470748576,1.542681470748576,0.0,0.0,0.03328884765856177,0.003328884765856177,9.572928173629343,-3.898916941424119,0.05,0.0,1.370695412375978,0.044450065705151726,0.0,0.011590368194655976,2.915544040278766,5.016515157516612,2.1009711172378465,0.0,0.0
2026-08-14T11:21:20Z,cam_01,zone_B,event_benchmark_01,0.05,1.384164393577307,1.3149561738984414,52.07489094143568,64.69777768012734,0.065,0.052000000000000005,0.12000000000000001,0.0675,4,3,MIXED_EXPLICIT,-12.622886738691662,-12.622886738691662,0.0,0.0,0.0041064107836650265,0.00041064107836650263,-8.866797949606557,5.298770259833681,0.05,0.0,1.3702846982742234,0.04427994404188901,0.0,-0.0029182436874896746,2.5,2.5,0.0,0.0,0.0
2026-08-14T11:21:30Z,cam_01,zone_B,event_benchmark_01,0.05,1.357054751314796,1.289202013749056,55.914944923704645,57.063190177235946,0.065,0.052000000000000005,0.12000000000000001,0.0675,4,3,MIXED_EXPLICIT,-1.1482452535313001,-1.1482452535313001,0.0,0.0,-0.027109642262511002,-0.0027109642262511,3.8400539822689623,-7.634587502891399,0.05,0.0,1.3794860464487806,0.031959255496186514,0.0,-0.003121605304617603,2.5,4.486103044323598,1.986103044323598,0.0,0.0
2026-08-14T11:21:40Z,cam_01,zone_B,event_benchmark_01,0.05,1.3993346900737635,1.3293679555700753,54.70628570043731,53.50689787411094,0.065,0.052000000000000005,0.12000000000000001,0.0675,4,3,MIXED_EXPLICIT,1.1993878263263724,1.1993878263263724,0.0,0.0,0.04227993875896763,0.0042279938758967624,-1.2086592232673325,-3.556292303125005,0.05,0.0,1.3734761905789177,0.021267052841203924,0.0,0.006938958102147863,2.858649183258054,2.5,-0.35864918325805384,0.0,0.0
2026-08-14T11:21:50Z,cam_01,zone_B,event_benchmark_01,0.05,1.3462548171688737,1.27894207631043,43.347167600964,66.10252143635532,0.065,0.052000000000000005,0.12000000000000001,0.0675,4,3,MIXED_EXPLICIT,-22.75535383539132,-22.75535383539132,0.0,0.0,-0.0530798729048898,-0.00530798729048898,-11.359118099473314,12.595623562244377,0.05,0.0,1.3733733269856763,0.0214291483816845,0.0,-0.009535981166385743,2.5,2.5,0.0,0.0,0.0
2026-08-14T11:22:00Z,cam_01,zone_B,event_benchmark_01,0.05,1.413564864872862,1.3428866216292188,57.841036083158684,58.43259677058929,0.065,0.052000000000000005,0.12000000000000001,0.0675,4,3,MIXED_EXPLICIT,-0.5915606874306079,-0.5915606874306079,0.0,0.0,0.0673100477039883,0.006731004770398829,14.493868482194685,-7.669924665766025,0.05,0.0,1.3800747034015204,0.02820889251011476,0.0,0.01203899206088781,2.5,2.5,0.0,0.0,0.0
2026-08-14T11:22:10Z,cam_01,zone_B,event_benchmark_01,0.05,1.3027010159876624,1.2375659651882793,55.07698252728144,60.10779236812105,0.065,0.052000000000000005,0.12000000000000001,0.0675,4,3,MIXED_EXPLICIT,-5.030809840839616,-5.030809840839616,0.0,0.0,-0.11086384888519962,-0.011086384888519962,-2.764053555877247,1.6751955975317614,0.05,0.0,1.3637820278835915,0.04423141425279673,0.0,-0.01781738965891879,2.5,2.5,0.0,0.0,0.0
2026-08-14T11:22:20Z,cam_01,zone_B,event_benchmark_01,0.05,1.3763189789773205,1.3075030300284545,56.54134319837295,65.17375957022398,0.065,0.052000000000000005,0.12000000000000001,0.0675,4,3,MIXED_EXPLICIT,-8.63241637185103,-8.63241637185103,0.0,0.0,0.07361796298965806,0.0073617962989658055,1.4643606710915122,5.065967202102925,0.05,0.0,1.3676348734160964,0.04433781914578325,0.0,0.018448181187485767,2.5,2.5,0.0,0.0,0.0
2026-08-14T11:22:30Z,cam_01,zone_B,event_benchmark_01,0.05,1.4669464499529141,1.3935991274552684,73.63118853218162,53.840223789527826,0.065,0.052000000000000005,0.12000000000000001,0.0675,4,3,MIXED_EXPLICIT,19.7909647426538,19.7909647426538,0.0,0.0,0.09062747097559365,0.009062747097559365,17.089845333808675,-11.333535780696153,0.05,0.0,1.3811572253919266,0.06286296538846181,0.0,0.001700950798593559,8.381391524677351,3.019796967875097,-5.361594556802254,0.0,0.0
2026-08-14T11:22:40Z,cam_01,zone_B,event_benchmark_01,0.05,1.3199834337697212,1.2539842620812351,43.57943530250706,61.97745448819629,0.065,0.052000000000000005,0.12000000000000001,0.0675,4,3,MIXED_EXPLICIT,-18.39801918568923,-18.39801918568923,0.0,0.0,-0.14696301618319296,-0.014696301618319297,-30.051753229674567,8.13723069866846,0.05,0.0,1.375902948712096,0.06744076518369883,0.0,-0.02375904871587866,2.5,2.5,0.0,0.0,0.0
2026-08-14T11:22:50Z,cam_01,zone_B,event_benchmark_01,0.05,1.3361127514737574,1.2693071139000696,62.62348324880554,56.050526217685544,0.065,0.052000000000000005,0.12000000000000001,0.0675,4,3,MIXED_EXPLICIT,6.572957031119998,6.572957031119998,0.0,0.0,0.01612931770403625,0.001612931770403625,19.044047946298484,-5.926928270510743,0.05,0.0,1.360412526032275,0.06549446756715274,0.0,0.01630923338872292,4.376294828874179,2.5,-1.8762948288741788,0.0,0.0
2026-08-14T11:23:00Z,cam_01,zone_B,event_benchmark_01,0.05,1.3956953924829456,1.3259106228587982,52.562762402998224,58.33915322177814,0.065,0.052000000000000005,0.12000000000000001,0.0675,4,3,MIXED_EXPLICIT,-5.776390818779916,-5.776390818779916,0.0,0.0,0.0595826410091882,0.00595826410091882,-10.060720845807317,2.2886270040925965,0.05,0.0,1.3790114013313317,0.057755459891286574,0.0,0.004345332330515195,2.5,4.399095098178071,1.899095098178071,0.0,0.0
2026-08-14T11:23:10Z,cam_01,zone_B,event_benchmark_01,0.05,1.3789790890969797,1.3100301346421308,55.436644522015044,59.36139482692145,0.065,0.052000000000000005,0.12000000000000001,0.0675,4,3,MIXED_EXPLICIT,-3.9247503049064036,-3.9247503049064036,0.0,0.0,-0.01671630338596586,-0.0016716303385965858,2.8738821190168196,1.0222416051433072,0.05,0.0,1.3795434233552637,0.05773670682025951,0.0,-0.007629894439515406,2.5,2.5,0.0,0.0,0.0
2026-08-14T11:23:20Z,cam_01,zone_B,event_benchmark_01,0.05,1.3875315049636778,1.318154929715494,53.77243877349379,51.49889069276532,0.065,0.052000000000000005,0.12000000000000001,0.0675,4,3,MIXED_EXPLICIT,2.2735480807284674,2.2735480807284674,0.0,0.0,0.008552415866698082,0.0008552415866698082,-1.6642057485212547,-7.862504134156126,0.05,0.0,1.3636604343574164,0.03353089228464962,0.0,0.002526871925266394,3.2063602497512784,2.6553571142792887,-0.5510031354719898,0.0,0.0
2026-08-14T11:23:30Z,cam_01,zone_B,event_benchmark_01,0.05,1.394459356507383,1.3247363886820138,51.87881833300978,55.10581478589783,0.065,0.052000000000000005,0.12000000000000001,0.0675,4,3,MIXED_EXPLICIT,-3.226996452888045,-3.226996452888045,0.0,0.0,0.006927851543705232,0.0006927851543705232,-1.893620440484007,3.6069240931325055,0.05,0.0,1.3785556189049486,0.024641649505237017,0.0,-0.00016245643229928497,2.5,2.5,0.0,0.0,0.0
2026-08-14T11:23:40Z,cam_01,zone_B,event_benchmark_01,0.05,1.4017360734280884,1.331649269756684,51.150835358806205,65.7553644620657,0.065,0.052000000000000005,0.12000000000000001,0.0675,4,3,MIXED_EXPLICIT,-14.604529103259495,-14.604529103259495,0.0,0.0,0.007276716920705306,0.0007276716920705306,-0.7279829742035773,10.649549676167872,0.05,0.0,1.3916802832958148,0.00871056772846758,0.0,3.488653770000738e-05,2.5,2.5,0.0,0.0,0.0
2026-08-14T11:23:50Z,cam_01,zone_B,event_benchmark_01,0.05,1.425484992097811,1.3542107424929204,55.647543677865045,63.43095594292398,0.065,0.052000000000000005,0.12000000000000001,0.0675,4,3,MIXED_EXPLICIT,-7.783412265058935,-7.783412265058935,0.0,0.0,0.02374891866972262,0.002374891866972262,4.49670831905884,-2.32440851914172,0.05,0.0,1.3976382032187877,0.01769639191310734,0.0,0.0016472201749017311,2.5,2.5,0.0,0.0,0.0
2026-08-14T11:24:00Z,cam_01,zone_B,event_benchmark_01,0.05,1.3904909328464254,1.3209663862041041,46.4141315166416,58.686802113363825,0.065,0.052000000000000005,0.12000000000000001,0.0675,4,3,MIXED_EXPLICIT,-12.272670596722222,-12.272670596722222,0.0,0.0,-0.034994059251385545,-0.0034994059251385544,-9.233412161223441,-4.744153829560155,0.05,0.0,1.399940571968677,0.015240288478501535,0.0,-0.005874297792110817,2.5,2.5,0.0,0.0,0.0
2026-08-14T11:24:10Z,cam_01,zone_B,event_benchmark_01,0.05,1.3579371172690728,1.2900402614056192,57.752895837608826,60.21561729256447,0.065,0.052000000000000005,0.12000000000000001,0.0675,4,3,MIXED_EXPLICIT,-2.4627214549556413,-2.4627214549556413,0.0,0.0,-0.032553815577352596,-0.00325538155773526,11.338764320967222,1.5288151792006417,0.05,0.0,1.3940216944297563,0.024311547039397356,0.0,0.00024402436740329493,2.5,3.7070551215701304,1.2070551215701304,0.0,0.0
2026-08-14T11:24:20Z,cam_01,zone_B,event_benchmark_01,0.05,1.4036286850601365,1.3334472508071296,51.91902797557373,57.528787471817715,0.065,0.052000000000000005,0.12000000000000001,0.0675,4,3,MIXED_EXPLICIT,-5.6097594962439885,-5.6097594962439885,0.0,0.0,0.04569156779106365,0.004569156779106365,-5.833867862035099,-2.686829820746752,0.05,0.0,1.3958555601403069,0.024695610346029344,0.0,0.007824538336841625,2.5,2.5,0.0,0.0,0.0
2026-08-14T11:24:30Z,cam_01,zone_B,event_benchmark_01,0.05,1.4649940967447606,1.3917443919075225,48.34965330479821,65.78291692913992,0.065,0.052000000000000005,0.12000000000000001,0.0675,4,3,MIXED_EXPLICIT,-17.433263624341706,-17.433263624341706,0.0,0.0,0.06136541168462406,0.006136541168462406,-3.5693746707755167,8.2541294573222,0.05,0.0,1.4085071648036411,0.03995226522345924,0.0,0.0015673843893560413,2.5,2.5,0.0,0.0,0.0
2026-08-14T11:24:40Z,cam_01,zone_B,event_benchmark_01,0.05,1.363368312680871,1.2951998970468275,51.749935710020935,57.998237111029184,0.065,0.052000000000000005,0.12000000000000001,0.0675,4,3,MIXED_EXPLICIT,-6.2483014010082485,-6.2483014010082485,0.0,0.0,-0.10162578406388945,-0.010162578406388945,3.4002824052227254,-7.784679818110732,0.05,0.0,1.396083828920253,0.042901943326952,0.0,-0.01629911957485135,2.5,2.5,0.0,0.0,0.0
2026-08-14T11:24:50Z,cam_01,zone_B,event_benchmark_01,0.05,1.3212735347664677,1.2552098580281443,60.28574608431286,60.15921046067424,0.065,0.052000000000000005,0.12000000000000001,0.0675,4,3,MIXED_EXPLICIT,0.12653562363862392,0.12653562363862392,0.0,0.0,-0.042094777914403414,-0.004209477791440342,8.535810374291927,2.1609733496450545,0.05,0.0,1.3822403493042619,0.054702369579405864,0.0,0.0059531006149486036,2.5336535330619316,2.5,-0.03365353306193164,0.0,0.0
2026-08-14T11:25:00Z,cam_01,zone_B,event_benchmark_01,0.05,1.4253540334643486,1.3540863317911311,51.323324564918885,64.73015072071033,0.065,0.052000000000000005,0.12000000000000001,0.0675,4,3,MIXED_EXPLICIT,-13.406826155791443,-13.406826155791443,0.0,0.0,0.10408049869788094,0.010408049869788095,-8.962421519393978,4.570940260036089,0.05,0.0,1.395723732543317,0.055516960262272,0.0,0.014617527661228435,2.5,2.5,0.0,0.0,0.0
2026-08-14T11:25:10Z,cam_01,zone_B,event_benchmark_01,0.05,1.3639809418023199,1.2957818947122037,55.7922680910481,55.11314257577047,0.065,0.052000000000000005,0.12000000000000001,0.0675,4,3,MIXED_EXPLICIT,0.679125515277633,0.679125515277633,0.0,0.0,-0.061373091662028756,-0.006137309166202876,4.468943526129216,-9.61700814493986,0.05,0.0,1.3877941838917536,0.05691937123619884,0.0,-0.01654535903599097,2.697158204678736,2.5,-0.19715820467873613,0.0,0.0
2026-08-14T11:25:20Z,cam_01,zone_B,event_benchmark_01,0.05,1.261366522699298,1.1982981965643331,50.34521862142263,66.79394592248447,0.065,0.052000000000000005,0.12000000000000001,0.0675,4,3,MIXED_EXPLICIT,-16.448727301061837,-16.448727301061837,0.0,0.0,-0.10261441910302183,-0.010261441910302182,-5.447049469625469,11.680803346714,0.05,0.0,1.347068669082661,0.060602286416132585,0.0,-0.004124132744099307,2.5,2.5,0.0,0.0,0.0
2026-08-14T11:25:30Z,cam_01,zone_B,event_benchmark_01,0.05,1.412371083857521,1.3417525296646449,57.789609249618096,51.347692951283115,0.065,0.052000000000000005,0.12000000000000001,0.0675,4,3,MIXED_EXPLICIT,6.441916298334981,6.441916298334981,0.0,0.0,0.15100456115822292,0.015100456115822291,7.444390628195464,-15.446252971201353,0.05,0.0,1.356869223317991,0.06747040305358469,0.0,0.025361898026124475,4.507308505002348,3.183977815863345,-1.3233306891390026,0.0,0.0
2026-08-14T11:25:40Z,cam_01,zone_B,event_benchmark_01,0.05,1.3432335907023036,1.2760719111671883,57.42753869395102,67.14821065556399,0.065,0.052000000000000005,0.12000000000000001,0.0675,4,3,MIXED_EXPLICIT,-9.720671961612965,-9.720671961612965,0.0,0.0,-0.06913749315521733,-0.006913749315521733,-0.36207055566707425,15.800517704280871,0.05,0.0,1.3612612345051582,0.06525229837883981,0.0,-0.022014205431344025,2.5,3.8118732289474764,1.3118732289474764,0.0,0.0
2026-08-14T11:25:50Z,cam_01,zone_B,event_benchmark_01,0.05,1.365473335884792,1.2971996690905523,63.24304416648206,57.13662208024013,0.065,0.052000000000000005,0.12000000000000001,0.0675,4,3,MIXED_EXPLICIT,6.106422086241928,6.106422086241928,0.0,0.0,0.02223974518248828,0.002223974518248828,5.8155054725310364,-10.011588575323856,0.05,0.0,1.3492850949892468,0.05528147317585469,0.0,0.009137723833770562,4.209984766734398,3.342882810468576,-0.867101956265822,0.0,0.0
2026-08-14T11:26:00Z,cam_01,zone_B,event_benchmark_01,0.05,1.3865990165284505,1.3172690657020278,53.122180272503925,57.786506260873594,0.065,0.052000000000000005,0.12000000000000001,0.0675,4,3,MIXED_EXPLICIT,-4.664325988369669,-4.664325988369669,0.0,0.0,0.021125680643658606,0.0021125680643658607,-10.120863893978132,0.6498841806334639,0.05,0.0,1.353808709934473,0.057658933549338376,0.0,-0.00011140645388296733,2.5,2.689736170620341,0.18973617062034087,0.0,0.0
2026-08-14T11:26:10Z,cam_01,zone_B,event_benchmark_01,0.05,1.3795249839889532,1.3105487347895055,57.34327402378953,49.54994914408529,0.065,0.052000000000000005,0.12000000000000001,0.0675,4,3,MIXED_EXPLICIT,7.793324879704244,7.793324879704244,0.0,0.0,-0.0070740325394973436,-0.0007074032539497344,4.221093751285608,-8.236557116788305,0.05,0.0,1.3774404021924043,0.025601244343497965,0.0,-0.002819971318315595,5.016515157516612,2.5,-2.5165151575166123,0.0,0.0
2026-08-14T11:26:20Z,cam_01,zone_B,event_benchmark_01,0.05,1.4054725908569519,1.3351989613141042,54.49033769769472,56.72602641311153,0.065,0.052000000000000005,0.12000000000000001,0.0675,4,3,MIXED_EXPLICIT,-2.2356887154168135,-2.2356887154168135,0.0,0.0,0.025947606867998685,0.0025947606867998685,-2.852936326094813,7.176077269026244,0.05,0.0,1.3760607035922903,0.023333602841938333,0.0,0.0033021639407496027,2.5,2.6691167950598684,0.16911679505986843,0.0,0.0
2026-08-14T11:26:30Z,cam_01,zone_B,event_benchmark_01,0.05,1.3482256814715077,1.2808143973979322,60.479358909315074,53.800967344865576,0.065,0.052000000000000005,0.12000000000000001,0.0675,4,3,MIXED_EXPLICIT,6.678391564449498,6.678391564449498,0.0,0.0,-0.05724690938544419,-0.0057246909385444186,5.989021211620354,-2.9250590682459574,0.05,0.0,1.377059121746131,0.02162182351273926,0.0,-0.008319451625344287,4.486103044323598,2.5,-1.986103044323598,0.0,0.0
2026-08-14T11:26:40Z,cam_01,zone_B,event_benchmark_01,0.05,1.395655289908804,1.3258725254133636,50.405838061956345,55.961768273132634,0.065,0.052000000000000005,0.12000000000000001,0.0675,4,3,MIXED_EXPLICIT,-5.555930211176289,-5.555930211176289,0.0,0.0,0.04742960843729627,0.004742960843729627,-10.07352084735873,2.160800928267058,0.05,0.0,1.3830955125509334,0.021791110427374822,0.0,0.010467651782274046,2.5,3.1311869121549663,0.6311869121549663,0.0,0.0
2026-08-14T11:26:50Z,cam_01,zone_B,event_benchmark_01,0.05,1.357022666120804,1.2891715328147637,57.725026564386404,58.313445171055605,0.065,0.052000000000000005,0.12000000000000001,0.0675,4,3,MIXED_EXPLICIT,-0.588418606669201,-0.588418606669201,0.0,0.0,-0.03863262378799992,-0.003863262378799992,7.319188502430059,2.351676897922971,0.05,0.0,1.3771802424694042,0.024453919188924072,0.0,-0.00860622322252962,2.5,2.5,0.0,0.0,0.0
2026-08-14T11:27:00Z,cam_01,zone_B,event_benchmark_01,0.05,1.406940524044375,1.3365934978421563,53.02651351941659,63.78895807236453,0.065,0.052000000000000005,0.12000000000000001,0.0675,4,3,MIXED_EXPLICIT,-10.76244455294794,-10.76244455294794,0.0,0.0,0.04991785792357106,0.0049917857923571065,-4.698513044969815,5.4755129013089245,0.05,0.0,1.3826633504804886,0.027936673182913218,0.0,0.008855048171157098,2.5,4.751021381998065,2.251021381998065,0.0,0.0
2026-08-14T11:27:10Z,cam_01,zone_B,event_benchmark_01,0.05,1.4007683742006525,1.3307299554906198,53.67905911445751,60.03801675700313,0.065,0.052000000000000005,0.12000000000000001,0.0675,4,3,MIXED_EXPLICIT,-6.358957642545619,-6.358957642545619,0.0,0.0,-0.0061721498437226074,-0.0006172149843722607,0.6525455950409196,-3.750941315361402,0.05,0.0,1.3817225071492287,0.027041335676155843,0.0,-0.005609000776729367,2.5,5.627789483001837,3.1277894830018367,0.0,0.0
2026-08-14T11:27:20Z,cam_01,zone_B,event_benchmark_01,0.05,1.3232280648977701,1.2570666616528816,54.45876242224186,60.53838326700557,0.065,0.052000000000000005,0.12000000000000001,0.0675,4,3,MIXED_EXPLICIT,-6.07962084476371,-6.07962084476371,0.0,0.0,-0.07754030930288236,-0.007754030930288236,0.7797033077843523,0.5003665100024435,0.05,0.0,1.376722983834481,0.03570546742991294,0.0,-0.007136815945915975,2.5,3.0857225650192306,0.5857225650192306,0.0,0.0
2026-08-14T11:27:30Z,cam_01,zone_B,event_benchmark_01,0.05,1.4242991058087515,1.353084150518314,55.261201982133386,53.52240305577219,0.065,0.052000000000000005,0.12000000000000001,0.0675,4,3,MIXED_EXPLICIT,1.7387989263611985,1.7387989263611985,0.0,0.0,0.1010710409109814,0.01010710409109814,0.8024395598915248,-7.015980211233384,0.05,0.0,1.3824517470144706,0.041353606700356316,0.0,0.017861135021386376,3.019796967875097,4.02631018011415,1.006513212239053,0.0,0.0
2026-08-14T11:27:40Z,cam_01,zone_B,event_benchmark_01,0.05,1.3432018277442974,1.2760417363570824,53.418854784390206,54.59622955198635,0.065,0.052000000000000005,0.12000000000000001,0.0675,4,3,MIXED_EXPLICIT,-1.1773747675961417,-1.1773747675961417,0.0,0.0,-0.0810972780644541,-0.008109727806445411,-1.8423471977431802,1.07382649621416,0.05,0.0,1.3796875793391694,0.04386398876482741,0.0,-0.01821683189754355,2.5,2.578522402340364,0.07852240234036412,0.0,0.0
2026-08-14T11:27:50Z,cam_01,zone_B,event_benchmark_01,0.05,1.410402889914057,1.3398827454183542,55.07356591585263,67.99362509175656,0.065,0.052000000000000005,0.12000000000000001,0.0675,4,3,MIXED_EXPLICIT,-12.920059175903923,-12.920059175903923,0.0,0.0,0.06720106216975963,0.006720106216975963,1.6547111314624274,13.397395539770208,0.05,0.0,1.3803800525131056,0.044425521253462275,0.0,0.014829834023421373,2.5,2.6896239386204743,0.18962393862047433,0.0,0.0
2026-08-14T11:28:00Z,cam_01,zone_B,event_benchmark_01,0.05,1.3883643656700668,1.3189461473865634,61.89059028781092,55.323994826183764,0.065,0.052000000000000005,0.12000000000000001,0.0675,4,3,MIXED_EXPLICIT,6.566595461627159,6.566595461627159,0.0,0.0,-0.02203852424399022,-0.002203852424399022,6.81702437195829,-12.669630265572792,0.05,0.0,1.3778992508069885,0.04333532469128248,0.0,-0.008923958641374985,4.399095098178071,6.36140908072602,1.9623139825479488,0.0,0.0
2026-08-14T11:28:10Z,cam_01,zone_B,event_benchmark_01,0.05,1.461909183839756,1.388813724647768,58.92724842807609,67.28104126028649,0.065,0.052000000000000005,0.12000000000000001,0.0675,4,3,MIXED_EXPLICIT,-8.353792832210395,-8.353792832210395,0.0,0.0,0.07354481816968916,0.0073544818169689165,-2.9633418597348324,11.957046434102722,0.05,0.0,1.4056354745953858,0.043971698834718284,0.0,0.009558334241367938,2.5,2.847037752702042,0.34703775270204185,0.0,0.0
2026-08-14T11:28:20Z,cam_01,zone_B,event_benchmark_01,0.05,1.3588267008814072,1.2908853658373367,58.34577296248448,57.78469400559567,0.065,0.052000000000000005,0.12000000000000001,0.0675,4,3,MIXED_EXPLICIT,0.5610789568888137,0.5610789568888137,0.0,0.0,-0.10308248295834876,-0.010308248295834876,-0.581475465591609,-9.496347254690818,0.05,0.0,1.392540993609917,0.04668898210174625,0.0,-0.017662730112803792,2.6553571142792887,3.5619247285720776,0.906567614292789,0.0,0.0
2026-08-14T11:28:30Z,cam_01,zone_B,event_benchmark_01,0.05,1.3525341601940901,1.2849074521843855,51.722302369880644,59.01143968071752,0.065,0.052000000000000005,0.12000000000000001,0.0675,4,3,MIXED_EXPLICIT,-7.289137310836878,-7.289137310836878,0.0,0.0,-0.006292540687317105,-0.0006292540687317105,-6.623470592603837,1.2267456751218546,0.05,0.0,1.3944074600998753,0.04435149136343844,0.0,0.009678994227103166,2.5,7.217663279642302,4.717663279642302,0.0,0.0
2026-08-14T11:28:40Z,cam_01,zone_B,event_benchmark_01,0.05,1.3690290197056132,1.3005775687203325,49.55379585885838,64.35182580114964,0.065,0.052000000000000005,0.12000000000000001,0.0675,4,3,MIXED_EXPLICIT,-14.798029942291265,-14.798029942291265,0.0,0.0,0.016494859511523075,0.0016494859511523075,-2.168506511022265,5.340386120432122,0.05,0.0,1.3861326860581866,0.04448053276250302,0.0,0.002278740019884018,2.5,5.499932460544779,2.9999324605447786,0.0,0.0
2026-08-14T11:28:50Z,cam_01,zone_B,event_benchmark_01,0.05,1.354841010858286,1.2870989603153717,58.77650279118876,65.35946210969328,0.065,0.052000000000000005,0.12000000000000001,0.0675,4,3,MIXED_EXPLICIT,-6.582959318504521,-6.582959318504521,0.0,0.0,-0.014188008847327183,-0.0014188008847327183,9.222706932330382,1.0076363085436384,0.05,0.0,1.3794280150958307,0.04653895319703486,0.0,-0.0030682868358850256,2.5,4.436518418674884,1.9365184186748836,0.0,0.0
2026-08-14T11:29:00Z,cam_01,zone_B,event_benchmark_01,0.05,1.4099970950971024,1.3394972403422472,58.38023396264897,58.44593719860456,0.065,0.052000000000000005,0.12000000000000001,0.0675,4,3,MIXED_EXPLICIT,-0.06570323595558847,-0.06570323595558847,0.0,0.0,0.05515608423881635,0.005515608423881635,-0.39626882853978884,-6.913524911088722,0.05,0.0,1.3690455973473,0.023747890021739725,0.0,0.006934409308614354,2.5,9.74922598893655,7.24922598893655,0.0,0.0
2026-08-14T11:29:10Z,cam_01,zone_B,event_benchmark_01,0.05,1.2891844695781705,1.224725246099262,61.36335337875491,57.058784732392304,0.065,0.052000000000000005,0.12000000000000001,0.0675,4,3,MIXED_EXPLICIT,4.304568646362604,4.304568646362604,0.0,0.0,-0.1208126255189319,-0.01208126255189319,2.983119416105936,-1.3871524662122567,0.05,0.0,1.3551171510866524,0.04347187288735277,0.0,-0.017596870975774826,3.7070551215701304,3.360047513786632,-0.34700760778349826,0.0,0.0
2026-08-14T11:29:20Z,cam_01,zone_B,event_benchmark_01,0.05,1.3173158790426822,1.2514500850905481,50.98009687015385,58.72039775738894,0.065,0.052000000000000005,0.12000000000000001,0.0675,4,3,MIXED_EXPLICIT,-7.740300887235087,-7.740300887235087,0.0,0.0,0.02813140946451176,0.0028131409464511757,-10.383256508601058,1.6616130249966332,0.05,0.0,1.3480734948563708,0.04672636779719772,0.0,0.014894403498344366,2.5,2.5,0.0,0.0,0.0
2026-08-14T11:29:30Z,cam_01,zone_B,event_benchmark_01,0.05,1.3166098539210402,1.2507793612249882,52.852256723198266,60.68978764116059,0.065,0.052000000000000005,0.12000000000000001,0.0675,4,3,MIXED_EXPLICIT,-7.837530917962326,-7.837530917962326,0.0,0.0,-0.0007060251216419733,-7.060251216419732e-05,1.8721598530444155,1.9693898837716546,0.05,0.0,1.3375896616994563,0.046729772846029895,0.0,-0.0028837434586153734,2.5,3.0035967941704125,0.5035967941704125,0.0,0.0
2026-08-14T11:29:40Z,cam_01,zone_B,event_benchmark_01,0.05,1.4175153795986786,1.3466396106187446,45.80257918737283,63.45651843434878,0.065,0.052000000000000005,0.12000000000000001,0.0675,4,3,MIXED_EXPLICIT,-17.653939246975952,-17.653939246975952,0.0,0.0,0.10090552567763833,0.010090552567763833,-7.049677535825438,2.766730793188188,0.05,0.0,1.3501245354475349,0.0592443725502071,0.0,0.010161155079928031,2.5,2.5,0.0,0.0,0.0
2026-08-14T11:29:50Z,cam_01,zone_B,event_benchmark_01,0.05,1.455530668629096,1.3827541351976411,52.037644469695636,59.021149294970755,0.065,0.052000000000000005,0.12000000000000001,0.0675,4,3,MIXED_EXPLICIT,-6.983504825275119,-6.983504825275119,0.0,0.0,0.03801528903041751,0.003801528903041751,6.235065282322807,-4.435369139378025,0.05,0.0,1.3592312501539334,0.07271631688460667,0.0,-0.006289023664722082,2.5,6.007139588887866,3.507139588887866,0.0,0.0
2026-08-14T11:30:00Z,cam_01,zone_B,event_benchmark_01,0.05,1.3647775390731263,1.2965386621194699,58.982852552897235,62.09443149011577,0.065,0.052000000000000005,0.12000000000000001,0.0675,4,3,MIXED_EXPLICIT,-3.111578937218532,-3.111578937218532,0.0,0.0,-0.09075312955596981,-0.009075312955596982,6.945208083201599,3.073282195145012,0.05,0.0,1.3743498640529248,0.06150609397787783,0.0,-0.012876841858638733,2.5,5.286105145840238,2.7861051458402377,0.0,0.0
2026-08-14T11:30:10Z,cam_01,zone_B,event_benchmark_01,0.05,1.3615589138404993,1.2934809681484742,51.66752310385901,67.19179866135471,0.065,0.052000000000000005,0.12000000000000001,0.0675,4,3,MIXED_EXPLICIT,-15.524275557495699,-15.524275557495699,0.0,0.0,-0.0032186252326269482,-0.0003218625232626948,-7.315329449038224,5.097367171238943,0.05,0.0,1.383198471012488,0.05397045979335839,0.0,0.008753450432334286,2.5,10.746495246394637,8.246495246394637,0.0,0.0
2026-08-14T11:30:20Z,cam_01,zone_B,event_benchmark_01,0.05,1.373502608155659,1.3048274777478759,57.20239897600412,60.906548061323925,0.065,0.052000000000000005,0.12000000000000001,0.0675,4,3,MIXED_EXPLICIT,-3.7041490853198056,-3.7041490853198056,0.0,0.0,0.011943694315159625,0.0011943694315159625,5.534875872145108,-6.2852506000307855,0.05,0.0,1.3945770218594118,0.040816206507748684,0.0,0.0015162319547786574,2.5,5.787496231131569,3.287496231131569,0.0,0.0
2026-08-14T11:30:30Z,cam_01,zone_B,event_benchmark_01,0.09300111877883777,1.4022932438631068,1.3321785816699514,56.48757397231796,59.69824190444714,0.07790033563365133,0.062320268506921066,0.13720044751153512,0.08255039157259322,7,6,MIXED_EXPLICIT,-3.2106679321291764,-3.2106679321291764,0.04300111877883776,0.004300111877883777,0.028790635707447887,0.0028790635707447885,-0.7148250036861583,-1.2083061568767874,0.05860022375576755,0.019230684939604826,1.3915325947122974,0.039213773083248686,0.004300111877883777,0.0016846941392288262,3.183977815863345,10.501313170110196,7.31733535424685,0.0,0.0
2026-08-14T11:30:40Z,cam_01,zone_B,event_benchmark_01,0.05,1.323632343290471,1.2574507261259475,55.6202851411078,51.40544587454966,0.065,0.052000000000000005,0.12000000000000001,0.0675,4,3,MIXED_EXPLICIT,4.214839266558137,4.214839266558137,-0.04300111877883776,-0.004300111877883777,-0.07866090057263575,-0.007866090057263575,-0.8672888312101605,-8.292796029897474,0.05860022375576755,0.019230684939604826,1.3651529296445726,0.028222938500264555,-0.008600223755767553,-0.010745153628008364,3.8118732289474764,10.5851150216864,6.773241792738924,0.0,0.0
2026-08-14T11:30:50Z,cam_01,zone_B,event_benchmark_01,0.05,1.3819184491367391,1.312822526679902,48.26154305092166,45.84634931585468,0.065,0.052000000000000005,0.12000000000000001,0.0675,4,3,MIXED_EXPLICIT,2.4151937350669783,2.4151937350669783,0.0,0.0,0.05828610584626803,0.005828610584626803,-7.358742090186141,-5.559096558694982,0.05860022375576755,0.019230684939604826,1.368581111657295,0.029190394809586503,0.004300111877883777,0.013694700641890378,3.342882810468576,2.682218330548625,-0.660664479919951,0.0,0.0
2026-08-14T11:31:00Z,cam_01,zone_B,event_benchmark_01,0.06295643041675753,1.410986023239067,1.3404367220771136,55.4625616815101,60.68275003781569,0.06888692912502725,0.0551095433000218,0.12518257216670303,0.07203475064586513,5,4,MIXED_EXPLICIT,-5.220188356305584,-5.220188356305584,0.012956430416757522,0.0012956430416757522,0.029067574102327853,0.0029067574102327855,7.201018630588443,14.836400721961006,0.061191509839119064,0.018646151365499686,1.3784665335370085,0.03416348208225459,0.0012956430416757522,-0.0029218531743940178,2.689736170620341,9.668127027638413,6.978390857018072,0.0,0.0
2026-08-14T11:31:10Z,cam_01,zone_B,event_benchmark_01,0.05,1.3950547084969922,1.3253019730721425,39.044320145496386,58.52587884359564,0.065,0.052000000000000005,0.12000000000000001,0.0675,4,3,MIXED_EXPLICIT,-19.481558698099256,-19.481558698099256,-0.012956430416757522,-0.0012956430416757522,-0.015931314742074765,-0.0015931314742074765,-16.418241536013717,-2.156871194220045,0.061191509839119064,0.01864615136549969,1.3827769536052752,0.034735437306247195,-0.0025912860833515045,-0.004499888884440262,2.5,7.954900320250213,5.454900320250213,0.0,0.0
2026-08-14T11:31:20Z,cam_01,zone_B,event_benchmark_01,0.06159371606175883,1.3725228511928818,1.3038967086332376,53.993016494130785,56.19421230419111,0.06847811481852766,0.054782491854822125,0.12463748642470354,0.0715578006216156,4,3,MIXED_EXPLICIT,-2.2011958100603266,-2.2011958100603266,0.011593716061758824,0.0011593716061758825,-0.022531857304110448,-0.0022531857304110446,14.9486963486344,-2.33166653940453,0.05491002929570328,0.0067405749539940826,1.3768228750712301,0.033065118305901406,0.0024550146478516345,-0.0006600542562035683,2.6691167950598684,3.5813339450684305,0.9122171500085621,0.0,0.0
2026-08-14T11:31:30Z,cam_01,zone_B,event_benchmark_01,0.05,1.4200523046283569,1.349049689396939,45.8476337814243,60.217651020931726,0.065,0.052000000000000005,0.12000000000000001,0.0675,4,3,MIXED_EXPLICIT,-14.370017239507426,-14.370017239507426,-0.011593716061758824,-0.0011593716061758825,0.0475294534354751,0.00475294534354751,-8.145382712706486,4.023438716740614,0.05491002929570328,0.0067405749539940826,1.3961068673388073,0.019706580843512445,-0.002318743212351765,0.007006131073958555,2.5,12.355624963305976,9.855624963305976,0.0,0.0
2026-08-14T11:31:40Z,cam_01,zone_B,event_benchmark_01,0.056412410902887455,1.2309909388083056,1.1694413918678903,60.54296545496508,58.56973313595771,0.06692372327086624,0.05353897861669299,0.122564964361155,0.0697443438160106,4,3,MIXED_EXPLICIT,1.9732323190073657,1.9732323190073657,0.006412410902887453,0.0006412410902887453,-0.18906136582005129,-0.01890613658200513,14.695331673540778,-1.6479178849740137,0.05619251147628077,0.006157644901524764,1.3659213652731208,0.0775556788423533,0.0018006126964646278,-0.02365908192555264,3.1311869121549663,9.198337222137132,6.067150309982166,0.0,0.0
2026-08-14T11:31:50Z,cam_01,zone_B,event_benchmark_01,0.05,1.4038937659765454,1.333699077677718,57.88703676382256,64.6389012531695,0.065,0.052000000000000005,0.12000000000000001,0.0675,4,3,MIXED_EXPLICIT,-6.751864489346936,-6.751864489346936,-0.006412410902887453,-0.0006412410902887453,0.1729028271682398,0.01729028271682398,-2.6559286911425204,6.069168117211781,0.05360122539292926,0.005260445419704727,1.3645029138206164,0.07658419072787014,-0.0012824821805774906,0.03619641929882911,2.5,10.23043052259456,7.73043052259456,0.0,0.0
2026-08-14T11:32:00Z,cam_01,zone_B,event_benchmark_01,0.11962744983383458,1.295519745943328,1.2307437586461616,61.90355089653717,58.03800534461819,0.08588823495015038,0.0687105879601203,0.14785097993353385,0.09186960744184211,9,8,MIXED_EXPLICIT,3.865545551918977,3.865545551918977,0.06962744983383458,0.006962744983383458,-0.10837402003321728,-0.010837402003321728,4.016514132714612,-6.600895908551301,0.06752671535969618,0.029527894775839746,1.3445959213098835,0.07953674719288288,0.007603986073672203,-0.028127684720145707,4.751021381998065,13.596906237018073,8.845884855020008,0.0,0.0
2026-08-14T11:32:10Z,cam_01,zone_B,event_benchmark_01,0.07857669357589735,1.2613223390116386,1.1982562220610566,63.891166621868685,54.693849703131214,0.0735730080727692,0.058858406458215363,0.13143067743035894,0.07750184275156408,6,5,MIXED_EXPLICIT,9.19731691873747,9.19731691873747,-0.041050756257937235,-0.004105075625793724,-0.03419740693168949,-0.003419740693168949,1.9876157253315156,-3.344155641486978,0.07092331086252388,0.029651321692431787,1.3223558188736348,0.08512614453021622,-0.011067820609177182,0.007417661310152779,5.627789483001837,18.2345095280249,12.606720045023064,1.0,0.0
2026-08-14T11:32:20Z,cam_01,zone_B,event_benchmark_01,0.08737880858841648,1.3731328448231992,1.3044762025820391,52.24572208294913,63.20325502302811,0.07621364257652495,0.06097091406121996,0.1349515234353666,0.08058258300594577,6,5,MIXED_EXPLICIT,-10.957532940078984,-10.957532940078984,0.008802115012519138,0.0008802115012519138,0.1118105058115606,0.01118105058115606,-11.645444538919556,8.5094053198969,0.07839907258020717,0.02770544582790291,1.3129719269126034,0.07344940065122339,0.004985287127045638,0.014600791274325009,3.0857225650192306,8.441049813336665,5.355327248317435,0.0,0.0
2026-08-14T11:32:30Z,cam_01,zone_B,event_benchmark_01,0.0545730606566141,1.4359390908641794,1.3641421363209703,63.10266084210692,57.822883412136704,0.06637191819698424,0.053097534557587395,0.12182922426264564,0.06910057122981494,4,3,MIXED_EXPLICIT,5.279777429970217,5.279777429970217,-0.03280574793180238,-0.003280574793180238,0.06280624604098017,0.0062806246040980175,10.856938759157792,-5.380371610891409,0.0780312025309525,0.02808004551588208,1.3539615573237782,0.07344819571917427,-0.004160786294432152,-0.004900425977058043,4.02631018011415,8.580541503040818,4.554231322926668,0.0,0.0
2026-08-14T11:32:40Z,cam_01,zone_B,event_benchmark_01,0.055479527862780584,1.359839857550947,1.2918478646733995,59.099320050324366,61.52309286110592,0.06664385835883418,0.05331508668706735,0.12219181114511224,0.0694178347519732,4,3,MIXED_EXPLICIT,-2.423772810781557,-2.423772810781557,0.0009064672061664808,9.064672061664809e-05,-0.07609923331323243,-0.0076099233313232425,-4.003340791782556,3.7002094489692183,0.07912710810350862,0.026789832467673386,1.3451507756386585,0.06843195416015765,0.0033712215137968863,-0.013890547935421261,2.578522402340364,5.735950463560705,3.157428061220341,0.0,0.0
2026-08-14T11:32:50Z,cam_01,zone_B,event_benchmark_01,0.06294904091322251,1.4098743028122134,1.3393805876716027,53.85314683696308,56.35396565077155,0.06888471227396675,0.055107769819173404,0.12517961636528901,0.07203216431962788,5,4,MIXED_EXPLICIT,-2.500818813808472,-2.500818813808472,0.0074695130504419255,0.0007469513050441925,0.050034445261266436,0.005003444526126643,-5.246173213361288,-5.1691272103343735,0.0677914263193862,0.014575186660638678,1.3680216870124355,0.06678740960417377,0.0006563045844275445,0.012613367857449886,2.6896239386204743,9.391220241069718,6.701596302449243,0.0,0.0
2026-08-14T11:33:00Z,cam_01,zone_B,event_benchmark_01,0.10904033164743095,1.4151897139109737,1.344430228215425,64.40132726770919,54.5700589395642,0.08271209949422928,0.06616967959538343,0.14361613265897238,0.08816411607660082,8,7,MIXED_EXPLICIT,9.831268328144994,9.831268328144994,0.04609129073420844,0.004609129073420844,0.005315411098760325,0.0005315411098760325,10.548180430746115,-1.7839067112073508,0.07388415393369294,0.023713328619295433,1.3987951619923025,0.031413653132698276,0.003862177768376651,-0.004471903416250611,6.36140908072602,12.470527428520485,6.109118347794466,0.0,0.0
2026-08-14T11:33:10Z,cam_01,zone_B,event_benchmark_01,0.07303241695147047,1.4219262725083202,1.350829958882904,50.31112579405947,58.96019281189907,0.07190972508544115,0.05752778006835292,0.1292129667805882,0.07556134593301467,5,4,MIXED_EXPLICIT,-8.649067017839599,-8.649067017839599,-0.03600791469596047,-0.0036007914695960473,0.006736558597346454,0.0006736558597346453,-14.09020147364972,4.3901338723348715,0.07101487560630373,0.022509685570123426,1.4085538475293267,0.02892924319235542,-0.008209920543016891,0.00014211474985861283,2.847037752702042,12.12091102018475,9.273873267482708,0.0,0.0
2026-08-14T11:33:20Z,cam_01,zone_B,event_benchmark_01,0.11335691925202525,1.4139840749173544,1.3432848711714866,54.94598273252365,57.79700483267792,0.08400707577560758,0.06720566062048607,0.14534276770081012,0.08967492173820885,9,8,MIXED_EXPLICIT,-2.8510221001542675,-2.8510221001542675,0.040324502300554774,0.004032450230055477,-0.007942197590965705,-0.0007942197590965705,4.634856938464182,-1.1631879792211492,0.08277164732538596,0.02673083777609007,1.4041628443399616,0.025153209132540842,0.007633241699651525,-0.0014678756188312159,3.5619247285720776,13.022764153815224,9.460839425243147,0.0,0.0
2026-08-14T11:33:30Z,cam_01,zone_B,event_benchmark_01,0.20744684493148746,1.3126382675947021,1.247006354214967,63.552798978320496,58.250198278204415,0.11223405347944623,0.08978724278355699,0.182978737972595,0.12260639572602061,16,15,MIXED_EXPLICIT,5.302600700116081,5.302600700116081,0.09408992567946221,0.009408992567946221,-0.1013458073226523,-0.01013458073226523,8.606816245796843,0.45319344552649454,0.11316511073912734,0.057092869026686956,1.3947225263487126,0.04609055947339345,0.005376542337890744,-0.00934036097316866,7.217663279642302,10.63993919160354,3.422275911961238,0.0,0.0
2026-08-14T11:33:40Z,cam_01,zone_B,event_benchmark_01,0.15206323373982855,1.3125337417011824,1.2469070546161232,59.52017015886621,55.615506558654715,0.09561897012194856,0.07649517609755885,0.16082529349593144,0.10322213180894,12,11,MIXED_EXPLICIT,3.9046636002114923,3.9046636002114923,-0.05538361119165891,-0.005538361119165891,-0.00010452589351972463,-1.0452589351972463e-05,-4.032628819454288,-2.6346917195497,0.13098794930444851,0.05109189076160654,1.3752544141265066,0.05728817878637365,-0.014947353687112114,0.010124128142913257,5.499932460544779,11.391658656122173,5.8917261955773945,0.0,0.0
2026-08-14T11:33:50Z,cam_01,zone_B,event_benchmark_01,0.09705704993683636,1.2616674794430396,1.1985841054708875,52.48177578114565,48.87706008241128,0.07911711498105091,0.06329369198484074,0.13882281997473456,0.08396996747789273,7,6,MIXED_EXPLICIT,3.604715698734367,3.604715698734367,-0.05500618380299219,-0.005500618380299219,-0.050866262258142836,-0.005086626225814283,-7.038394377720557,-6.738446476243432,0.12859129296232963,0.052636521088852944,1.3445499672329198,0.07021589916347988,3.7742738866672346e-05,-0.0050761736364623115,4.436518418674884,19.172097716026276,14.735579297351393,1.0,0.0
2026-08-14T11:34:00Z,cam_01,zone_B,event_benchmark_01,0.1782906521587958,1.280722484298225,1.2166863600833138,70.37866750818029,54.27031753888214,0.10348719564763875,0.082789756518111,0.1713162608635183,0.11240172825557854,14,13,MIXED_EXPLICIT,16.108349969298146,16.108349969298146,0.08123360222195944,0.008123360222195944,0.01905500485518541,0.0019055004855185408,17.896891727034635,5.393257456470856,0.1496429400037947,0.04541418224108593,1.3163092095909006,0.058779764758109566,0.013623978602495163,0.006992126711332825,9.74922598893655,20.82036777459135,11.0711417856548,1.0,0.0
2026-08-14T11:34:10Z,cam_01,zone_B,event_benchmark_01,0.1027178833017309,1.2962069402531518,1.231396593240494,56.92315866228932,61.91473466968446,0.08081536499051928,0.06465229199241543,0.14108715332069238,0.08595125915560581,8,7,MIXED_EXPLICIT,-4.991576007395139,-4.991576007395139,-0.0755727688570649,-0.007557276885706491,0.015484455954926757,0.0015484455954926756,-13.455508845890968,7.644417130802317,0.14751513281373582,0.04772954960454265,1.29275378265806,0.021849909645806926,-0.015680637107902434,-0.0003570548900258652,3.360047513786632,12.501791241133393,9.14174372734676,0.0,0.0
2026-08-14T11:34:20Z,cam_01,zone_B,event_benchmark_01,0.05,1.4785471358748905,1.4046197790811459,55.7625248417844,57.51311960378447,0.065,0.052000000000000005,0.12000000000000001,0.0675,4,3,MIXED_EXPLICIT,-1.7505947620000697,-1.7505947620000697,-0.0527178833017309,-0.00527178833017309,0.18234019562173875,0.018234019562173874,-1.1606338205049198,-4.401615065899989,0.11602576382743832,0.050179499888773064,1.3259355563140978,0.08736174942398273,0.0022854885555334005,0.0166855739666812,2.5,10.933513020453526,8.433513020453526,0.0,1.0
2026-08-14T11:34:30Z,cam_01,zone_B,event_benchmark_01,0.08255847596874497,1.341670623797136,1.2745870926072793,53.752921245431196,57.11691346805237,0.07476754279062349,0.05981403423249879,0.133023390387498,0.07889546658906074,6,5,MIXED_EXPLICIT,-3.363992222621171,-3.363992222621171,0.03255847596874496,0.003255847596874496,-0.13687651207775442,-0.013687651207775441,-2.0096035963532017,-0.3962061357321005,0.10212481227322161,0.04724168361922636,1.3317629327332887,0.08721595780560604,0.008527635927047587,-0.03192167076994932,3.0035967941704125,11.836356807119529,8.832760012949116,0.0,0.0
2026-08-14T11:34:40Z,cam_01,zone_B,event_benchmark_01,0.05,1.3761602403392241,1.307352228322263,44.896983497257416,63.93188252952969,0.065,0.052000000000000005,0.12000000000000001,0.0675,4,3,MIXED_EXPLICIT,-19.03489903227227,-19.03489903227227,-0.03255847596874496,-0.003255847596874496,0.03448961654208804,0.0034489616542088043,-8.85593774817378,6.814969061477321,0.09271340228585433,0.05285723066522037,1.3546614849125256,0.07883927174156465,-0.006511695193748992,0.017136612861984247,2.5,21.261770496137423,18.761770496137423,1.0,0.0
2026-08-14T11:34:50Z,cam_01,zone_B,event_benchmark_01,0.1253016471763651,1.3523932804962042,1.2847736164713939,61.37441856606632,53.93410092017808,0.08759049415290954,0.07007239532232763,0.15012065887054604,0.0938555765117278,10,9,MIXED_EXPLICIT,7.440317645888236,7.440317645888236,0.0753016471763651,0.00753016471763651,-0.023766959843019908,-0.002376695984301991,16.4774350688089,-9.997781609351605,0.0821156012893682,0.032986771643371236,1.3689956441521214,0.06777416803042131,0.010786012314511007,-0.005825657638510795,6.007139588887866,14.323646945319497,8.316507356431632,0.0,0.0
2026-08-14T11:40:00Z,cam_02,zone_C,event_benchmark_01,0.3404695961991543,1.2907777765681576,1.2262388877397497,67.69852990654539,54.40889419453049,0.15214087885974628,0.12171270308779703,0.23618783847966174,0.169164358669704,27,25,MIXED_EXPLICIT,13.2896357120149,13.2896357120149,0.0,0.0,0.0,0.0,0.0,0.0,0.3404695961991543,0.0,1.2907777765681576,0.0,0.0,0.0,14.047347361672058,19.528221475538366,5.480874113866308,0.0,0.0
2026-08-14T11:40:10Z,cam_02,zone_C,event_benchmark_01,0.2617519420816407,1.2399157940602845,1.1779200043572702,66.63823031263375,49.31391912437004,0.1285255826244922,0.10282046609959378,0.2047007768326563,0.14161317972857423,20,19,MIXED_EXPLICIT,17.324311188263714,17.324311188263714,-0.07871765411751358,-0.007871765411751358,-0.050861982507873105,-0.00508619825078731,-1.0602995939116369,-5.0949750701604515,0.30111076914039747,0.055661787025590985,1.265346785314221,0.03596485273590863,-0.007871765411751358,-0.00508619825078731,12.989843075669224,29.066516487841145,16.07667341217192,1.0,0.0
2026-08-14T11:40:20Z,cam_02,zone_C,event_benchmark_01,0.3565796838206395,1.150631851362093,1.0931002587939882,76.45834703854294,47.94070831998256,0.15697390514619186,0.1255791241169535,0.2426318735282558,0.17480288933722382,28,26,MIXED_EXPLICIT,28.517638718560377,28.517638718560377,0.09482774173899877,0.009482774173899877,-0.08928394269819151,-0.00892839426981915,9.820116725909187,-1.373210804387476,0.31960040736714485,0.050741673530827834,1.227108473996845,0.07094533581125326,0.017354539585651235,-0.0038421960190318403,20.288036017681037,29.112713876894666,8.82467785921363,0.0,0.0
2026-08-14T11:40:30Z,cam_02,zone_C,event_benchmark_01,0.38611902138781456,1.09264286753667,1.0380107241598364,90.32795999772613,47.42890097407034,0.16583570641634438,0.1326685651330755,0.2544476085551258,0.18514165748573508,30,28,MIXED_EXPLICIT,42.89905902365579,42.89905902365579,0.029539337567175084,0.0029539337567175083,-0.05798898382542306,-0.005798898382542305,13.869612959183186,-0.5118073459122243,0.3362300608723123,0.05312870967076515,1.1934920723818012,0.08874538642894812,-0.006528840417182369,0.0031294958872768452,26.45614122086062,23.150912817494866,-3.305228403365753,0.0,0.0
2026-08-14T11:40:40Z,cam_02,zone_C,event_benchmark_01,0.34424460001256935,1.1032962561796609,1.0481314433706779,80.32233362367434,53.66778458711832,0.1532733800037708,0.12261870400301665,0.23769784000502775,0.17048561000439927,27,25,MIXED_EXPLICIT,26.65454903655602,26.65454903655602,-0.04187442137524522,-0.004187442137524522,0.010653388642990924,0.0010653388642990925,-10.005626374051786,6.238883613047982,0.3378329687003637,0.04615020488563928,1.1754529091413732,0.08679783846036464,-0.00714137589424203,0.0068642372468413985,18.231736331569138,28.681051790567487,10.449315458998349,1.0,0.0
2026-08-14T11:40:50Z,cam_02,zone_C,event_benchmark_01,0.4226457825401951,1.0672057333256084,1.0138454466593279,77.13425475771615,48.41550796828106,0.1767937347620585,0.1414349878096468,0.2690583130160781,0.19792602388906827,33,31,MIXED_EXPLICIT,28.718746789435087,28.718746789435087,0.07840118252762573,0.007840118252762573,-0.036090522854052454,-0.003609052285405245,-3.1880788659581896,-5.252276618837257,0.3542682059685719,0.059906264510685696,1.1307385004928634,0.06811055969289984,0.012027560390287096,-0.004674391149704337,23.077390094991046,25.732034832584294,2.654644737593248,0.0,0.0
2026-08-14T11:41:00Z,cam_02,zone_C,event_benchmark_01,0.29534650484501723,1.2361484296435636,1.1743410081613854,76.05790183468957,56.563389497977255,0.13860395145350518,0.11088316116280415,0.2181386019380069,0.153371276695756,23,21,MIXED_EXPLICIT,19.49451233671232,19.49451233671232,-0.12729927769517785,-0.012729927769517785,0.16894269631795522,0.016894269631795522,-1.076352923026576,8.147881529696193,0.36098711852124715,0.04754427137085415,1.1299850276095191,0.06660504202505879,-0.02057004602228036,0.020503321917200768,14.001954900037047,28.40274193871142,14.400787038674371,1.0,0.0
2026-08-14T11:41:10Z,cam_02,zone_C,event_benchmark_01,0.2770294638669989,1.2592185728412972,1.1962576441992323,64.42583716466808,40.18627740813807,0.13310883916009966,0.10648707132807973,0.21081178554679958,0.1469603123534496,22,20,MIXED_EXPLICIT,24.239559756530014,24.239559756530014,-0.01831704097801834,-0.0018317040978018339,0.023070143197733595,0.0023070143197733593,-11.632064670021492,-16.377112089839187,0.34507707453051906,0.06083922615428522,1.15170237190536,0.08896871522960065,0.01089822367171595,-0.014587255312022162,17.51677567203687,31.030070309072407,13.513294637035536,1.0,0.0
2026-08-14T11:41:20Z,cam_02,zone_C,event_benchmark_01,0.25554810809234274,1.1676116000429877,1.1092310200408382,75.85730391682279,50.604778512514144,0.1266644324277028,0.10133154594216226,0.2022192432369371,0.13944183783231995,20,19,MIXED_EXPLICIT,25.252525404308642,25.252525404308642,-0.021481355774656152,-0.002148135577465615,-0.09160697279830954,-0.009160697279830954,11.431466752154705,10.418501104376077,0.3189628918714246,0.06657117902309026,1.1666961184066236,0.08261771219200228,-0.0003164314796637813,-0.011467711599604313,15.156963626152834,19.7657653125496,4.608801686396767,0.0,0.0
2026-08-14T11:41:30Z,cam_02,zone_C,event_benchmark_01,0.4245033712914871,1.1900498929289136,1.1305473982824679,81.60464644422957,45.87966276961501,0.17735101138744613,0.1418808091099569,0.2698013485165949,0.19857617995202048,33,31,MIXED_EXPLICIT,35.72498367461456,35.72498367461456,0.16895526319914433,0.016895526319914433,0.022438292885925915,0.0022438292885925914,5.747342527406786,-4.725115742899135,0.3350146461272082,0.08206433674614633,1.1840468457564741,0.07470502497750393,0.01904366189738005,0.011404526568423546,26.12978759101935,24.593820445796382,-1.535967145222969,0.0,0.0
2026-08-14T11:41:40Z,cam_02,zone_C,event_benchmark_01,0.3876310143272928,1.1432683388194522,1.0861049218784795,80.54230020248757,50.96567632159169,0.16628930429818783,0.13303144343855028,0.25505240573091714,0.1856708550145525,31,29,MIXED_EXPLICIT,29.57662388089588,29.57662388089588,-0.036872356964194275,-0.0036872356964194274,-0.04678155410946139,-0.004678155410946139,-1.0623462417420058,5.086013551976677,0.32801169248462775,0.07379410680615749,1.199259366855243,0.04789911301523775,-0.020582762016333862,-0.00692198469953873,21.333564660795467,36.75704317513421,15.42347851433874,1.0,0.0
2026-08-14T11:41:50Z,cam_02,zone_C,event_benchmark_01,0.3573390419080084,1.1929362254544724,1.1332894141817487,85.21610659035163,50.16298036938914,0.1572017125724025,0.125761370057922,0.24293561676320338,0.17506866466780296,28,26,MIXED_EXPLICIT,35.05312622096249,35.05312622096249,-0.030291972419284385,-0.0030291972419284386,0.0496678866350202,0.00496678866350202,4.673806387864062,-0.8026959522025479,0.340410199897226,0.07212271626825206,1.1906169260174246,0.043252226405653384,0.000658038454490989,0.009644944074448158,21.981242698727876,37.33541221703277,15.354169518304893,1.0,0.0
2026-08-14T11:42:00Z,cam_02,zone_C,event_benchmark_01,0.3793156470656953,1.253021643173354,1.1903705610146864,73.90943392233437,56.40290595816493,0.1637946941197086,0.1310357552957669,0.25172625882627814,0.18276047647299337,30,28,MIXED_EXPLICIT,17.506527964169443,17.506527964169443,0.0219766051576869,0.00219766051576869,0.06008541771888165,0.006008541771888165,-11.306672668017256,6.23992558877579,0.3608674365369653,0.06366075767813512,1.189377540083836,0.04081514040489729,0.005226857757697129,0.0010417531083861454,16.664335066800362,31.182505446426216,14.518170379625854,1.0,1.0
2026-08-14T11:42:10Z,cam_02,zone_C,event_benchmark_01,0.31423452895941606,1.2563012484176268,1.1934861859967454,68.15317139118832,44.418625562511394,0.1442703586878248,0.11541628695025985,0.22569381158376645,0.15998208513579562,25,23,MIXED_EXPLICIT,23.73454582867693,23.73454582867693,-0.06508111810627926,-0.0065081118106279255,0.003279605244272732,0.00032796052442727317,-5.756262531146049,-11.984280395653535,0.3726047207103799,0.040633779663260115,1.2071154697587638,0.04768479472171132,-0.008705772326396615,-0.005680581247460892,17.70754514165044,24.037013467200175,6.329468325549737,0.0,1.0
2026-08-14T11:42:20Z,cam_02,zone_C,event_benchmark_01,0.4979806008725911,1.0877851070811537,1.033395851727096,86.92045143807727,50.26784536420194,0.19939418026177735,0.1595153442094219,0.29919224034903646,0.2242932103054069,39,37,MIXED_EXPLICIT,36.652606073875326,36.652606073875326,0.18374607191317505,0.018374607191317505,-0.16851614133647308,-0.01685161413364731,18.767280046888942,5.849219801690545,0.3873001666266007,0.06809970069650809,1.1866625125892118,0.07237444792525846,0.02488271900194543,-0.01717957465807458,28.91170291036465,32.34806519949245,3.4363622891278034,0.0,0.0
2026-08-14T11:42:30Z,cam_02,zone_C,event_benchmark_01,0.3873297671157835,1.1230425284597654,1.066890402036777,86.17827562435927,55.04508677374285,0.16619893013473502,0.13295914410778803,0.2549319068463134,0.18556541849052421,30,28,MIXED_EXPLICIT,31.13318885061642,31.13318885061642,-0.11065083375680762,-0.011065083375680762,0.03525742137861165,0.0035257421378611653,-0.7421758137179921,4.777241409540913,0.3872399171842989,0.06809946807029287,1.1826173505172746,0.07588622113479088,-0.029439690566998265,0.020377356271508475,21.08509657544893,33.0727378735817,11.987641298132772,1.0,0.0
2026-08-14T11:42:40Z,cam_02,zone_C,event_benchmark_01,0.39150527090876186,1.0575060673882775,1.0046307640188636,73.72369129531674,61.453131764634534,0.16745158127262855,0.13396126501810285,0.2566021083635047,0.18702684481806664,31,29,MIXED_EXPLICIT,12.270559530682206,12.270559530682206,0.0041755037929783745,0.0004175503792978374,-0.06553646107148792,-0.006553646107148791,-12.454584329042532,6.408044990891682,0.39407316298444955,0.06603183865588533,1.1555313189040355,0.09342505375422744,0.0114826337549786,-0.010079388245009957,15.408285403983704,23.119408816306407,7.711123412322703,0.0,0.0
2026-08-14T11:42:50Z,cam_02,zone_C,event_benchmark_01,0.427481235025278,1.107553593022712,1.0521759133715765,70.0377208114694,49.041545444027065,0.1782443705075834,0.14259549640606672,0.2709924940101112,0.1996184322588473,34,32,MIXED_EXPLICIT,20.996175367442333,20.996175367442333,0.03597596411651616,0.003597596411651616,0.0500475256344346,0.00500475256344346,-3.685970483847342,-12.41158632060747,0.4037062805763661,0.06684898109508092,1.126437708873907,0.07661310398293775,0.0031800460323537783,0.011558398670592251,20.65723893237633,27.4910635187952,6.833824586418871,0.0,0.0
2026-08-14T11:43:00Z,cam_02,zone_C,event_benchmark_01,0.4203907210515294,1.1372090554276977,1.0803486026563127,81.37546339207735,53.214478600732,0.17611721631545885,0.14089377305236708,0.2681562884206118,0.1971367523680353,33,31,MIXED_EXPLICIT,28.16098479134535,28.16098479134535,-0.007090513973748602,-0.0007090513973748603,0.029655462404985622,0.0029655462404985624,11.337742580607951,4.172933156704936,0.4249375189947888,0.04442548223279771,1.1026192702759212,0.031197610986781595,-0.004306647809026476,-0.0020392063229448974,21.951623925116593,32.26925865922469,10.317634734108097,1.0,0.0
2026-08-14T11:43:10Z,cam_02,zone_C,event_benchmark_01,0.41267123388802934,1.103038283309623,1.0478863691441418,85.77240271059694,42.72726135942759,0.1738013701664088,0.13904109613312704,0.2650684935552118,0.1944349318608103,33,31,MIXED_EXPLICIT,43.04514135116935,43.04514135116935,-0.007719487163500072,-0.0007719487163500071,-0.03417077211807462,-0.0034170772118074623,4.3969393185195855,-10.487217241304414,0.4078756455978764,0.017706822184670252,1.1056699055216153,0.0301112728988343,-6.289731897514695e-05,-0.006382623452306025,29.256978144666963,40.09128813319544,10.834309988528478,1.0,0.0
2026-08-14T11:43:20Z,cam_02,zone_C,event_benchmark_01,0.3670789364411383,1.1731897897807018,1.1145303002916667,85.36762366398521,40.69864024961211,0.1601236809323415,0.12809894474587322,0.24683157457645533,0.1784776277543984,29,27,MIXED_EXPLICIT,44.6689834143731,44.6689834143731,-0.04559229744689103,-0.004559229744689103,0.0701515064710787,0.00701515064710787,-0.40477904661172204,-2.028621109815475,0.40382547946294733,0.024567994089536683,1.1156993577858025,0.04295617592780912,-0.003787281028339096,0.010432227858915333,28.75432819825887,38.94329303841052,10.188964840151652,1.0,0.0
2026-08-14T11:43:30Z,cam_02,zone_C,event_benchmark_01,0.43528999391880807,1.1426685977966533,1.0855351679068206,82.50739270307766,55.518072000532335,0.18058699817564244,0.14446959854051397,0.27411599756752325,0.2023514978715828,34,32,MIXED_EXPLICIT,26.98932070254532,26.98932070254532,0.06821105747766976,0.006821105747766976,-0.030521191984048457,-0.0030521191984048458,-2.8602309609075576,14.819431750920224,0.4125824240649566,0.026782237918278946,1.1327318638674775,0.028597559964638027,0.011380335492456078,-0.010067269845512716,21.945593175881033,39.09370527221719,17.14811209633616,1.0,0.0
2026-08-14T11:43:40Z,cam_02,zone_C,event_benchmark_01,0.5109194463092012,1.0822055331240754,1.0280952564678716,88.81642266915608,49.753809605575626,0.20327583389276033,0.16262066711420828,0.30436777852368047,0.2288218062082204,40,38,MIXED_EXPLICIT,39.06261306358046,39.06261306358046,0.07562945239039309,0.007562945239039309,-0.06046306467257789,-0.006046306467257789,6.309029966078427,-5.76426239495671,0.42927006632174125,0.05226127014105846,1.1276622518877502,0.03557295915178617,0.0007418394912723336,-0.0029941872688529435,30.483615610437138,33.45336526633718,2.969749655900042,0.0,0.0
2026-08-14T11:43:50Z,cam_02,zone_C,event_benchmark_01,0.48917803740498556,1.0739930485158355,1.0202933960900438,94.90374666367758,56.109002700892404,0.19675341122149564,0.15740272897719654,0.2956712149619942,0.22121231309174494,39,37,MIXED_EXPLICIT,38.79474396278518,38.79474396278518,-0.02174140890421561,-0.002174140890421561,-0.008212484608239867,-0.0008212484608239867,6.087323994521498,6.355193095316778,0.4430275295924325,0.05807052754127495,1.1150190505053779,0.04198729247649829,-0.00973708612946087,0.005225058006433803,27.85593827819445,33.27747311337475,5.421534835180296,0.0,0.0
2026-08-14T11:44:00Z,cam_02,zone_C,event_benchmark_01,0.5066417892523494,1.1044476600469266,1.0492252770445802,81.18263464171083,43.00014977010427,0.20199253677570483,0.1615940294205639,0.30265671570093977,0.22732462623832228,40,38,MIXED_EXPLICIT,38.18248487160656,38.18248487160656,0.017463751847363818,0.0017463751847363817,0.03045461153109108,0.003045461153109108,-13.721112021966746,-13.108852930788132,0.4618216406652965,0.06092602269100278,1.1153009258528386,0.041891374897157135,0.003920516075157943,0.0038667096139330948,31.90394837010735,52.194552885576236,20.290604515468885,1.0,0.0
2026-08-14T11:44:10Z,cam_02,zone_C,event_benchmark_01,0.4064831486272312,1.1782071433021317,1.119296786137025,80.57604801426345,54.46984772509914,0.17194494458816934,0.13755595567053547,0.2625932594508925,0.1922691020195309,32,30,MIXED_EXPLICIT,26.106200289164306,26.106200289164306,-0.1001586406251182,-0.01001586406251182,0.0737594832552051,0.007375948325520509,-0.6065866274473848,11.46969795499487,0.46970248310251506,0.04643153904814521,1.1163043965571244,0.04364798398192055,-0.011762239247248202,0.004330487172411401,20.532230455888335,33.06441903947636,12.532188583588027,1.0,0.0
2026-08-14T11:44:20Z,cam_02,zone_C,event_benchmark_01,0.38761066169559144,1.1129136491105027,1.0572679666549776,81.9609723852726,61.591875968807436,0.16628319850867743,0.13302655880694195,0.2550442646782366,0.185663731593457,31,29,MIXED_EXPLICIT,20.369096416465162,20.369096416465162,-0.01887248693163973,-0.001887248693163973,-0.065293494191629,-0.0065293494191629,1.3849243710091486,7.122028243708293,0.4601666166578718,0.058574173616353385,1.1103534068198946,0.04110942923992397,0.008128615369347846,-0.01390529774468341,17.338882842540272,39.62285061974065,22.28396777720038,1.0,0.0
2026-08-14T11:44:30Z,cam_02,zone_C,event_benchmark_01,0.4358334683138497,1.2090465379990034,1.1485942110990532,87.11277107153316,53.381858675509335,0.18075004049415494,0.14460003239532396,0.2743333873255399,0.20254171390984738,34,32,MIXED_EXPLICIT,33.730912396023825,33.730912396023825,0.048222806618258285,0.0048222806618258285,0.09613288888850069,0.00961328888885007,5.1517986862605625,-8.210017293298101,0.4451494210588015,0.0515082683453988,1.13572160779488,0.0558798799536427,0.006709529354989802,0.01614263830801297,24.30276050994395,34.047572950846046,9.744812440902095,0.0,1.0
2026-08-14T11:44:40Z,cam_02,zone_C,event_benchmark_01,0.4499253601675288,1.1251153772852696,1.068859608421006,83.4449953474479,52.38440032460467,0.18497760805025865,0.1479820864402069,0.27997014406701154,0.2074738760586351,35,33,MIXED_EXPLICIT,31.06059502284323,31.06059502284323,0.014091891853679095,0.0014091891853679095,-0.08393116071373385,-0.008393116071373385,-3.66777572408526,-0.9974583509046653,0.4372988856113101,0.04579449430530827,1.1459460735487668,0.0454687324700408,-0.003413091476457919,-0.018006404960223453,24.343415373961314,37.68015193106095,13.336736557099634,1.0,0.0
2026-08-14T11:44:50Z,cam_02,zone_C,event_benchmark_01,0.5068488283230423,1.096833184153417,1.041991524945746,90.72011132437258,49.905803837660905,0.20205464849691268,0.16164371879753014,0.30273953132921694,0.2273970899130648,40,38,MIXED_EXPLICIT,40.81430748671168,40.81430748671168,0.056923468155513524,0.005692346815551352,-0.02828219313185265,-0.002828219313185265,7.275115976924681,-2.478596486943765,0.4373402934254488,0.045872896430013736,1.1444231783700647,0.04729689224117202,0.004283157630183443,0.0055648967581881205,30.792654225508297,40.630096872538914,9.837442647030617,0.0,0.0
2026-08-14T11:45:00Z,cam_02,zone_C,event_benchmark_01,0.3724994471358282,1.2119110528813308,1.1513155002372641,67.35831900380131,44.69560377165387,0.16174983414074845,0.12939986731259875,0.2489997788543313,0.1803748064975399,29,27,MIXED_EXPLICIT,22.66271523214744,22.66271523214744,-0.13434938118721412,-0.013434938118721412,0.11507786872791392,0.011507786872791392,-23.36179232057127,-5.210200066007033,0.4305435531271681,0.05347542444095167,1.1511639602859047,0.05507733262882488,-0.019127284934272765,0.014336006185976658,19.528221475538366,33.97879265761222,14.450571182073851,1.0,1.0
2026-08-14T11:45:10Z,cam_02,zone_C,event_benchmark_01,0.5385663617915579,1.0885209894882404,1.0340949400138284,89.7940668816554,56.006537442720585,0.21156990853746738,0.16925592682997392,0.3154265447166232,0.23849822662704528,43,40,MIXED_EXPLICIT,33.78752943893481,33.78752943893481,0.1660669146557297,0.01660669146557297,-0.12339006339309044,-0.012339006339309044,22.435747877854084,11.310933671066714,0.46073469314636145,0.06462711006871444,1.1462854283614523,0.06015834396548264,0.030041629584294384,-0.023846793212100436,29.066516487841145,37.35825828602563,8.291741798184486,0.0,0.0
2026-08-14T11:45:20Z,cam_02,zone_C,event_benchmark_01,0.4591368135564351,1.172174743561801,1.113566006383711,88.99848864728715,47.76297552984597,0.18774104406693054,0.15019283525354443,0.2836547254225741,0.21069788474475226,36,34,MIXED_EXPLICIT,41.23551311744118,41.23551311744118,-0.07942954823512283,-0.007942954823512283,0.08365375407356068,0.008365375407356069,-0.79557823436825,-8.243561912874618,0.46539536219487854,0.06320705353135146,1.1389110694740117,0.05228646887168728,-0.024549646289085254,0.020704381746665113,29.112713876894666,37.37396790350714,8.261254026612477,0.0,0.0
2026-08-14T11:45:30Z,cam_02,zone_C,event_benchmark_01,0.4506231695755105,1.143982306514785,1.0867831911890455,81.13838339476744,53.509952890404875,0.18518695087265313,0.14814956069812252,0.2802492678302042,0.20771810935142865,36,34,MIXED_EXPLICIT,27.62843050436257,27.62843050436257,-0.008513643980924579,-0.0008513643980924579,-0.028192437047016128,-0.002819243704701613,-7.860105252519702,5.746977360558908,0.4655349240764748,0.06316511257989661,1.1426844553199147,0.051719685388463506,0.007091590425419824,-0.01118461911205768,23.150912817494866,38.464508713793784,15.313595896298917,1.0,0.0
2026-08-14T11:45:40Z,cam_02,zone_C,event_benchmark_01,0.42627312928418293,1.1136142536974682,1.0579335410125947,84.39677145068262,43.659365881460076,0.17788193878525488,0.1423055510282039,0.2705092517136732,0.199195595249464,34,32,MIXED_EXPLICIT,40.737405569222545,40.737405569222545,-0.02435004029132759,-0.002435004029132759,-0.030368052817316693,-0.0030368052817316693,3.2583880559151766,-9.8505870089448,0.44941978426870294,0.06019860251704633,1.146040669228725,0.04844099535131402,-0.0015836396310403011,-0.0002175615770300565,28.681051790567487,35.04521961249961,6.364167821932121,0.0,0.0
2026-08-14T11:45:50Z,cam_02,zone_C,event_benchmark_01,0.3990272103561127,1.1786588500466373,1.1197259075443053,84.1565393325025,46.12215747033884,0.16970816310683381,0.13576653048546705,0.2596108841424451,0.18965952362463945,31,29,MIXED_EXPLICIT,38.03438186216366,38.03438186216366,-0.027245918928070212,-0.002724591892807021,0.06504459634916904,0.0065044596349169035,-0.24023211818011703,2.4627915888787655,0.45472533691275985,0.05238658171857519,1.1393902286617865,0.03837322178668577,-0.00028958786367426216,0.009541264916648574,25.732034832584294,41.65357312802604,15.921538295441746,1.0,0.0
2026-08-14T11:46:00Z,cam_02,zone_C,event_benchmark_01,0.527800302652867,1.0261335080422467,0.9748268326401343,90.51127820794053,56.61943094305383,0.20834009079586013,0.16667207263668812,0.31112012106114684,0.23473010592850346,42,39,MIXED_EXPLICIT,33.89184726488671,33.89184726488671,0.12877309229675432,0.012877309229675431,-0.1525253420043906,-0.015252534200439061,6.354738875438031,10.497273472714987,0.4525721250850216,0.048127090437566626,1.1269127323725876,0.061949540563919527,0.015601901122482453,-0.021756993835355964,28.40274193871142,42.32981772385053,13.927075785139113,1.0,0.0
2026-08-14T11:46:10Z,cam_02,zone_C,event_benchmark_01,0.49515889979117605,1.1083326454141205,1.0529160131434143,90.46503083827693,48.360310559387266,0.1985476699373528,0.15883813594988225,0.29806355991647043,0.2233056149269116,39,37,MIXED_EXPLICIT,42.104720278889666,42.104720278889666,-0.03264140286169098,-0.0032641402861690984,0.08219913737187379,0.00821991373718738,-0.04624736966360388,-8.259120383666563,0.45977654233196985,0.05190348601430423,1.1141443127430517,0.0566400688109462,-0.01614144951584453,0.02347244793762644,31.030070309072407,60.55202921845603,29.52195890938362,2.0,0.0
2026-08-14T11:46:20Z,cam_02,zone_C,event_benchmark_01,0.43182515001373156,1.139243410459538,1.082281239936561,79.73234917467546,58.629874379938094,0.17954754500411946,0.14363803600329558,0.2727300600054926,0.20113880250480604,34,32,MIXED_EXPLICIT,21.10247479473737,21.10247479473737,-0.06333374977744449,-0.006333374977744449,0.030910765045417454,0.0030910765045417455,-10.732681663601468,10.269563820550829,0.4560169384196141,0.05339173726703568,1.1131965335320022,0.056052557895091025,-0.003069234691575351,-0.0051288372326456335,19.7657653125496,33.846431619672714,14.080666307123114,1.0,0.0
2026-08-14T11:46:30Z,cam_02,zone_C,event_benchmark_01,0.4363778849896144,1.1277674261426043,1.071379054835474,83.87717440068892,50.881289004915125,0.1809133654968843,0.14473069239750744,0.27455115399584573,0.20273225974636505,34,32,MIXED_EXPLICIT,32.99588539577379,32.99588539577379,0.004552734975882822,0.00045527349758828217,-0.01147598431693364,-0.001147598431693364,4.144825226013452,-7.748585375022969,0.45803788956070035,0.052161497902516195,1.1160271680210294,0.05643498682025817,0.006788648475332731,-0.00423867493623511,24.593820445796382,47.173489675438105,22.579669229641723,1.0,0.0
2026-08-14T11:46:40Z,cam_02,zone_C,event_benchmark_01,0.48912912404300973,1.1000956500022474,1.045090867502135,92.18141077138688,41.00792865435052,0.19673873721290291,0.15739098977032234,0.2956516496172039,0.2211951934150534,39,37,MIXED_EXPLICIT,51.17348211703636,51.17348211703636,0.05275123905339535,0.005275123905339535,-0.027671776140356874,-0.0027671776140356873,8.304236370697964,-9.873360350564603,0.47605827229807973,0.041060994523926905,1.1003145280121513,0.04426138650786291,0.0048198504077512526,-0.0016195791823423234,36.75704317513421,49.66436150443709,12.907318329302882,1.0,0.0
2026-08-14T11:46:50Z,cam_02,zone_C,event_benchmark_01,0.5941333517359534,0.949427536683546,0.9019561598493686,98.31553294371845,52.57767096393953,0.228240005520786,0.18259200441662882,0.33765334069438135,0.2579466731075837,47,44,MIXED_EXPLICIT,45.73786197977892,45.73786197977892,0.10500422769294365,0.010500422769294365,-0.15066811331870145,-0.015066811331870145,6.134122172331573,11.56974230958901,0.48932488211469705,0.0654379344953454,1.0849733337404113,0.0773362472622,0.00522529886395483,-0.012299633717834458,37.33541221703277,38.129453214462856,0.7940409974300877,0.0,0.0
2026-08-14T11:47:00Z,cam_02,zone_C,event_benchmark_01,0.502443482127616,1.0710976653363822,1.017542782069563,87.2628222223896,47.001668768669646,0.20073304463828479,0.16058643571062783,0.3009773928510464,0.22585521874466558,40,38,MIXED_EXPLICIT,40.261153453719956,40.261153453719956,-0.09168986960833736,-0.009168986960833736,0.12167012865283622,0.012167012865283622,-11.05271072132885,-5.576002195269886,0.490781798581985,0.06568093703685013,1.0775263377248636,0.07631049820619652,-0.019669409730128103,0.027233824197153766,31.182505446426216,48.4544672431347,17.271961796708485,1.0,0.0
2026-08-14T11:47:10Z,cam_02,zone_C,event_benchmark_01,0.44498301327768874,1.1376524370904424,1.0807698152359202,86.71972308366907,54.59378380203144,0.18349490398330665,0.14679592318664533,0.2779932053110755,0.20574405464719103,35,33,MIXED_EXPLICIT,32.12593928163763,32.12593928163763,-0.05746046884992728,-0.005746046884992728,0.06655477175406022,0.006655477175406021,-0.5430991387205353,7.592115033361793,0.49341337123477647,0.06293440714737958,1.0772081430510445,0.07599146837744654,0.0034229400758410077,-0.0055115356898776,24.037013467200175,50.117904752417,26.080891285216822,2.0,0.0
2026-08-14T11:47:20Z,cam_02,zone_C,event_benchmark_01,0.5125459378329651,1.1004652569000908,1.045441994055086,94.5767239798203,49.87513558104111,0.20376378134988954,0.16301102507991164,0.3050183751331861,0.22939107824153776,41,38,MIXED_EXPLICIT,44.701588398779194,44.701588398779194,0.06756292455527635,0.006756292455527635,-0.03718718019035161,-0.003718718019035161,7.857000896151234,-4.718648220990332,0.5086469818034466,0.05430389574098522,1.0717477092025418,0.07234359614614731,0.012502339340520363,-0.010374195194441183,32.34806519949245,44.69484510635633,12.34677990686388,1.0,0.0
2026-08-14T11:47:30Z,cam_02,zone_C,event_benchmark_01,0.5158651460279599,1.0390971553369261,0.9871422975700798,81.0195052893494,41.96710593972645,0.20475954380838796,0.16380763504671036,0.30634605841118395,0.23055280110978593,41,38,MIXED_EXPLICIT,39.052399349622945,39.052399349622945,0.0033192081949947605,0.00033192081949947607,-0.061368101563164634,-0.006136810156316464,-13.557218690470904,-7.908029641314656,0.5139941862004367,0.05320677710473225,1.0595480102694776,0.07150642150060406,-0.006424371636028159,-0.0024180921372813024,33.0727378735817,44.76914891967919,11.696411046097488,1.0,0.0
2026-08-14T11:47:40Z,cam_02,zone_C,event_benchmark_01,0.39930001644208446,1.2237053821779842,1.162520113069085,87.73937164014625,52.835473498011154,0.16979000493262533,0.13583200394610026,0.2597200065768338,0.18975500575472953,31,29,MIXED_EXPLICIT,34.90389814213509,34.90389814213509,-0.1165651295858754,-0.01165651295858754,0.18460822684105804,0.018460822684105805,6.719866350796849,10.868367558284703,0.47502751914166286,0.05114759411490583,1.1144035793683653,0.07111281531234735,-0.011988433778087015,0.024597632840422268,23.119408816306407,43.57196882599153,20.452560009685126,1.0,1.0
2026-08-14T11:47:50Z,cam_02,zone_C,event_benchmark_01,0.5360469099232649,1.035063111635316,0.9833099560535501,91.20247910045583,60.2601775122987,0.21081407297697946,0.16865125838158357,0.31441876396930596,0.2376164184731427,42,39,MIXED_EXPLICIT,30.942301588157136,30.942301588157136,0.1367468934811804,0.013674689348118042,-0.18864227054266824,-0.018864227054266824,3.463107460309587,7.424704014287542,0.48174820470079266,0.05746781379163439,1.1071966686281518,0.07808319253280213,0.02533120230670558,-0.037325049738372626,27.4910635187952,62.908834043303976,35.417770524508775,2.0,0.0
2026-08-14T11:48:00Z,cam_02,zone_C,event_benchmark_01,0.5318060048004511,1.1293892571460662,1.072919794288763,94.67193005023725,51.82881219656328,0.20954180144013534,0.1676334411521083,0.31272240192018047,0.2361321016801579,42,39,MIXED_EXPLICIT,42.843117853673974,42.843117853673974,-0.004240905122813721,-0.00042409051228137207,0.09432614551075025,0.009432614551075025,3.469450949781418,-8.43136531573542,0.4991128030053451,0.05669359789034274,1.1055440326392767,0.07736155529136673,-0.014098779860399414,0.02829684160534185,32.26925865922469,54.27390075341804,22.00464209419335,1.0,0.0
2026-08-14T11:48:10Z,cam_02,zone_C,event_benchmark_01,0.5827273967114283,1.0717232800667273,1.018137116063391,102.6044263551404,48.05786330074412,0.22481821901342847,0.17985457521074277,0.3330909586845713,0.2539545888489999,46,43,MIXED_EXPLICIT,54.54656305439629,54.54656305439629,0.05092139191097711,0.005092139191097711,-0.05766597707933885,-0.005766597707933885,7.932496304903154,-3.77094889581916,0.5131490947810378,0.06834200740079636,1.0997956372726039,0.07888610467551224,0.005516229703379083,-0.01519921225900891,40.09128813319544,53.51875547669005,13.427467343494612,1.0,0.0
2026-08-14T11:48:20Z,cam_02,zone_C,event_benchmark_01,0.6449019981086814,0.9807474356426008,0.9317100638604707,94.73379136254218,52.47867704761086,0.2434705994326044,0.19477647954608354,0.35796079924347257,0.27571569933803847,51,48,MIXED_EXPLICIT,42.25511431493132,42.25511431493132,0.06217460139725317,0.006217460139725317,-0.09097584442412654,-0.009097584442412654,-7.870634992598227,4.420813746866742,0.538956465197182,0.09042105488240727,1.0881256933337389,0.09313874152019701,0.0011253209486276061,-0.0033309867344787692,38.94329303841052,46.14048231553867,7.197189277128146,0.0,0.0
2026-08-14T11:48:30Z,cam_02,zone_C,event_benchmark_01,0.6132918290841942,1.120790447179959,1.064750924820961,95.5161413145978,48.78750574433167,0.2339875487252583,0.18719003898020664,0.3453167316336777,0.264652140179468,49,46,MIXED_EXPLICIT,46.728635570266135,46.728635570266135,-0.03161016902448721,-0.0031610169024487212,0.1400430115373582,0.014004301153735821,0.7823499520556254,-3.691171303279191,0.5817548277256039,0.04890601224273852,1.0675427063341338,0.06177810703531321,-0.009378477042174038,0.023101885596148473,39.09370527221719,48.32703810095932,9.233332828742128,0.0,0.0
2026-08-14T11:48:40Z,cam_02,zone_C,event_benchmark_01,0.548000301349195,1.011517977602659,0.960942078722526,92.39728062855707,50.08766512433007,0.2144000904047585,0.1715200723238068,0.319200120539678,0.24180010547221825,43,40,MIXED_EXPLICIT,42.309615504227,42.309615504227,-0.06529152773499924,-0.006529152773499925,-0.10927246957729997,-0.010927246957729998,-3.1188606860407333,1.300159379998405,0.58414550601079,0.04633780778614148,1.0628336795276025,0.06564889474655906,-0.0033681358710512034,-0.024931548111465817,33.45336526633718,39.29744065558072,5.844075389243542,0.0,0.0
2026-08-14T11:48:50Z,cam_02,zone_C,event_benchmark_01,0.5105708805051853,1.1396151803773888,1.0826344213585193,86.92690283479268,44.33045652910078,0.20317126415155556,0.16253701132124446,0.3042283522020741,0.22869980817681484,40,38,MIXED_EXPLICIT,42.596446305691906,42.596446305691906,-0.037429420844009686,-0.003742942084400969,0.1280972027747298,0.01280972027747298,-5.470377793764385,-5.757208595229294,0.5798984811517369,0.05284975343432881,1.064878864173867,0.06834462229248724,0.0027862106890989558,0.023736967235202976,33.27747311337475,46.75372786579285,13.4762547524181,1.0,1.0
2026-08-14T11:49:00Z,cam_02,zone_C,event_benchmark_01,0.6989883988902916,1.0306360765679738,0.9791042727395751,114.59375479040737,47.189472151142155,0.2596965196670875,0.20775721573367,0.3795953595561167,0.29464593961160207,55,52,MIXED_EXPLICIT,67.40428263926522,67.40428263926522,0.18841751838510634,0.018841751838510633,-0.108979103809415,-0.0108979103809415,27.66685195561469,2.859015622041376,0.6031506815875096,0.07523873232996856,1.0566614234741163,0.06977112655147764,0.022584693922911604,-0.02370763065841448,52.194552885576236,44.959843890602876,-7.23470899497336,0.0,0.0
2026-08-14T11:49:10Z,cam_02,zone_C,event_benchmark_01,0.5776748700674962,1.01986406750567,0.9688708641303865,91.93012913626572,53.6237196807348,0.22330246102024887,0.1786419688161991,0.3310699480269985,0.25218620452362367,46,43,MIXED_EXPLICIT,38.30640945553092,38.30640945553092,-0.12131352882279545,-0.012131352882279544,-0.0107720090623038,-0.00107720090623038,-22.663625654141654,6.434247529592646,0.5897052559792725,0.07184256148499571,1.0644847498467302,0.06073946427400421,-0.03097310472079018,0.00982070947471112,33.06441903947636,53.307545301479394,20.24312626200303,1.0,0.0
2026-08-14T11:49:20Z,cam_02,zone_C,event_benchmark_01,0.5797737768497043,1.1217589988933938,1.065671048948724,93.60416825054202,44.22421370250579,0.22393213305491128,0.17914570644392902,0.33190951073988173,0.2529208218973965,46,43,MIXED_EXPLICIT,49.379954548036224,49.379954548036224,0.002098906782208143,0.00020989067822081432,0.10189493138772376,0.010189493138772376,1.6740391142762974,-9.399505978229008,0.5830016455323744,0.07064529433134586,1.064678460189417,0.06096505251856569,0.01234124356050036,0.011266694045002756,39.62285061974065,50.80017632462737,11.17732570488672,1.0,0.0
2026-08-14T11:49:30Z,cam_02,zone_C,event_benchmark_01,0.582203766743656,1.0381754142238586,0.9862666435126657,97.59824649750738,55.47840377136161,0.2246611300230968,0.17972890401847744,0.3328815066974624,0.2537713183602796,46,43,MIXED_EXPLICIT,42.11984272614576,42.11984272614576,0.0024299898939517117,0.00024299898939517117,-0.0835835846695352,-0.008358358466953519,3.9940782469653584,11.25419006885582,0.5898423386112667,0.06801580248659876,1.070009947513657,0.05612753616879764,3.3108311174356866e-05,-0.018547851605725897,34.047572950846046,49.206002688325995,15.158429737479949,1.0,0.0
2026-08-14T11:49:40Z,cam_02,zone_C,event_benchmark_01,0.5976158370172443,1.0558651792536462,1.003071920290964,91.79851933099908,47.58915313892949,0.22928475110517327,0.18342780088413863,0.3390463348068977,0.2591655429560355,47,44,MIXED_EXPLICIT,44.209366192069595,44.209366192069595,0.015412070273588263,0.0015412070273588263,0.017689765029787585,0.0017689765029787585,-5.799727166508291,-7.889250632432123,0.6072513299136786,0.05187893567708957,1.0532599472889086,0.04047707608940024,0.0012982080379636551,0.010127334969932279,37.68015193106095,46.96128148573403,9.281129554673079,0.0,0.0
2026-08-14T11:49:50Z,cam_02,zone_C,event_benchmark_01,0.5847635527932862,1.0621579602625895,1.00905006224946,94.80268066468157,43.86588138644157,0.22542906583798583,0.18034325267038867,0.33390542111731447,0.25466724347765013,46,43,MIXED_EXPLICIT,50.93679927824,50.93679927824,-0.012852284223958121,-0.0012852284223958121,0.00629278100894326,0.000629278100894326,3.0041613336824895,-3.7232717524879178,0.5844063606942774,0.00784606701108837,1.0595643240278316,0.03847786387372377,-0.0028264354497546385,-0.0011396984020844326,40.630096872538914,51.6199778503156,10.989880977776686,1.0,0.0
2026-08-14T11:50:00Z,cam_02,zone_C,event_benchmark_01,0.5675363749548399,1.0527627379535687,1.0001246010558902,96.99017630263808,53.637432885504424,0.22026091248645197,0.1762087299891616,0.32701454998193596,0.24863773123419397,45,42,MIXED_EXPLICIT,43.35274341713365,43.35274341713365,-0.017227177838446295,-0.0017227177838446295,-0.00939522230902079,-0.000939522230902079,2.187495637956502,9.771551499062852,0.5823786616717461,0.010781566518025802,1.0661440581174113,0.03231048875710325,-0.0004374893614488173,-0.001568800331796405,33.97879265761222,44.08556240288345,10.10676974527123,1.0,0.0
2026-08-14T11:50:10Z,cam_02,zone_C,event_benchmark_01,0.5730818921357178,1.0966912783765586,1.0418567144577306,94.18224934894486,47.1043909785943,0.22192456764071533,0.17753965411257228,0.3292327568542871,0.25057866224750125,45,42,MIXED_EXPLICIT,47.07785837035056,47.07785837035056,0.0055455171808779236,0.0005545517180877924,0.04392854042298988,0.004392854042298988,-2.8079269536932117,-6.533041906910121,0.5810402847289489,0.011572131836823754,1.0611305140140443,0.02173881114823411,0.002277269501932422,0.0053323762732010675,37.35825828602563,62.541123241494994,25.182864955469363,2.0,0.0
2026-08-14T11:50:20Z,cam_02,zone_C,event_benchmark_01,0.6029595396402341,1.0778987122434702,1.0240037766312966,97.76982887671899,51.738383644625856,0.23088786189207022,0.1847102895136562,0.34118381585609364,0.26103583887408194,48,45,MIXED_EXPLICIT,46.031445232093134,46.031445232093134,0.02987764750451627,0.002987764750451627,-0.01879256613308833,-0.001879256613308833,3.5875795277741247,4.633992666031553,0.5851914393082644,0.015236441224543085,1.0690751736179667,0.01822739301797797,0.0024332130323638347,-0.006272110655607821,37.37396790350714,52.36387962151312,14.989911718005978,1.0,0.0
2026-08-14T11:50:30Z,cam_02,zone_C,event_benchmark_01,0.5815648702918035,0.9636344791630088,0.9154527552048584,93.87852906110243,46.909909432871245,0.22446946108754107,0.17957556887003287,0.3326259481167214,0.2535477046021312,46,43,MIXED_EXPLICIT,46.96861962823118,46.96861962823118,-0.021394669348430595,-0.0021394669348430593,-0.11426423308046141,-0.01142642330804614,-3.891299815616563,-4.82847421175461,0.5819812459631764,0.013563334790823223,1.0506290335998392,0.051407409760470986,-0.005127231685294687,-0.009547166694737309,38.464508713793784,58.124121834821366,19.659613121027583,1.0,0.0
2026-08-14T11:50:40Z,cam_02,zone_C,event_benchmark_01,0.5771988125211982,1.1188977246311889,1.0629528383996294,88.60355345579202,48.156893031926515,0.22315964375635944,0.17852771500508757,0.3308795250084793,0.25201958438241934,46,43,MIXED_EXPLICIT,40.44666042386551,40.44666042386551,-0.0043660577706052806,-0.0004366057770605281,0.15526324546818004,0.015526324546818005,-5.274975605310402,1.2469835990552696,0.5804682979087586,0.013597256909438213,1.0619769864735589,0.06011386064407664,0.0017028611577825314,0.026952747854864144,35.04521961249961,50.68716240674402,15.641942794244414,1.0,0.0
2026-08-14T11:50:50Z,cam_02,zone_C,event_benchmark_01,0.6222332420454064,0.9435354553709723,0.8963586826024236,101.38662542032871,50.02313618076332,0.23666997261362194,0.18933597809089756,0.3488932968181626,0.2677816347158922,49,46,MIXED_EXPLICIT,51.36348923956539,51.36348923956539,0.04503442952420822,0.004503442952420822,-0.17536226926021659,-0.017536226926021657,12.783071964536688,1.8662431488368085,0.591407671326872,0.020725998500625318,1.0401315299570395,0.08064130304658255,0.00494004872948135,-0.033062551472839666,41.65357312802604,61.65316405294358,19.99959092491754,1.0,0.0
2026-08-14T11:51:00Z,cam_02,zone_C,event_benchmark_01,0.6081986878594637,1.0867080975014045,1.0323726926263341,107.4305603869933,49.29051153076075,0.23245960635783913,0.18596768508627132,0.34327947514378554,0.2628695407508123,48,45,MIXED_EXPLICIT,58.14004885623255,58.14004885623255,-0.014034554185942683,-0.0014034554185942683,0.14317264213043224,0.014317264213043223,6.043934966664594,-0.7326246500025704,0.5984310304716212,0.0188264059252283,1.038134893782009,0.07899765463458609,-0.00590689837101509,0.03185349113906488,42.32981772385053,62.99866078499877,20.668843061148237,1.0,0.0
2026-08-14T11:51:10Z,cam_02,zone_C,event_benchmark_01,0.7001477619818073,1.0362465996522947,0.98443426966968,106.10382911246177,36.01938585810517,0.2600443285945422,0.20803546287563376,0.380059104792723,0.29505171669363256,56,53,MIXED_EXPLICIT,70.0844432543566,70.0844432543566,0.09194907412234354,0.009194907412234355,-0.050461497849109804,-0.005046149784910981,-1.3267312745315394,-13.271125672655586,0.6178686749399358,0.049634690997547304,1.0298044712637737,0.07589127494396843,0.010598362830828623,-0.019363413997954205,60.55202921845603,46.81990688015497,-13.73212233830106,0.0,0.0
2026-08-14T11:51:20Z,cam_02,zone_C,event_benchmark_01,0.4963644922686678,1.0476329831280395,0.9952513339716376,90.83547996773117,44.46649145415469,0.1989093476806003,0.15912747814448025,0.29854579690746713,0.22372757229403373,39,37,MIXED_EXPLICIT,46.36898851357648,46.36898851357648,-0.20378326971313948,-0.020378326971313948,0.011386383475744832,0.0011386383475744833,-15.268349144730593,8.447105596049525,0.6008285993353086,0.07390515796159632,1.0466041720567798,0.06626873451615459,-0.0295732343835483,0.006184788132485464,33.846431619672714,64.47085675403163,30.624425134358916,2.0,0.0
2026-08-14T11:51:30Z,cam_02,zone_C,event_benchmark_01,0.6874170662153213,0.967009045873078,0.918658593579424,108.45697907280999,50.898708599647655,0.2562251198645964,0.20498009589167712,0.37496682648612856,0.29059597317536245,54,51,MIXED_EXPLICIT,57.55827047316233,57.55827047316233,0.19105257394665348,0.01910525739466535,-0.08062393725496153,-0.008062393725496154,17.62149910507881,6.432217145492963,0.6228722500741333,0.08117492312221247,1.0162264363051579,0.059289908329504294,0.0394835843659793,-0.009201032073070636,47.173489675438105,58.36153860039854,11.188048924960434,1.0,0.0
2026-08-14T11:51:40Z,cam_02,zone_C,event_benchmark_01,0.6990381634205347,0.9252918685233823,0.8790272750972131,99.57640059090929,45.35855378708157,0.2597114490261604,0.2077691592209283,0.3796152653682139,0.2946633571971871,55,52,MIXED_EXPLICIT,54.21784680382772,54.21784680382772,0.011621097205213426,0.0011621097205213426,-0.04171717734969571,-0.0041717177349695714,-8.880578481900699,-5.540154812566087,0.638233234349159,0.08800356727248518,1.0125777189356397,0.06515313525678408,-0.017943147674144004,0.003890675990526582,49.66436150443709,51.73960979300776,2.07524828857067,0.0,0.0
2026-08-14T11:51:50Z,cam_02,zone_C,event_benchmark_01,0.536919584063606,1.0671021980473996,1.0137470881450295,101.4661400157365,46.64295180487077,0.21107587521908178,0.16886070017526544,0.31476783362544236,0.2379218544222621,42,39,MIXED_EXPLICIT,54.82318821086573,54.82318821086573,-0.16211857935692875,-0.016211857935692874,0.1418103295240173,0.014181032952401728,1.8897394248272121,1.2843980177892007,0.6239774135899874,0.09915234620835352,1.0086565390448388,0.05995926048697617,-0.01737396765621422,0.0183527506873713,38.129453214462856,69.34579596512646,31.2163427506636,2.0,0.0
2026-08-14T11:52:00Z,cam_02,zone_C,event_benchmark_01,0.6272724961095427,1.0082347881249873,0.9578230487187379,101.19344367087743,40.66168000152177,0.2381817488328628,0.19054539906629026,0.35090899844381707,0.2695453736383399,50,47,MIXED_EXPLICIT,60.531763669355655,60.531763669355655,0.09035291204593676,0.009035291204593676,-0.05886740992241224,-0.005886740992241224,-0.2726963448590709,-5.981271803348996,0.6094023604155344,0.09009928655929184,1.0030541767393775,0.05801397630116233,0.02524714914028655,-0.02006777394464295,48.4544672431347,58.39029262443512,9.935825381300418,0.0,0.0
2026-08-14T11:52:10Z,cam_02,zone_C,event_benchmark_01,0.6296147815232525,1.0612141576995153,1.0081534498145395,108.52846701730574,42.00902276315571,0.23888443445697571,0.19110754756558057,0.351845912609301,0.2703651735331383,50,47,MIXED_EXPLICIT,66.51944425415003,66.51944425415003,0.0023422854137097326,0.00023422854137097326,0.05297936957452798,0.005297936957452798,7.335023346428315,1.3473427616339393,0.6360524182664514,0.064326083684099,1.0057704116536725,0.06087057895811591,-0.008801062663222703,0.011184677949694022,50.117904752417,46.34691386070405,-3.770990891712948,0.0,0.0
2026-08-14T11:52:20Z,cam_02,zone_C,event_benchmark_01,0.5815529427708481,1.1165836716434714,1.0607544880612978,92.8590704440479,38.259947944773295,0.22446588283125446,0.17957270626500357,0.33262117710833927,0.25354352996979684,46,43,MIXED_EXPLICIT,54.59912249927461,54.59912249927461,-0.04806183875240433,-0.0048061838752404325,0.05536951394395606,0.0055369513943956065,-15.669396573257842,-3.749074818382418,0.6148795935775568,0.060501659920174845,1.0356853368077512,0.07266968231027265,-0.005040412416611406,0.00023901443694280823,44.69484510635633,51.00014060922811,6.305295502871779,0.0,0.0
2026-08-14T11:52:30Z,cam_02,zone_C,event_benchmark_01,0.6167407384805275,1.0997397474511812,1.0447527600786222,108.42956869123132,47.15878163688179,0.23502222154415825,0.18801777723532662,0.34669629539221103,0.2658592584681846,49,46,MIXED_EXPLICIT,61.27078705434953,61.27078705434953,0.03518779570967934,0.0035187795709679336,-0.016843924192290194,-0.0016843924192290194,15.570498247183423,8.898833692108497,0.5984201085895553,0.039395523744358174,1.070574912593311,0.04169342903518263,0.008324963446208367,-0.007221343813624626,44.76914891967919,67.66630708404756,22.89715816436837,1.0,0.0
2026-08-14T11:52:40Z,cam_02,zone_C,event_benchmark_01,0.6037667618514524,1.0096315415602135,0.9591499644822028,102.1771184182901,44.93247686006571,0.23113002855543574,0.1849040228443486,0.341506704740581,0.26131836664800834,48,45,MIXED_EXPLICIT,57.244641558224394,57.244641558224394,-0.012973976629075068,-0.0012973976629075067,-0.09010820589096769,-0.009010820589096769,-6.252450272941218,-2.226304776816079,0.6117895441471246,0.01975216641830241,1.0590807812958738,0.04998706721241522,-0.00481617723387544,-0.0073264281698677495,43.57196882599153,50.30838605580181,6.736417229810279,0.0,0.0
2026-08-14T11:52:50Z,cam_02,zone_C,event_benchmark_01,0.7505335910046096,0.9392187517100078,0.8922578141245073,112.80788770963056,40.156388724981234,0.27516007730138287,0.2201280618411063,0.4002134364018438,0.31268675685161335,60,57,MIXED_EXPLICIT,72.65149898464932,72.65149898464932,0.1467668291531572,0.014676682915315719,-0.07041278985020571,-0.007041278985020572,10.630769291340457,-4.776088135084478,0.6364417631261381,0.06620445896395614,1.0452775740128777,0.07215222798433975,0.015974080578223228,0.001969541604076197,62.908834043303976,67.30783105661153,4.398997013307557,0.0,0.0
2026-08-14T11:53:00Z,cam_02,zone_C,event_benchmark_01,0.7132886385113449,0.8878549072821454,0.8434621619180381,108.23321335267333,45.393610103933334,0.2639865915534035,0.2111892732427228,0.38531545540453804,0.2996510234789707,57,54,MIXED_EXPLICIT,62.83960324874,62.83960324874,-0.03724495249326465,-0.003724495249326465,-0.05136384442786235,-0.005136384442786235,-4.574674356957232,5.2372213789521,0.6531765345237566,0.07414629669924737,1.010605723929404,0.09917284327422542,-0.018401178164642186,0.0019048945422343367,54.27390075341804,47.08079134345393,-7.193109409964109,0.0,0.0
2026-08-14T11:53:10Z,cam_02,zone_C,event_benchmark_01,0.7336268651828362,0.9195303775654888,0.8735538586872144,107.44750612425466,47.147315850606965,0.2700880595548508,0.21607044764388067,0.39345074607313446,0.3067694028139926,58,55,MIXED_EXPLICIT,60.300190273647694,60.300190273647694,0.02033822667149121,0.002033822667149121,0.03167547028334339,0.003167547028334339,-0.7857072284186728,1.7537057466736314,0.6835913190061541,0.06838807368406033,0.9711950651138073,0.08461442628860816,0.005758317916475586,0.008303931471120574,53.51875547669005,67.71799647549547,14.199240998805415,1.0,0.0
2026-08-14T11:53:20Z,cam_02,zone_C,event_benchmark_01,0.7096364574419717,1.0224607071896898,0.9713376718302053,112.7735748877271,56.27326051221029,0.2628909372325915,0.2103127497860732,0.38385458297678865,0.29837276010469005,56,53,MIXED_EXPLICIT,56.5003143755168,56.5003143755168,-0.023990407740864472,-0.002399040774086447,0.10293032962420101,0.0102930329624201,5.326068763472435,9.125944661603327,0.702170462798443,0.05742634562663897,0.955739257061509,0.058198851432158874,-0.0044328634412355685,0.007125485934085763,46.14048231553867,56.01821042907337,9.877728113534701,0.0,0.0
2026-08-14T11:53:30Z,cam_02,zone_C,event_benchmark_01,0.6205629768469935,1.1084413550692154,1.0530192873157544,100.34683749699971,40.02932336524407,0.23616889305409805,0.18893511444327846,0.34822519073879743,0.2671970418964477,49,46,MIXED_EXPLICIT,60.317514131755644,60.317514131755644,-0.08907348059497822,-0.008907348059497822,0.08598064787952553,0.008598064787952553,-12.426737390727382,-16.243937146966225,0.7055297057975511,0.050277260077834354,0.9755012197633095,0.0894557178027472,-0.006508307285411375,-0.0016949681744675483,48.32703810095932,65.3350495124504,17.008011411491076,1.0,1.0
2026-08-14T11:53:40Z,cam_02,zone_C,event_benchmark_01,0.6542108502643114,0.9457560462474169,0.8984682439350461,92.50151950320915,52.71268821121638,0.24626325507929342,0.19701060406343474,0.3616843401057246,0.27897379759250895,52,49,MIXED_EXPLICIT,39.78883129199277,39.78883129199277,0.0336478734173179,0.0033647873417317897,-0.16268530882179844,-0.016268530882179843,-7.845317993790559,12.683364845972314,0.6862651576494916,0.04707407114458994,0.9768086786707914,0.08883849448000695,0.012272135401229612,-0.024866595670132396,39.29744065558072,51.93171685134783,12.634276195767107,1.0,0.0
2026-08-14T11:53:50Z,cam_02,zone_C,event_benchmark_01,0.7082851010025598,0.9454057264408193,0.8981354401187783,101.07687577166978,50.69980578502416,0.26248553030076793,0.20998842424061437,0.3833140404010239,0.2978997853508959,56,53,MIXED_EXPLICIT,50.377069986645616,50.377069986645616,0.05407425073824845,0.005407425073824845,-0.00035031980659760986,-3.503198065976099e-05,8.575356268460624,-2.0128824261922205,0.6852644501477345,0.046404404441724806,0.988318842502526,0.07742749029450778,0.0020426377320930554,0.016233498901520083,46.75372786579285,57.12375695233048,10.370029086537635,1.0,0.0
2026-08-14T11:54:00Z,cam_02,zone_C,event_benchmark_01,0.6260473318321277,1.023051313052777,0.971898747400138,99.15455778560649,43.58358966647394,0.23781419954963828,0.19025135963971063,0.3504189327328511,0.2691165661412447,50,47,MIXED_EXPLICIT,55.570968119132544,55.570968119132544,-0.08223776917043213,-0.008223776917043213,0.07764558661195764,0.007764558661195764,-1.922317986063291,-7.11621611855022,0.6637485434775928,0.043204593855140395,1.0090230295999836,0.0676595148492096,-0.013631201990868059,0.007799590641855525,44.959843890602876,62.76606765038853,17.806223759785652,1.0,0.0
2026-08-14T11:54:10Z,cam_02,zone_C,event_benchmark_01,0.7260984665049185,0.9783489780380291,0.9294315291361276,109.63787223622127,46.494210442831786,0.26782953995147557,0.21426363196118048,0.3904393866019674,0.30413446327672145,58,55,MIXED_EXPLICIT,63.143661793389484,63.143661793389484,0.10005113467279081,0.010005113467279081,-0.04470233501474785,-0.004470233501474785,10.483314450614785,2.9106207763578453,0.6670409452901822,0.04794309237466863,1.0002006837696515,0.06834178284364618,0.018228890384322294,-0.012234792162670548,53.307545301479394,63.01366957023103,9.706124268751637,0.0,0.0
2026-08-14T11:54:20Z,cam_02,zone_C,event_benchmark_01,0.6816842092746,0.9505092984391575,0.9029838335171996,104.25179429746852,44.07814956781992,0.25450526278238,0.20360421022590403,0.37267368370984,0.28858947324611,54,51,MIXED_EXPLICIT,60.1736447296486,60.1736447296486,-0.044414257230318444,-0.004441425723031844,-0.02783967959887157,-0.0027839679598871568,-5.386077938752749,-2.4160608750118655,0.6792651917757034,0.040315081063422964,0.96861427244364,0.033343219248431755,-0.014446539190310925,0.0016862655415876282,50.80017632462737,66.24144047423607,15.441264149608699,1.0,0.0
2026-08-14T11:54:30Z,cam_02,zone_C,event_benchmark_01,0.6781681272515483,1.0143021758722754,0.9635870670786616,110.34830412909218,47.36508035706272,0.2534504381754645,0.2027603505403716,0.3712672509006193,0.2873588445380419,54,51,MIXED_EXPLICIT,62.98322377202946,62.98322377202946,-0.0035160820230517587,-0.00035160820230517587,0.0637928774331179,0.00637928774331179,6.0965098316236634,3.2869307892428026,0.6840566471731508,0.03794705634984591,0.9823234983686117,0.035609874743366285,0.004089817520726668,0.009163255703198947,49.206002688325995,55.36717332772685,6.161170639400858,0.0,0.0
2026-08-14T11:54:40Z,cam_02,zone_C,event_benchmark_01,0.7356222562900148,0.9349346788724453,0.888187944928823,99.09427118300805,52.83320994122246,0.27068667688700443,0.21654934150960356,0.394248902516006,0.3074677897015051,58,55,MIXED_EXPLICIT,46.26106124178559,46.26106124178559,0.05745412903846647,0.005745412903846647,-0.07936749699983014,-0.007936749699983014,-11.254032946084138,5.468129584159733,0.6895240782306418,0.043824782940879575,0.9802292888549369,0.03851331743256113,0.006097021106151823,-0.014316037443294804,46.96128148573403,58.81414965567948,11.852868169945452,1.0,0.0
2026-08-14T11:54:50Z,cam_02,zone_C,event_benchmark_01,0.7254085678422331,0.9640322457507461,0.9158306334632087,108.75062510990445,48.5198598063119,0.2676225703526699,0.21409805628213593,0.3901634271368932,0.30389299874478154,58,55,MIXED_EXPLICIT,60.23076530359255,60.23076530359255,-0.0102136884477817,-0.0010213688447781699,0.029097566878300785,0.0029097566878300784,9.6563539268964,-4.313350134910557,0.709396325432663,0.027231941797789573,0.9684254753945307,0.03026991438096252,-0.006766781748624817,0.010846506387813093,51.6199778503156,64.75975074550797,13.139772895192372,1.0,0.0
2026-08-14T11:55:00Z,cam_02,zone_C,event_benchmark_01,0.6882239496625362,1.0143798426026633,0.9636608504725301,95.96801984606712,48.77856287291649,0.25646718489876086,0.2051737479190087,0.37528957986501454,0.2908783823818877,55,52,MIXED_EXPLICIT,47.189456973150634,47.189456973150634,-0.03718461817969687,-0.003718461817969687,0.05034759685191725,0.005034759685191725,-12.782605263837326,0.2587030666045891,0.7018214220641864,0.0266867326140628,0.9756316483074574,0.03680609388081187,-0.0026970929731915173,0.002125002997361647,44.08556240288345,63.143698635060026,19.05813623217658,1.0,0.0
2026-08-14T11:55:10Z,cam_02,zone_C,event_benchmark_01,0.767270977129779,0.9399585272126795,0.8929606008520454,115.18023964780316,42.50303385763121,0.2801812931389337,0.22414503451114698,0.40690839085191166,0.3185448419954226,61,57,MIXED_EXPLICIT,72.67720579017195,72.67720579017195,0.07904702746724279,0.00790470274672428,-0.07442131538998387,-0.007442131538998387,19.21221980173604,-6.275529015285279,0.7189387756352221,0.036269287087802075,0.9735214940621619,0.038852057661388065,0.011623164564693967,-0.012476891224190111,62.541123241494994,48.799729004301724,-13.74139423719327,0.0,0.0
2026-08-14T11:55:20Z,cam_02,zone_C,event_benchmark_01,0.6582385898391997,0.9832375515701517,0.934075673991644,102.18679361492596,39.414944878594326,0.24747157695175992,0.19797726156140794,0.3632954359356799,0.2803835064437199,52,49,MIXED_EXPLICIT,62.771848736331634,62.771848736331634,-0.10903238729057929,-0.01090323872905793,0.04327902435747222,0.004327902435747222,-12.993446032877202,-3.0880889790368826,0.7149528681527525,0.04244017624015617,0.9673085692017371,0.032696579049228305,-0.018807941475782207,0.011770033974745608,52.36387962151312,49.30809667094022,-3.0557829505728975,0.0,0.0
2026-08-14T11:55:30Z,cam_02,zone_C,event_benchmark_01,0.7460305179391921,0.9469011990401932,0.8995561390881835,111.78049129525596,44.03704858851412,0.2738091553817576,0.21904732430540608,0.3984122071756768,0.3111106812787172,59,56,MIXED_EXPLICIT,67.74344270674183,67.74344270674183,0.08779192809999237,0.008779192809999236,-0.03633635252995848,-0.0036336352529958483,9.593697680329996,4.6221037099197915,0.717034520482588,0.043936330540198465,0.9697018732352867,0.030066665873363662,0.019682431539057167,-0.00796153768874307,58.124121834821366,70.92098228101064,12.796860446189271,1.0,0.0
2026-08-14T11:55:40Z,cam_02,zone_C,event_benchmark_01,0.7477851708185573,0.9469107495485988,0.8995652120711688,105.50339886253576,51.07733735794842,0.2743355512455672,0.21946844099645377,0.3991140683274229,0.311724809786495,59,56,MIXED_EXPLICIT,54.42606150458734,54.42606150458734,0.0017546528793652705,0.00017546528793652705,9.550508405564706e-06,9.550508405564705e-07,-6.277092432720195,7.040288769434305,0.7215098410778529,0.04608942373284181,0.9662775739948571,0.03179889582835541,-0.00860372752206271,0.003634590303836405,50.68716240674402,64.6283033121471,13.941140905403074,1.0,0.0
2026-08-14T11:55:50Z,cam_02,zone_C,event_benchmark_01,0.7055032270883038,0.9581975122529113,0.9102876366402657,112.83758282535307,38.25409617528568,0.26165096812649113,0.2093207745011929,0.3822012908353215,0.2969261294809063,56,53,MIXED_EXPLICIT,74.58348665006739,74.58348665006739,-0.04228194373025351,-0.004228194373025351,0.011286762704312503,0.0011286762704312502,7.334183962817306,-12.823241182662741,0.7249656965630064,0.04354734882437913,0.9550411079249068,0.01706493046748822,-0.004403659660961878,0.0011277212195906939,61.65316405294358,57.78158503354679,-3.8715790193967905,0.0,0.0
2026-08-14T11:56:00Z,cam_02,zone_C,event_benchmark_01,0.7400913990010698,0.943005357466003,0.8958550895927028,114.41593524037984,39.922725179095124,0.27202741970032096,0.2176219357602568,0.39603655960042794,0.30903198965037443,59,56,MIXED_EXPLICIT,74.49321006128471,74.49321006128471,0.034588171912765975,0.0034588171912765973,-0.015192154786908274,-0.0015192154786908274,1.578352415026771,1.6686290038094427,0.7195297809372645,0.03833011406025681,0.9556504739755717,0.01643445938181773,0.007687011564301949,-0.0026478917491220776,62.99866078499877,62.827559172294606,-0.17110161270416313,0.0,0.0
2026-08-14T11:56:10Z,cam_02,zone_C,event_benchmark_01,0.6639867175805949,1.0815403279768787,1.0274633115780347,106.03665892150704,47.35160432955844,0.24919601527417845,0.19935681221934276,0.36559468703223796,0.2823953511532082,53,50,MIXED_EXPLICIT,58.6850545919486,58.6850545919486,-0.07610468142047488,-0.007610468142047489,0.1385349705108757,0.013853497051087571,-8.379276318872797,7.428879150463317,0.7206794064855435,0.03605067323160005,0.975311029256917,0.05965502313530949,-0.011069285333324085,0.015372712529778398,46.81990688015497,62.468512211118416,15.648605330963449,1.0,0.0
2026-08-14T11:56:20Z,cam_02,zone_C,event_benchmark_01,0.7754545426351639,0.9627732468159635,0.9146345844751653,111.3887771764959,39.56763522306041,0.28263636279054916,0.22610909023243933,0.41018181705406553,0.3214090899223073,62,58,MIXED_EXPLICIT,71.8211419534355,71.8211419534355,0.11146782505456898,0.011146782505456898,-0.11876708116091517,-0.011876708116091516,5.352118254988866,-7.783969106498034,0.7265642114247379,0.04296244349492562,0.978485438812071,0.05816910755841878,0.018757250647504387,-0.02573020516717909,64.47085675403163,51.132137375310094,-13.338719378721535,0.0,0.0
2026-08-14T11:56:30Z,cam_02,zone_C,event_benchmark_01,0.7226717291263768,0.9516229466227158,0.90404179929158,110.7130247565858,41.5839481818964,0.266801518737913,0.21344121499033042,0.3890686916505507,0.30293510519423184,57,54,MIXED_EXPLICIT,69.12907657468939,69.12907657468939,-0.05278281350878711,-0.005278281350878711,-0.011150300193247697,-0.0011150300193247698,-0.6757524199101113,2.0163129588359965,0.7215415230863018,0.041297008106951076,0.9794278782268945,0.057564684965820935,-0.01642506385633561,0.010761678096766748,58.36153860039854,57.09000814648143,-1.2715304539171086,0.0,0.0
2026-08-14T11:56:40Z,cam_02,zone_C,event_benchmark_01,0.7083968856089832,1.0098095888601468,0.9593191094171394,103.13728800878191,43.71406937917945,0.26251906568269495,0.21001525254615597,0.38335875424359334,0.2979389099631441,56,53,MIXED_EXPLICIT,59.42321862960246,59.42321862960246,-0.01427484351739361,-0.0014274843517393609,0.058186642237430974,0.005818664223743097,-7.575736747803887,2.130121197283046,0.7221202547904377,0.041035507241613936,0.9897502935483417,0.05743328832682312,0.00385079699913935,0.006933694243067867,51.73960979300776,61.22607480150535,9.48646500849759,0.0,0.0
2026-08-14T11:56:50Z,cam_02,zone_C,event_benchmark_01,0.7895519676512491,0.9095778449214499,0.8640989526753774,117.4419357072035,37.38087362602427,0.28686559029537473,0.2294924722362998,0.41582078706049963,0.32634318867793716,63,59,MIXED_EXPLICIT,80.06106208117923,80.06106208117923,0.08115508204226596,0.008115508204226596,-0.10023174393869694,-0.010023174393869693,14.30464769842159,-6.333195753155181,0.7320123685204736,0.051162622399487,0.983064791039431,0.06559989173511346,0.009542992555965957,-0.01584183861761279,69.34579596512646,61.01654260924098,-8.329253355885477,0.0,0.0
2026-08-14T11:57:00Z,cam_02,zone_C,event_benchmark_01,0.7044047784631285,1.036013364801455,0.9842126965613821,114.59978674866989,41.041295199655586,0.26132143353893855,0.20905714683115084,0.3817619113852514,0.29654167246209495,56,53,MIXED_EXPLICIT,73.55849154901429,73.55849154901429,-0.08514718918812059,-0.008514718918812059,0.126435519880005,0.0126435519880005,-2.8421489585336133,3.660421573631318,0.7400959806969802,0.039618245913497066,0.9739593984043461,0.0497618387817237,-0.016630227123038653,0.022666726381870193,58.39029262443512,59.19982951241747,0.8095368879823539,0.0,0.0
2026-08-14T11:57:10Z,cam_02,zone_C,event_benchmark_01,0.671671064851637,1.0154794706989223,0.9647054971639761,109.08673798802688,50.0837182869038,0.2515013194554911,0.20120105556439288,0.36866842594065485,0.2850848726980729,53,50,MIXED_EXPLICIT,59.00301970112308,59.00301970112308,-0.03273371361149158,-0.0032733713611491576,-0.02053389410253259,-0.002053389410253259,-5.513048760643002,9.042423087248217,0.7193392851402749,0.043462514857594586,0.9845006431809379,0.052316726781550096,0.005241347557662901,-0.01469694139825376,46.34691386070405,53.368157577347596,7.021243716643546,0.0,0.0
2026-08-14T11:57:20Z,cam_02,zone_C,event_benchmark_01,0.6666862761685233,0.9946231270986745,0.9448919707437408,99.68688974444481,40.12942556547472,0.25000588285055697,0.2000047062804456,0.3666745104674093,0.28334019665898313,53,50,MIXED_EXPLICIT,59.55746417897009,59.55746417897009,-0.0049847886831136945,-0.0004984788683113694,-0.020856343600247795,-0.0020856343600247794,-9.39984824358207,-9.954292721429084,0.7081421945487042,0.04921971346235717,0.9931006792761297,0.048989484203343876,0.002774892492837788,-3.224494977152048e-05,51.00014060922811,65.7102555748589,14.710114965630794,1.0,0.0
2026-08-14T11:57:30Z,cam_02,zone_C,event_benchmark_01,0.7771930098631308,0.9560700403726353,0.9082665383540035,113.98252737541598,36.46677913026319,0.2831579029589392,0.2265263223671514,0.4108772039452523,0.32201755345209576,62,58,MIXED_EXPLICIT,77.51574824515279,77.51574824515279,0.1105067336946075,0.01105067336946075,-0.03855308672603919,-0.0038553086726039187,14.295637630971171,-3.6626464352115278,0.7219014193995338,0.058119896891767185,0.9823527695786274,0.050285114581316605,0.01154915223777212,-0.0017696743125791392,67.66630708404756,71.3337675393192,3.6674604552716374,0.0,0.0
2026-08-14T11:57:40Z,cam_02,zone_C,event_benchmark_01,0.6851967335427083,0.91033815227095,0.8648212446574025,98.35003096462343,43.14594043147636,0.2555590200628125,0.20444721605025,0.37407869341708333,0.2898188567399479,54,51,MIXED_EXPLICIT,55.20409053314707,55.20409053314707,-0.09199627632042251,-0.00919962763204225,-0.04573188810168527,-0.004573188810168527,-15.632496410792555,6.6791613012131705,0.7010303725778255,0.04501200941626447,0.9825048310485274,0.05001042598170099,-0.020250301001503,-0.0007178801375646082,50.30838605580181,70.46429335019957,20.155907294397757,1.0,0.0
2026-08-14T11:57:50Z,cam_02,zone_C,event_benchmark_01,0.8392342550953735,0.8401210734972855,0.7981150198224212,120.00069196350826,46.875092410641756,0.30177027652861205,0.24141622122288964,0.4356937020381494,0.3437319892833807,67,63,MIXED_EXPLICIT,73.1255995528665,73.1255995528665,0.15403752155266526,0.015403752155266525,-0.07021707877366457,-0.007021707877366457,21.65066099888483,3.729151979165394,0.7279962679042746,0.0767421868023382,0.9433263727876936,0.07024845923404306,0.024603379787308775,-0.0024485190671979296,67.30783105661153,65.04114061986441,-2.266690436747126,0.0,0.0
2026-08-14T11:58:00Z,cam_02,zone_C,event_benchmark_01,0.649624826344137,0.950528853873565,0.9030024111798867,104.22300317184366,46.02289443313281,0.24488744790324107,0.19590995832259286,0.3598499305376548,0.27736868922044794,51,48,MIXED_EXPLICIT,58.200108738710846,58.200108738710846,-0.18960942875123654,-0.018960942875123656,0.11040778037627952,0.011040778037627952,-15.777688791664602,-0.8521979775089434,0.7235870202027745,0.08128622264511862,0.930336249422622,0.05861201619428002,-0.03436469503039018,0.01806248591499441,47.08079134345393,76.29045482049943,29.209663477045503,2.0,1.0
2026-08-14T11:58:10Z,cam_02,zone_C,event_benchmark_01,0.8407210272127299,0.9027145384105474,0.85757881149002,107.90860047935757,40.862674065167305,0.30221630816381895,0.24177304653105516,0.43628841088509196,0.34425235952445543,67,63,MIXED_EXPLICIT,67.04592641419026,67.04592641419026,0.1910962008685929,0.01910962008685929,-0.04781431546301762,-0.004781431546301762,3.685597307513916,-5.160220367965508,0.7583939704116159,0.08782776038929867,0.9119545316849965,0.0465891412037301,0.03807056296198295,-0.015822209583929714,67.71799647549547,71.09338730554076,3.3753908300452906,0.0,0.0
2026-08-14T11:58:20Z,cam_02,zone_C,event_benchmark_01,0.7685759164146957,1.025480200125437,0.9742061901191652,105.67715409361384,44.85027565928412,0.2805727749244087,0.22445821993952697,0.4074303665658783,0.31900157074514346,61,57,MIXED_EXPLICIT,60.826878434329714,60.826878434329714,-0.0721451107980342,-0.007214511079803421,0.12276566171488967,0.012276566171488968,-2.2314463857437374,3.9876015941168177,0.7566705517219289,0.08745038487652648,0.925836563635557,0.0683017890415437,-0.026324131166662712,0.017057997717790728,56.01821042907337,48.91925710574267,-7.098953323330697,0.0,0.0
2026-08-14T11:58:30Z,cam_02,zone_C,event_benchmark_01,0.7552659102932688,1.0584054611336704,1.0054851880769868,109.00557833974267,36.16614462983637,0.27657977308798065,0.22126381847038454,0.4021063641173076,0.31434306860264405,60,57,MIXED_EXPLICIT,72.8394337099063,72.8394337099063,-0.013310006121426854,-0.0013310006121426854,0.03292526100823334,0.003292526100823334,3.328424246128833,-8.684131029447755,0.770684387072041,0.07826526638065096,0.9554500254081011,0.08889609634760562,0.0058835104676607354,-0.008984040070665633,65.3350495124504,50.67604718066699,-14.659002331783405,0.0,0.0
2026-08-14T11:58:40Z,cam_02,zone_C,event_benchmark_01,0.7348815948603278,0.9909735981558411,0.941424918248049,107.2862288531221,47.77589637166861,0.27046447845809835,0.2163715827664787,0.39395263794413116,0.3072085582011147,58,55,MIXED_EXPLICIT,59.51033248145349,59.51033248145349,-0.020384315432941058,-0.0020384315432941057,-0.06743186297782933,-0.006743186297782933,-1.7193494866205725,11.609751741832241,0.7498138550250318,0.06875075939771437,0.9856205303398122,0.061277899801061554,-0.0007074309311514204,-0.010035712398606267,51.93171685134783,51.587320879075044,-0.3443959722727854,0.0,0.0
2026-08-14T11:58:50Z,cam_02,zone_C,event_benchmark_01,0.7840595761714811,0.9546064780443341,0.9068761541421173,106.67738141662447,46.235983633588596,0.28521787285144434,0.22817429828115549,0.4136238304685925,0.3244208516600184,62,58,MIXED_EXPLICIT,60.441397783035875,60.441397783035875,0.04917798131115336,0.004917798131115337,-0.036367120111507,-0.0036367120111507,-0.6088474364976264,-1.5399127380800124,0.7767008049905006,0.040084458421066047,0.9864360551739662,0.0607187044799933,0.006956229674409442,0.0031064742866322324,57.12375695233048,58.426315002456114,1.3025580501256329,0.0,0.0
2026-08-14T11:59:00Z,cam_02,zone_C,event_benchmark_01,0.7641452775581267,0.851459946757487,0.8088869494196127,113.07651585141106,42.67055207835886,0.279243583267438,0.2233948666139504,0.40565811102325067,0.31745084714534433,61,57,MIXED_EXPLICIT,70.4059637730522,70.4059637730522,-0.019914298613354475,-0.0019914298613354477,-0.10314653128684703,-0.010314653128684704,6.399134434786589,-3.565431555229736,0.76138565505958,0.018120006597193143,0.976185136843354,0.07973533585541043,-0.0069092279924507834,-0.006677941117534003,62.76606765038853,70.68313551282174,7.917067862433207,0.0,0.0
2026-08-14T11:59:10Z,cam_02,zone_C,event_benchmark_01,0.8230651586111031,0.879027214846637,0.8350758541043052,117.1025807335908,48.568319386760024,0.2969195475833309,0.23753563806666472,0.42922606344444125,0.338072805513886,65,61,MIXED_EXPLICIT,68.53426134683077,68.53426134683077,0.05891988105297641,0.005891988105297641,0.02756726808915,0.002756726808915,4.026064882179739,5.897767308401164,0.7722835034988615,0.03343719617921415,0.946894539787594,0.08389108757672295,0.007883417966633088,0.013071379937599704,63.01366957023103,59.577072553340614,-3.436597016890417,0.0,0.0
2026-08-14T11:59:20Z,cam_02,zone_C,event_benchmark_01,0.7754331026357023,0.8953509508231665,0.8505834032820081,111.06330255096358,38.853857452520764,0.2826299307907107,0.22610394463256855,0.410173241054281,0.3214015859224958,62,58,MIXED_EXPLICIT,72.20944509844281,72.20944509844281,-0.04763205597540077,-0.004763205597540077,0.016323735976529474,0.0016323735976529474,-6.039278182627214,-9.71446193423926,0.7763169419673482,0.032059174662354556,0.9142836377254933,0.057130463888771965,-0.010655193702837717,-0.0011243532112620524,66.24144047423607,63.28195175523202,-2.9594887190040495,0.0,0.0
2026-08-14T11:59:30Z,cam_02,zone_C,event_benchmark_01,0.7790068677310024,0.9015534994488428,0.8564758244764006,108.54159191768838,50.0594076116478,0.2837020603193007,0.22696164825544055,0.41160274709240097,0.3226524037058508,62,58,MIXED_EXPLICIT,58.48218430604058,58.48218430604058,0.003573765095300052,0.0003573765095300052,0.006202548625676263,0.0006202548625676263,-2.5217106332752053,11.205550159127036,0.7851419965414832,0.02242823270834012,0.8963996179840935,0.03787174143000839,0.005120582107070082,-0.0010121187350853212,55.36717332772685,65.41339750611799,10.046224178391135,1.0,0.0
2026-08-14T11:59:40Z,cam_02,zone_C,event_benchmark_01,0.7550294378346294,0.9385751463699828,0.8916463890514836,115.64589065885318,45.67187957128367,0.2765088313503888,0.22120706508031104,0.4020117751338518,0.31426030324212023,60,57,MIXED_EXPLICIT,69.97401108756951,69.97401108756951,-0.02397742989637297,-0.002397742989637297,0.03702164692114007,0.003702164692114007,7.104298741164797,-4.387528040364131,0.7793359688741128,0.02621615561692252,0.8931933516492233,0.031923389204749214,-0.0027551194991673024,0.003081909829546381,58.81414965567948,62.96120278213992,4.147053126460442,0.0,0.0
2026-08-14T11:59:50Z,cam_02,zone_C,event_benchmark_01,0.7720290566368163,0.9131780371330538,0.867519135276401,120.03936009638679,42.8766559178728,0.2816087169910449,0.22528697359283592,0.4088116226547266,0.3202101698228857,61,57,MIXED_EXPLICIT,77.16270417851399,77.16270417851399,0.016999618802186922,0.0016999618802186923,-0.02539710923692906,-0.002539710923692906,4.393469437533611,-2.795223653410865,0.7809127246898507,0.02529501102290951,0.9055369697243366,0.022205276103779033,0.004097704869855989,-0.006241875615806913,64.75975074550797,55.1476596485822,-9.612091096925774,0.0,0.0
2026-08-14T12:00:00Z,cam_02,zone_C,event_benchmark_01,0.7918805532028222,0.8259066775595172,0.7846113436815413,110.9326368369931,44.063020759101995,0.28756416596084666,0.23005133276867734,0.4167522212811289,0.32715819362098775,63,59,MIXED_EXPLICIT,66.8696160778911,66.8696160778911,0.019851496566005933,0.001985149656600593,-0.0872713595735366,-0.00872713595735366,-9.10672325939369,1.1863648412291923,0.7746758036081945,0.013307140794577345,0.8949128622669127,0.04197068970610512,0.00028518777638190105,-0.006187425033660754,63.143698635060026,67.48481917899525,4.341120543935226,0.0,0.0
2026-08-14T12:00:10Z,cam_02,zone_C,event_benchmark_01,0.6925438323159534,1.0218692134163045,0.9707757527454892,102.34267199950217,45.612799524626226,0.25776314969478603,0.20621051975582882,0.3770175329263814,0.29239034131058367,55,52,MIXED_EXPLICIT,56.72987247487595,56.72987247487595,-0.09933672088686885,-0.009933672088686885,0.19596253585678736,0.019596253585678736,-8.589964837490925,1.5497787655242306,0.7580979495442447,0.03898487195121712,0.9202165147855403,0.07064436318506209,-0.011918821745287477,0.028323389543032394,48.799729004301724,53.13676912189055,4.337040117588828,0.0,1.0
2026-08-14T12:00:20Z,cam_02,zone_C,event_benchmark_01,0.7121522567359144,0.919071494671461,0.8731179199378879,109.42821886593313,51.8583693473703,0.26364567702077435,0.2109165416166195,0.3848609026943658,0.29925328985757005,56,53,MIXED_EXPLICIT,57.56984951856283,57.56984951856283,0.019608424419961024,0.0019608424419961024,-0.10279771874484356,-0.010279771874484357,7.08554686643096,6.2455698227440735,0.7447270273452271,0.041410134598450665,0.9237201138300639,0.06991804326776407,0.011894514530682987,-0.029876025460163092,49.30809667094022,53.51378124388227,4.205684572942047,0.0,1.0
2026-08-14T12:00:30Z,cam_02,zone_C,event_benchmark_01,0.8181813313513004,0.921053544394777,0.8750008671750381,113.6643596093691,38.25297773561893,0.29545439940539014,0.23636351952431212,0.4272725325405202,0.33636346597295513,65,61,MIXED_EXPLICIT,75.41138187375017,75.41138187375017,0.10602907461538602,0.010602907461538602,0.0019820497233160594,0.00019820497233160594,4.236140743435968,-13.605391611751372,0.7573574060485614,0.053270441555386766,0.9202157934350227,0.0694247225259262,0.0086420650195425,0.010477976846815961,70.92098228101064,75.154243219317,4.233260938306358,0.0,0.0
2026-08-14T12:00:40Z,cam_02,zone_C,event_benchmark_01,0.7909651602830503,1.0291250373176684,0.9776687854517849,112.58022681932786,40.368100598606,0.2872895480849151,0.2298316384679321,0.4163860641132201,0.3268378060990676,63,59,MIXED_EXPLICIT,72.21212622072187,72.21212622072187,-0.02721617106825014,-0.002721617106825014,0.10807149292289131,0.01080714929228913,-1.084132790041238,2.1151228629870715,0.7611446267778083,0.055212019487302984,0.9434051934719456,0.08426464325292184,-0.013324524568363616,0.010608944319957524,64.6283033121471,54.13247901159656,-10.495824300550538,0.0,0.0
2026-08-14T12:00:50Z,cam_02,zone_C,event_benchmark_01,0.7745734920078567,0.8892866752159647,0.8448223414551664,115.66414511925191,49.69004462020526,0.282372047602357,0.22589763808188562,0.4098293968031427,0.3211007222027498,61,57,MIXED_EXPLICIT,65.97410049904664,65.97410049904664,-0.01639166827519356,-0.001639166827519356,-0.13983836210170364,-0.013983836210170363,3.0839182999240506,9.321944021599265,0.757683214538815,0.053313222464476305,0.9560811930032351,0.06465606770865003,0.0010824502793056578,-0.024790985502459496,57.78158503354679,74.31972706361981,16.53814203007302,1.0,0.0
2026-08-14T12:01:00Z,cam_02,zone_C,event_benchmark_01,0.7859919862755604,0.8018904320973471,0.7617959104924797,103.33257846450836,41.3024855985695,0.2857975958826681,0.2286380767061345,0.41439679451022415,0.32509719519644614,62,58,MIXED_EXPLICIT,62.03009286593886,62.03009286593886,0.011418494267703694,0.0011418494267703694,-0.0873962431186176,-0.00873962431186176,-12.331566654743554,-8.387559021635766,0.7763728453307366,0.03930946038602664,0.9120854367394436,0.08137908613233183,0.0027810162542897254,0.005244211898308604,62.827559172294606,65.03821502901499,2.2106558567203862,0.0,0.0
2026-08-14T12:01:10Z,cam_02,zone_C,event_benchmark_01,0.8036937234978355,0.903483554807293,0.8583093770669283,120.88700950409019,48.42879091670125,0.29110811704935063,0.23288649363948052,0.4214774893991342,0.3312928032242424,64,60,MIXED_EXPLICIT,72.45821858738893,72.45821858738893,0.017701737222275082,0.0017701737222275082,0.10159312270994592,0.010159312270994592,17.55443103958183,7.126305318131756,0.7946811386831207,0.016786252264380748,0.9089678487666101,0.08134312084072833,0.0006283242954571389,0.01889893658285635,62.468512211118416,64.92639362132978,2.457881410211364,0.0,0.0
2026-08-14T12:01:20Z,cam_02,zone_C,event_benchmark_01,0.7605175839478487,0.9987374313812192,0.9488005598121582,111.20480933747461,53.28682823608657,0.2781552751843546,0.22252422014748371,0.40420703357913956,0.31618115438174704,60,57,MIXED_EXPLICIT,57.917981101388044,57.917981101388044,-0.04317613954998678,-0.004317613954998678,0.09525387657392614,0.009525387657392614,-9.682200166615573,4.858037319385318,0.7831483892024304,0.01640869376367477,0.9245046261638985,0.09106641792801176,-0.0060877876772261865,-0.0006339246136019772,51.132137375310094,56.454632477895196,5.322495102585101,0.0,0.0
2026-08-14T12:01:30Z,cam_02,zone_C,event_benchmark_01,0.7497277117360684,1.0480807456693886,0.9956767083859192,107.92075121607458,42.996470630570464,0.2749183135208205,0.21993465081665642,0.39989108469442736,0.3124046991076239,59,56,MIXED_EXPLICIT,64.9242805855041,64.9242805855041,-0.010789872211780294,-0.0010789872211780295,0.049343314288169404,0.00493433142881694,-3.2840581214000366,-10.290357605516107,0.774900899493034,0.021170234196691166,0.9282957678342425,0.09672917476540546,0.003238626733820649,-0.004591056228575674,57.09000814648143,65.10084309208067,8.010834945599235,0.0,0.0
2026-08-14T12:01:40Z,cam_02,zone_C,event_benchmark_01,0.7995189161785632,0.8588111705702411,0.8158706120417291,113.51534252317781,47.41643330930526,0.28985567485356895,0.23188453988285518,0.41980756647142525,0.3298316206624971,63,59,MIXED_EXPLICIT,66.09890921387255,66.09890921387255,0.04979120444249474,0.004979120444249474,-0.18926957509914744,-0.018926957509914744,5.594591307103229,4.419962678734798,0.7798899843271754,0.023844286402759915,0.9222006669050978,0.10068115721988677,0.006058107665427503,-0.023861288938731684,61.22607480150535,56.870438358157685,-4.355636443347663,0.0,0.0
2026-08-14T12:01:50Z,cam_02,zone_C,event_benchmark_01,0.7418379262962256,0.9797322053840906,0.930745595114886,109.15918087880064,39.394780067376196,0.2725513778888677,0.21804110231109416,0.3967351705184903,0.30964327420367893,59,56,MIXED_EXPLICIT,69.76440081142445,69.76440081142445,-0.05768098988233761,-0.005768098988233761,0.12092103481384942,0.012092103481384942,-4.356161644377167,-8.021653241929066,0.7710591723313083,0.028701082149930692,0.9577690215624465,0.07592194631931377,-0.010747219432483236,0.031019060991299686,61.01654260924098,68.74771660179512,7.73117399255414,0.0,0.0
2026-08-14T12:02:00Z,cam_02,zone_C,event_benchmark_01,0.8121452079219026,0.8894473524078558,0.8449749847874629,106.31561011652758,47.530762331900995,0.29364356237657074,0.2349148499012566,0.42485808316876106,0.3342508227726659,64,60,MIXED_EXPLICIT,58.784847784626585,58.784847784626585,0.07030728162567701,0.007030728162567701,-0.09028485297623479,-0.009028485297623479,-2.8435707622730604,8.135982264524799,0.7727494692161218,0.03124008378359897,0.9549617810825591,0.0786417562611237,0.012798827150801462,-0.02112058877900842,59.19982951241747,78.26339189981202,19.063562387394548,1.0,0.0
2026-08-14T12:02:10Z,cam_02,zone_C,event_benchmark_01,0.7075253808808453,0.970187353756286,0.9216779860684716,114.0767216077338,46.84661231231693,0.2622576142642536,0.20980609141140288,0.38301015235233815,0.2976338833082958,56,53,MIXED_EXPLICIT,67.23010929541687,67.23010929541687,-0.10461982704105732,-0.010461982704105732,0.08074000134843018,0.008074000134843018,7.761111491206222,-0.6841500195840666,0.7621510286027211,0.04314712998566058,0.9492517655575725,0.07564818641089555,-0.017492710866673433,0.017102485432466497,53.368157577347596,55.603025864652494,2.2348682873048986,0.0,0.0
2026-08-14T12:02:20Z,cam_02,zone_C,event_benchmark_01,0.8449802186375155,1.0252290361683423,0.9739675843599251,117.80504565235434,45.465587038050764,0.30349406559125464,0.2427952524730037,0.4379920874550062,0.3457430765231304,67,63,MIXED_EXPLICIT,72.33945861430357,72.33945861430357,0.13745483775667022,0.013745483775667023,0.055041682412056314,0.005504168241205631,3.7283240446205355,-1.3810252742661646,0.7812015299830104,0.05553923660270905,0.9446814236573632,0.06854110198108648,0.024207466479772753,-0.0025698318936373866,65.7102555748589,71.08077117238595,5.370515597527046,0.0,0.0
2026-08-14T12:02:30Z,cam_02,zone_C,event_benchmark_01,0.8179659759611535,0.8340718980035502,0.7923683031033727,117.65228872912915,40.41282012059995,0.29538979278834604,0.23631183423067684,0.4271863903844614,0.3362880915864037,65,61,MIXED_EXPLICIT,77.2394686085292,77.2394686085292,-0.027014242676361988,-0.002701424267636199,-0.19115713816479207,-0.019115713816479207,-0.15275692322518353,-5.0527669174508105,0.7848909419395285,0.05763346739908391,0.939733569144025,0.07669728013726454,-0.016446908043303222,-0.02461988205768484,71.3337675393192,47.820230691042276,-23.51353684827692,0.0,0.0
2026-08-14T12:02:40Z,cam_02,zone_C,event_benchmark_01,0.8078969536397935,0.9279488108908525,0.8815513703463098,119.38950514405369,35.53664384936827,0.29236908609193807,0.23389526887355047,0.42315878145591745,0.3327639337739277,64,60,MIXED_EXPLICIT,83.85286129468543,83.85286129468543,-0.010069022321359977,-0.0010069022321359978,0.09387691288730227,0.009387691288730227,1.7372164149245322,-4.876176271231685,0.798102747408242,0.052653161484899666,0.9293768902453774,0.0733699133821016,0.001694522035500201,0.028503405105209434,70.46429335019957,64.18597809604891,-6.278315254150655,0.0,0.0
2026-08-14T12:02:50Z,cam_02,zone_C,event_benchmark_01,0.844934997807405,0.9164236599038286,0.8706024769086371,112.4889875367909,45.617560367599424,0.3034804993422215,0.2427843994737772,0.437973999122962,0.34572724923259174,67,63,MIXED_EXPLICIT,66.87142716919148,66.87142716919148,0.03703804416761147,0.003703804416761147,-0.011525150987023891,-0.0011525150987023892,-6.900517607262785,10.080916518231156,0.8046607053853425,0.056724017341521195,0.9347721517445718,0.07064072959335857,0.004710706648897145,-0.010540206387432615,65.04114061986441,74.86876864531818,9.827628025453777,0.0,0.0
2026-08-14T12:03:00Z,cam_02,zone_C,event_benchmark_01,0.879724691683524,0.9264545012368529,0.8801317761750103,122.74533482985807,32.08849040393224,0.31391740750505714,0.2511339260040457,0.45188987667340963,0.35790364208923336,70,66,MIXED_EXPLICIT,90.65684442592583,90.65684442592583,0.034789693876118966,0.0034789693876118967,0.010030841333024343,0.0010030841333024342,10.256347293067165,-13.529069963667183,0.8391005675458783,0.028014580211208208,0.9260255812406853,0.0678101854599824,-0.0002248350291492507,0.0021555992320048236,76.29045482049943,61.21726957193725,-15.073185248562183,0.0,0.0
2026-08-14T12:03:10Z,cam_02,zone_C,event_benchmark_01,0.8477654612698193,0.8962398809116531,0.8514278868660704,116.48303144709158,41.45793831339093,0.3043296383809458,0.24346371070475664,0.4391061845079277,0.34671791144443675,67,63,MIXED_EXPLICIT,75.02509313370064,75.02509313370064,-0.03195923041370463,-0.0031959230413704633,-0.030214620325199837,-0.0030214620325199836,-6.26230338276649,9.369447909458692,0.839657616072339,0.028187875889398424,0.9002277501893474,0.03908678500532312,-0.00667489242898236,-0.004024546165822418,71.09338730554076,71.79337202656086,0.6999847210201011,0.0,0.0
2026-08-14T12:03:20Z,cam_02,zone_C,event_benchmark_01,0.7055446372531747,0.9920757446233002,0.9424719573921351,110.67742485633644,50.595016587036355,0.26166339117595244,0.20933071294076197,0.3822178549012699,0.29694062303861113,56,53,MIXED_EXPLICIT,60.08240826930009,60.08240826930009,-0.1422208240166446,-0.014222082401664459,0.0958358637116471,0.00958358637116471,-5.805606590755133,9.137078273645422,0.8171733483307433,0.06739116734832933,0.9318285195132974,0.0359774972795219,-0.011026159360293997,0.012605048403684694,48.91925710574267,71.58807907465227,22.668821968909597,1.0,1.0
2026-08-14T12:03:30Z,cam_02,zone_C,event_benchmark_01,0.7340962340574684,0.9399598311944294,0.8929618396347079,98.09156162284,46.27756399821581,0.2702288702172405,0.21618309617379242,0.3936384936229874,0.3069336819201139,58,55,MIXED_EXPLICIT,51.81399762462419,51.81399762462419,0.028551596804293644,0.0028551596804293642,-0.052115913428870786,-0.005211591342887079,-12.58586323349644,-4.317452588820544,0.8024132044142783,0.07728635701341606,0.9342307235740129,0.036054591978366836,0.017077242082093824,-0.014795177714051788,50.67604718066699,64.10538618422878,13.429339003561786,1.0,0.0
2026-08-14T12:03:40Z,cam_02,zone_C,event_benchmark_01,0.7672661763927267,0.9530966412266194,0.9054418091652884,110.88582261021179,54.39638969609453,0.280179852917818,0.22414388233425442,0.4069064705570907,0.3185431617374543,61,57,MIXED_EXPLICIT,56.48943291411726,56.48943291411726,0.03316994233525827,0.0033169942335258273,0.013136810032190027,0.0013136810032190027,12.794260987371786,8.11882569787872,0.7868794401313426,0.07435295122423147,0.9415653198385711,0.03524763903939732,0.00046183455309646294,0.006525272346106082,51.587320879075044,68.59350671848419,17.00618583940915,1.0,0.0
2026-08-14T12:03:50Z,cam_02,zone_C,event_benchmark_01,0.8001889225248338,0.9027270327102291,0.8575906810747176,111.0010105230669,49.12176731241219,0.2900566767574501,0.23204534140596011,0.4200755690099335,0.3300661228836918,64,60,MIXED_EXPLICIT,61.87924321065471,61.87924321065471,0.032922746132107106,0.0032922746132107105,-0.050369608516390274,-0.005036960851639028,0.11518791285510588,-5.274622383682342,0.7709722862996046,0.055689225379946056,0.9368198261332463,0.039169699345028584,-2.4719620315116762e-05,-0.0063506418548580305,58.426315002456114,68.59236349579574,10.166048493339623,1.0,0.0
2026-08-14T12:04:00Z,cam_02,zone_C,event_benchmark_01,0.8250897861876867,0.9360247227801904,0.8892234866411809,118.1684976481857,40.228712334618386,0.297526935856306,0.23802154868504483,0.4300359144750747,0.3387814251656903,66,62,MIXED_EXPLICIT,77.93978531356731,77.93978531356731,0.024900863662852935,0.0024900863662852936,0.033297690069961305,0.0033297690069961305,7.167487125118811,-8.893054977793803,0.766437151283178,0.04830588503929459,0.9447767945069536,0.03230477864718045,-0.0008021882469254171,0.008366729858635158,70.68313551282174,59.466636572615144,-11.216498940206591,0.0,0.0
2026-08-14T12:04:10Z,cam_02,zone_C,event_benchmark_01,0.7631872746487053,0.9236071184085951,0.8774267624881653,113.40520290873744,44.87282140628308,0.27895618239461156,0.22316494591568925,0.4052749098594821,0.31711554612704684,61,57,MIXED_EXPLICIT,68.53238150245436,68.53238150245436,-0.06190251153898141,-0.006190251153898141,-0.012417604371595337,-0.0012417604371595336,-4.76329473944827,4.644109071664694,0.7779656787622842,0.03525607331290875,0.9310830692640127,0.019024778859610944,-0.008680337520183434,-0.004571529444155664,59.577072553340614,47.68926008887703,-11.887812464463586,0.0,0.0
2026-08-14T12:04:20Z,cam_02,zone_C,event_benchmark_01,0.8090255692669537,0.933439678134937,0.8867676942281901,111.18391606724616,43.58263510193875,0.2927076707800861,0.23416613662406888,0.4236102277067815,0.33315894924343376,64,60,MIXED_EXPLICIT,67.60128096530741,67.60128096530741,0.0458382946182484,0.00458382946182484,0.009832559726341894,0.0009832559726341895,-2.2212868414912776,-1.2901863043443313,0.7929515458041811,0.026875966895382825,0.9297790386521143,0.018479874637330414,0.010774080615722981,0.002225016409793723,63.28195175523202,64.53598416488262,1.2540324096505984,0.0,0.0
2026-08-14T12:04:30Z,cam_02,zone_C,event_benchmark_01,0.7620759623856326,0.9412912818843715,0.8942267177901528,107.4052076699704,36.84759693555671,0.27862278871568974,0.2228982309725518,0.40483038495425305,0.31672658683497135,60,57,MIXED_EXPLICIT,70.55761073441369,70.55761073441369,-0.046949606881321104,-0.00469496068813211,0.0078516037494345,0.0007851603749434499,-3.7787083972757642,-6.73503816638204,0.7919135030027624,0.028184420215749684,0.9274179667836646,0.015223098559606478,-0.00927879014995695,-0.00019809559769073948,65.41339750611799,50.12557097250022,-15.287826533617768,0.0,0.0
2026-08-14T12:04:40Z,cam_02,zone_C,event_benchmark_01,0.7693721916953892,0.9946791975213748,0.944945237645306,110.99644849284448,39.91056158367045,0.28081165750861675,0.2246493260068934,0.40774887667815574,0.3192802670933862,61,57,MIXED_EXPLICIT,71.08588690917404,71.08588690917404,0.007296229309756597,0.0007296229309756597,0.05338791563700329,0.005338791563700329,3.5912408228740844,3.0629646481137414,0.7857501568368735,0.02927089056972213,0.9458083997458937,0.028064041633660646,0.0054245836191077704,0.004553631188756879,62.96120278213992,60.993421355959846,-1.9677814261800748,0.0,0.0
2026-08-14T12:04:50Z,cam_02,zone_C,event_benchmark_01,0.7296630834147761,0.9596324637717099,0.9116508405831243,103.88983553660604,42.602933796805175,0.26889892502443286,0.2151191400195463,0.3918652333659105,0.30538207919517163,58,55,MIXED_EXPLICIT,61.28690173980087,61.28690173980087,-0.039709108280613026,-0.003970910828061303,-0.03504673374966494,-0.003504673374966494,-7.106612956238436,2.6923722131347247,0.7666648162822913,0.028302130600685843,0.9505299479441977,0.027992325088939157,-0.004700533759036962,-0.008843464938666824,55.1476596485822,69.16284683946945,14.015187190887254,1.0,0.0
2026-08-14T12:05:00Z,cam_02,zone_C,event_benchmark_01,0.7538276106556345,0.8590518101962752,0.8160992196864614,114.5161273297114,34.74234527260762,0.2761482831966903,0.22091862655735228,0.40153104426225383,0.31383966372947203,60,57,MIXED_EXPLICIT,79.77378205710377,79.77378205710377,0.02416452724085838,0.002416452724085838,-0.10058065357543466,-0.010058065357543467,10.626291793105352,-7.860588524197553,0.7647928834836772,0.028893002079345368,0.9376188863017336,0.04986034102241666,0.006387363552147141,-0.0065533919825769725,67.48481917899525,63.014613348797575,-4.470205830197678,0.0,0.0
2026-08-14T12:05:10Z,cam_02,zone_C,event_benchmark_01,0.7323432564302603,1.0236901211775433,0.9725056151186661,106.7414245121836,45.59060221265301,0.2697029769290781,0.21576238154326247,0.39293730257210413,0.3063201397505911,58,55,MIXED_EXPLICIT,61.15082229953059,61.15082229953059,-0.021484354225374203,-0.00214843542253742,0.16463831098126813,0.016463831098126814,-7.774702817527796,10.848256940045388,0.7494564209163386,0.017745666094395547,0.9556689749102549,0.06266174595747122,-0.004564888146623258,0.02652189645567028,53.13676912189055,52.63433756528631,-0.5024315566042432,0.0,0.0
2026-08-14T12:05:20Z,cam_02,zone_C,event_benchmark_01,0.751017123644878,0.9041031107699422,0.8588979552314451,95.54642879498203,43.734298303837235,0.2753051370934634,0.2202441096747707,0.40040684945795124,0.3128559932757073,60,57,MIXED_EXPLICIT,51.8121304911448,51.8121304911448,0.018673867214617723,0.0018673867214617722,-0.11958701040760111,-0.011958701040760111,-11.194995717201564,-1.8563039088157751,0.7472446531681876,0.016419181189906807,0.948231340687369,0.06686124793065513,0.004015822143999192,-0.028422532138886923,53.51378124388227,63.78754480913897,10.2737635652567,1.0,0.0
2026-08-14T12:05:30Z,cam_02,zone_C,event_benchmark_01,0.8523212743584462,0.8559189184524912,0.8131229725298666,116.31159166556667,34.5891050062732,0.3056963823075338,0.24455710584602708,0.4409285097433785,0.34831244602545613,68,64,MIXED_EXPLICIT,81.72248665929347,81.72248665929347,0.10130415071356813,0.010130415071356813,-0.04818419231745097,-0.004818419231745097,20.765162870584632,-9.145193297564035,0.763834469700799,0.05063031784501186,0.9204792848735923,0.07140553687271305,0.00826302834989504,0.007140281809015015,75.154243219317,61.218073718786215,-13.93616950053078,0.0,0.0
2026-08-14T12:05:40Z,cam_02,zone_C,event_benchmark_01,0.7519427558218781,0.9190512818046985,0.8730987177144636,104.96270136153038,46.9822092099491,0.2755828267465634,0.22046626139725076,0.4007771023287513,0.3131799645376573,60,57,MIXED_EXPLICIT,57.98049215158128,57.98049215158128,-0.1003785185365681,-0.010037851853656809,0.06313236335220729,0.006313236335220729,-11.348890304036289,12.393104203675897,0.7682904041822194,0.04777072534016956,0.91236304848019,0.06807111004914351,-0.020168266925013622,0.011131655566965826,54.13247901159656,63.588048615064025,9.455569603467467,0.0,0.0
2026-08-14T12:05:50Z,cam_02,zone_C,event_benchmark_01,0.9307504616198748,0.910271627686616,0.8647580463022851,116.30365785228526,44.9643544910573,0.3292251384859624,0.26338011078876994,0.47230018464795,0.37576266156695615,74,70,MIXED_EXPLICIT,71.33930336122796,71.33930336122796,0.17880770579799676,0.017880770579799678,-0.00877965411808257,-0.000877965411808257,11.340956490754877,-2.0178547188917975,0.8036749743750675,0.08522313011368213,0.9226070119782582,0.06158793726476199,0.027918622433456487,-0.007191201747028986,74.31972706361981,70.30717681767922,-4.012550245940588,0.0,0.0
2026-08-14T12:06:00Z,cam_02,zone_C,event_benchmark_01,0.8234610848194815,0.7991396384093762,0.7591826564889074,109.68975359444566,44.66595069793481,0.29703832544584446,0.23763066035667557,0.4293844339277927,0.3382113796868185,65,61,MIXED_EXPLICIT,65.02380289651086,65.02380289651086,-0.1072893768003933,-0.01072893768003933,-0.11113198927723977,-0.011113198927723977,-6.613904257839593,-0.298403793122489,0.8218985400529117,0.07532382106110569,0.8776969154246249,0.050284464734232856,-0.028609708259839006,-0.01023523351591572,65.03821502901499,64.74210063922311,-0.29611438979188165,0.0,0.0
2026-08-14T12:06:10Z,cam_02,zone_C,event_benchmark_01,0.8076460375667073,1.0722998041429754,1.0186848139358267,115.15872536450144,42.226738372621,0.2922938112700122,0.23383504901600977,0.42305841502668295,0.3326761131483475,64,60,MIXED_EXPLICIT,72.93198699188044,72.93198699188044,-0.015815047252774272,-0.0015815047252774272,0.27316016573359925,0.027316016573359924,5.468971770055774,-2.439212325313811,0.8332243228372775,0.0656359351531211,0.9113362540992315,0.10201602960689592,0.009147432954761902,0.0384292155010839,64.92639362132978,68.24054057855273,3.3141469572229454,0.0,0.0
2026-08-14T12:06:20Z,cam_02,zone_C,event_benchmark_01,0.7550406371330614,0.9997784581734658,0.9497895352647925,117.04645511188606,47.85639801609805,0.2765121911399184,0.2212097529119347,0.40201625485322456,0.3142642229965714,60,57,MIXED_EXPLICIT,69.190057095788,69.190057095788,-0.05260540043364592,-0.0052605400433645925,-0.07252134596950965,-0.007252134596950966,1.8877297473846255,5.629659643477048,0.8137681953922007,0.07260784153725634,0.9401081620434264,0.10276296770310667,-0.003679035318087165,-0.03456815117031089,56.454632477895196,59.0932315745977,2.6385990967025066,0.0,0.0
2026-08-14T12:06:30Z,cam_02,zone_C,event_benchmark_01,0.8324736169845265,0.911677775515742,0.8660938867399549,118.16381172808701,46.751629462692925,0.29974208509535794,0.23979366807628635,0.4329894467938106,0.34136576594458423,66,62,MIXED_EXPLICIT,71.41218226539408,71.41218226539408,0.07743297985146513,0.0077432979851465135,-0.08810068265772375,-0.008810068265772375,1.1173566162009507,-1.1047685534051226,0.8298743676247303,0.06387107817659099,0.9386334607856351,0.10319269726866061,0.013003838028511105,-0.0015579336688214096,65.10084309208067,48.28725422809517,-16.813588863985494,0.0,0.0
2026-08-14T12:06:40Z,cam_02,zone_C,event_benchmark_01,0.7681211856523531,0.9363825885777738,0.889563459148885,108.41717791110955,46.17459413555138,0.2804363556957059,0.22434908455656474,0.40724847426094124,0.31884241497832355,61,57,MIXED_EXPLICIT,62.24258377555817,62.24258377555817,-0.06435243133217339,-0.006435243133217338,0.02470481306203176,0.002470481306203176,-9.746633816977464,-0.5770353271415445,0.797348512431226,0.03415359195389639,0.9438556529638665,0.10205298559027229,-0.014178541118363853,0.011280549571975551,56.870438358157685,56.804631153375745,-0.06580720478194024,0.0,0.0
2026-08-14T12:06:50Z,cam_02,zone_C,event_benchmark_01,0.8023939396935099,0.9328413399267769,0.886199272930438,116.4710361513343,39.829059953956,0.290718181908053,0.2325745455264424,0.420957575877404,0.3308378788927284,64,60,MIXED_EXPLICIT,76.64197619737831,76.64197619737831,0.03427275404115682,0.0034272754041156815,-0.00354124865099692,-0.000354124865099692,8.053858240224756,-6.345534181595383,0.7931350834060316,0.03130773208086296,0.9705959932673467,0.06569362354324615,0.00986251853733302,-0.002824606171302868,68.74771660179512,55.83929924989027,-12.908417351904852,0.0,0.0
2026-08-14T12:07:00Z,cam_02,zone_C,event_benchmark_01,0.9236335328826569,0.8718760016893727,0.8282822016049041,121.5952310795176,42.91033316990276,0.32709005986479706,0.2616720478918377,0.46945341315306277,0.3732717365089299,73,69,MIXED_EXPLICIT,78.68489790961485,78.68489790961485,0.12123959318914701,0.0121239593189147,-0.06096533823740413,-0.006096533823740413,5.1241949281833,3.0812732159467657,0.8163325824692216,0.06717394223842496,0.9305112327766263,0.046450619397121015,0.00869668391479902,-0.0057424089586407216,78.26339189981202,60.344186563542884,-17.919205336269137,0.0,0.0
2026-08-14T12:07:10Z,cam_02,zone_C,event_benchmark_01,0.790107725954234,0.9581961437249623,0.9102863365387142,109.735616230523,50.175248735042715,0.2870323177862702,0.22962585422901616,0.4160430903816936,0.32653770408398186,63,59,MIXED_EXPLICIT,59.56036749548028,59.56036749548028,-0.13352580692842297,-0.013352580692842297,0.08632014203558958,0.008632014203558958,-11.85961484899461,7.264915565139951,0.8233460002334562,0.06069278057534409,0.9221947698869256,0.032608772495168886,-0.025476540011756997,0.01472854802729937,55.603025864652494,49.66094675670236,-5.942079107950136,0.0,0.0
2026-08-14T12:07:20Z,cam_02,zone_C,event_benchmark_01,0.8516014391217173,0.9168193598271419,0.8709783918357847,112.35630178857247,39.98482592450701,0.3054804317365152,0.24438434538921217,0.44064057564868697,0.348060503692601,68,64,MIXED_EXPLICIT,72.37147586406546,72.37147586406546,0.06149371316748331,0.006149371316748331,-0.0413767838978204,-0.0041376783897820405,2.6206855580494732,-10.190422810535708,0.8271715646608943,0.06200067777681729,0.9232230867492055,0.032273552870066044,0.01950195200959063,-0.012769692593340997,71.08077117238595,43.92631079286645,-27.1544603795195,0.0,0.0
2026-08-14T12:07:30Z,cam_02,zone_C,event_benchmark_01,0.7581517252177437,0.9495879989321162,0.9021085989855103,101.89299398366089,55.326662191307285,0.2774455175653231,0.2219564140522585,0.40326069008709753,0.31535310382621023,60,57,MIXED_EXPLICIT,46.5663317923536,46.5663317923536,-0.09344971390397361,-0.00934497139039736,0.032768639104974295,0.0032768639104974297,-10.46330780491158,15.341836266800279,0.8251776725739723,0.06448497717797025,0.9258641688200739,0.0341078744314966,-0.015494342707145692,0.007414542300279469,47.820230691042276,65.60127660179153,17.78104591074925,1.0,0.0
2026-08-14T12:07:40Z,cam_02,zone_C,event_benchmark_01,0.7906797082815002,0.9157252540157335,0.8699389913149468,111.30475812972279,41.55825116444307,0.28720391248445004,0.22976312998756004,0.4162718833126001,0.32673789789852503,63,59,MIXED_EXPLICIT,69.7465069652797,69.7465069652797,0.032527983063756594,0.0032527983063756595,-0.03386274491638275,-0.0033862744916382747,9.411764146061898,-13.768411026864214,0.8228348262915703,0.06572065036846288,0.9224409516378653,0.03409146883867578,0.01259776969677302,-0.006663138402135704,64.18597809604891,61.216683303710354,-2.969294792338559,0.0,0.0
2026-08-14T12:07:50Z,cam_02,zone_C,event_benchmark_01,0.8800336604043761,0.8644161395746986,0.8211953325959637,121.19296028195075,42.56136185861316,0.3140100981213128,0.25120807849705024,0.4520134641617505,0.3580117811415316,70,66,MIXED_EXPLICIT,78.63159842333758,78.63159842333758,0.08935395212287589,0.008935395212287589,-0.05130911444103481,-0.005130911444103481,9.888202152227962,1.0031106941700898,0.8141148517959144,0.050019878890344184,0.9209489792149306,0.03690476843658512,0.0056825969059119295,-0.001744636952465206,74.86876864531818,61.644579167796124,-13.22418947752206,0.0,0.0
2026-08-14T12:08:00Z,cam_02,zone_C,event_benchmark_01,0.7591557837931759,0.9347611157064604,0.8880230599211373,110.24934435337963,41.4544563441048,0.2777467351379528,0.22219738811036224,0.40366231351727044,0.31570452432761154,60,57,MIXED_EXPLICIT,68.79488800927483,68.79488800927483,-0.1208778766112002,-0.012087787661120019,0.07034497613176172,0.007034497613176172,-10.94361592857112,-1.1069055145083624,0.8079244633637026,0.055363583826965705,0.9162619736112301,0.03217697731379377,-0.021023182873407608,0.012165409057279652,61.21726957193725,50.74550859220425,-10.471760979732998,0.0,0.0
2026-08-14T12:08:10Z,cam_02,zone_C,event_benchmark_01,0.8800831935761007,0.9286385886976928,0.8822066592628081,118.32682084635127,43.51469030807929,0.31402495807283015,0.2512199664582641,0.4520332774304403,0.3580291177516352,70,66,MIXED_EXPLICIT,74.81213053827199,74.81213053827199,0.12092740978292471,0.01209274097829247,-0.0061225270087675865,-0.0006122527008767586,8.077476492971641,2.0602339639744898,0.8136208142545793,0.06204326660444576,0.9186258193853403,0.03265869931425413,0.02418052863941249,-0.00764675031405293,71.79337202656086,52.668614053809044,-19.124757972751816,0.0,0.0
2026-08-14T12:08:20Z,cam_02,zone_C,event_benchmark_01,0.823751226984765,0.935427099923184,0.8886557449270247,111.1713678552973,34.81386699712833,0.2971253680954295,0.2377002944763436,0.42950049079390606,0.33831292944466773,65,61,MIXED_EXPLICIT,76.35750085816898,76.35750085816898,-0.05633196659133566,-0.0056331966591335655,0.006788511225491178,0.0006788511225491178,-7.155452991053963,-8.700823310950959,0.8267407146079837,0.05376479847654175,0.9157936395835538,0.029790446525991235,-0.017725937637426036,0.0012911038234258766,71.58807907465227,59.28091173796535,-12.307167336686923,0.0,0.0
2026-08-14T12:08:30Z,cam_02,zone_C,event_benchmark_01,0.7590895120091002,0.7975268610613258,0.7576505180082594,113.76839191915286,42.08800076573439,0.2777268536027301,0.2221814828821841,0.40363580480364014,0.31568132920318503,60,57,MIXED_EXPLICIT,71.68039115341847,71.68039115341847,-0.06466171497566475,-0.006466171497566476,-0.1379002388618582,-0.013790023886185821,2.5970240638555566,7.274133768606063,0.8204226753535035,0.060496518818406626,0.8921539609926722,0.0607098365648247,-0.0008329748384329095,-0.014468875008734939,64.10538618422878,47.85392908982026,-16.251457094408515,0.0,0.0
2026-08-14T12:08:40Z,cam_02,zone_C,event_benchmark_01,0.8176289408110159,0.9422176743398785,0.8951067906228845,108.82465566514836,38.18681518203685,0.29528868224330473,0.2362309457946438,0.4270515763244064,0.33617012928385553,65,61,MIXED_EXPLICIT,70.6378404831115,70.6378404831115,0.05853942880191565,0.005853942880191565,0.1446908132785527,0.01446908132785527,-4.943736254004506,-3.90118558369754,0.8079417314348316,0.05078085457393521,0.9077142679457083,0.06178411996144949,0.01232011437775804,0.02825910521404109,68.59350671848419,59.57135645116311,-9.02215026732108,0.0,0.0
2026-08-14T12:08:50Z,cam_02,zone_C,event_benchmark_01,0.8333785941417189,0.9097096532509074,0.864224170588362,120.55042710055488,44.00911985662707,0.3000135782425156,0.2400108625940125,0.4333514376566876,0.3416825079496016,66,62,MIXED_EXPLICIT,76.5413072439278,76.5413072439278,0.015749653330702995,0.0015749653330702994,-0.032508021088971106,-0.0032508021088971106,11.725771435406529,5.822304674590221,0.8227862935045401,0.04324332592118749,0.9027039754545976,0.06003341642813123,-0.004278977547121266,-0.017719883436752383,68.59236349579574,51.63972875941306,-16.952634736382677,0.0,0.0
2026-08-14T12:09:00Z,cam_02,zone_C,event_benchmark_01,0.8145304404702772,0.9103462978955387,0.8648289830007617,110.15135014298855,48.681628068139,0.29435913214108317,0.23548730571286655,0.42581217618811096,0.335085654164597,65,61,MIXED_EXPLICIT,61.46972207484955,61.46972207484955,-0.01884815367144166,-0.001884815367144166,0.0006366446446313123,6.366446446313124e-05,-10.399076957566336,4.672508211511925,0.8096757428833754,0.029179327487394654,0.8990455172941669,0.0585980454021249,-0.0034597807002144654,0.003314466573360242,59.466636572615144,50.766535301587986,-8.700101271027158,0.0,0.0
2026-08-14T12:09:10Z,cam_02,zone_C,event_benchmark_01,0.7035646739588874,0.9584352729702231,0.9105135093217119,102.52299772994581,49.15873745639501,0.2610694021876662,0.208855521750133,0.38142586958355496,0.2962476358856106,56,53,MIXED_EXPLICIT,53.364260273550805,53.364260273550805,-0.11096576651138979,-0.011096576651138978,0.04808897507468446,0.004808897507468446,-7.628352413042734,0.4771093882560109,0.7856384322782,0.053801047388566246,0.9036471519035747,0.06291377436435343,-0.009211761283994813,0.004745233043005314,47.68926008887703,46.47110886892771,-1.2181512199493199,0.0,0.0
2026-08-14T12:09:20Z,cam_02,zone_C,event_benchmark_01,0.7443020654822544,1.0096243967099479,0.9591431768744504,102.21023928550196,33.25566188606045,0.2732906196446763,0.21863249571574106,0.39772082619290183,0.31050572291878903,59,56,MIXED_EXPLICIT,68.9545773994415,68.9545773994415,0.04073739152336697,0.004073739152336697,0.05118912373972473,0.0051189123739724725,-0.31275844444385825,-15.903075570334558,0.7826809429728308,0.05598733592944049,0.9460666590332991,0.04124669496377133,0.015170315803475675,0.000310014866504027,64.53598416488262,52.87832691028594,-11.657657254596678,0.0,0.0
2026-08-14T12:09:30Z,cam_02,zone_C,event_benchmark_01,0.7668132091898551,0.9872883975922299,0.9379239777126184,108.83804600076023,54.8740840808423,0.28004396275695653,0.22403517020556524,0.4067252836759421,0.3183846232164492,61,57,MIXED_EXPLICIT,53.96396191991793,53.96396191991793,0.022511143707600656,0.0022511143707600657,-0.022335999117717997,-0.0022335999117717997,6.627806715258274,21.61842219478185,0.7725177966485985,0.052564964197588125,0.9550808036837694,0.04495359387604675,-0.0018226247815766317,-0.007352512285744272,50.12557097250022,52.82530900737821,2.6997380348779885,0.0,0.0
2026-08-14T12:09:40Z,cam_02,zone_C,event_benchmark_01,0.7739450500274719,0.8969890865923363,0.8521396322627195,116.79216629458764,45.9974987025549,0.28218351500824157,0.22574681200659327,0.40957802001098875,0.32088076750961514,61,57,MIXED_EXPLICIT,70.79466759203274,70.79466759203274,0.007131840837616865,0.0007131840837616866,-0.09029931099989352,-0.009029931099989352,7.954120293827415,-8.876585378287402,0.7606310878257492,0.04075485551406037,0.9525366903520552,0.04839175071563559,-0.0015379302869983791,-0.006796331188217553,60.993421355959846,58.330249914577394,-2.6631714413824525,0.0,0.0
2026-08-14T12:09:50Z,cam_02,zone_C,event_benchmark_01,0.8071254379252129,0.936077351601099,0.889273484021044,117.1481754762368,39.97499553903074,0.2921376313775638,0.23371010510205106,0.42285017517008516,0.33249390327382444,64,60,MIXED_EXPLICIT,77.17317993720606,77.17317993720606,0.033180387897740915,0.0033180387897740913,0.03908826500876261,0.003908826500876261,0.3560091816491564,-6.022503163524156,0.7591500873167363,0.03837137785844278,0.9576829010931671,0.04394743832358435,0.002604854706012405,0.012938757600865613,69.16284683946945,43.65171812195717,-25.511128717512285,0.0,0.0
2026-08-14T12:10:00Z,cam_02,zone_C,event_benchmark_01,0.7833496987021692,0.8814073440516341,0.8373369768490524,117.56008645631373,45.118645620911316,0.2850049096106507,0.2280039276885206,0.4133398794808677,0.3241723945457592,62,58,MIXED_EXPLICIT,72.4414408354024,72.4414408354024,-0.023775739223043657,-0.0023775739223043657,-0.05467000754946483,-0.005467000754946483,0.41191098007692517,5.143650081880573,0.7751070922653926,0.022979357766305334,0.9422773153094495,0.05557932059830895,-0.005695612712078457,-0.009375827255822745,63.014613348797575,56.11026125000104,-6.9043520987965366,0.0,0.0
2026-08-14T12:10:10Z,cam_02,zone_C,event_benchmark_01,0.706018129107325,0.9074082142961584,0.8620378035813504,109.09216305825568,46.760586530366965,0.26180543873219747,0.20944435098575798,0.38240725164293,0.29710634518756374,56,53,MIXED_EXPLICIT,62.331576527888714,62.331576527888714,-0.07733156959484422,-0.007733156959484422,0.026000870244524243,0.0026000870244524245,-8.467923398058048,1.6419409094556485,0.7674503049904068,0.03756130566048807,0.9218340788266914,0.04167384898092112,-0.0053555830371800565,0.008067087779398907,52.63433756528631,46.66351623565299,-5.970821329633317,0.0,0.0
2026-08-14T12:10:20Z,cam_02,zone_C,event_benchmark_01,0.7900640052215989,0.8946257356375423,0.8498944488556651,107.68677127507607,40.8644763108102,0.28701920156647964,0.22961536125318371,0.4160256020886396,0.3265224018275596,63,59,MIXED_EXPLICIT,66.82229496426586,66.82229496426586,0.08404587611427394,0.008404587611427395,-0.012782478658616037,-0.0012782478658616037,-1.4053917831796099,-5.896110219556768,0.7721004641967556,0.038878851499072255,0.903301546435754,0.02052797521353887,0.016137744570911817,-0.003878334890314028,63.78754480913897,67.90257320906744,4.11502839992847,0.0,0.0
2026-08-14T12:10:30Z,cam_02,zone_C,event_benchmark_01,0.7998004229712767,0.9632394198363718,0.9150774488445532,112.33008771606436,44.993574877284836,0.289940126891383,0.2319521015131064,0.4199201691885107,0.3299301480399468,63,59,MIXED_EXPLICIT,67.33651283877953,67.33651283877953,0.009736417749677817,0.0009736417749677817,0.06861368419882952,0.006861368419882952,4.643316440988286,4.129098566474639,0.7772715387855166,0.04085475961487937,0.9165516130845612,0.0330169322204349,-0.007430945836459613,0.008139616285744555,61.218073718786215,62.69515227091312,1.4770785521269048,0.0,0.0
2026-08-14T12:10:40Z,cam_02,zone_C,event_benchmark_01,0.7954261343965299,0.9704005716308863,0.921880543049342,109.73309510613508,41.054115873967866,0.28862784031895894,0.23090227225516716,0.41817045375861195,0.3283991470387854,63,59,MIXED_EXPLICIT,68.67897923216722,68.67897923216722,-0.004374288574746865,-0.00043742885747468654,0.0071611517945144865,0.0007161151794514486,-2.5969926099292735,-3.939459003316969,0.7749316780797799,0.03901091142264981,0.9234162570905186,0.040753252748278075,-0.0014110706324424681,-0.006145253240431503,63.588048615064025,55.509957051007596,-8.078091564056429,0.0,0.0
2026-08-14T12:10:50Z,cam_02,zone_C,event_benchmark_01,0.8195897793396169,0.9339004034010945,0.8872053832310397,122.22005686736455,41.58639444975755,0.29587693380188507,0.23670154704150806,0.4278359117358468,0.33685642276886585,65,61,MIXED_EXPLICIT,80.633662417607,80.633662417607,0.02416364494308698,0.002416364494308698,-0.03650016822979185,-0.003650016822979185,12.486961761229466,0.5322785757896824,0.7821796942072694,0.04401198441366984,0.9339148689604106,0.033306811358338906,0.002853793351783385,-0.004366132002430634,70.30717681767922,41.66563566605267,-28.641541151626548,0.0,0.0
2026-08-14T12:11:00Z,cam_02,zone_C,event_benchmark_01,0.8053098437721412,0.9530688830791151,0.9054154389251593,108.44084426963974,40.46240744578176,0.29159295313164235,0.2332743625053139,0.42212393750885646,0.3318584453202494,64,60,MIXED_EXPLICIT,67.97843682385798,67.97843682385798,-0.014279935567475643,-0.0014279935567475643,0.0191684796780206,0.00191684796780206,-13.779212597724808,-1.1239870039757918,0.8020380371402327,0.011301216619471798,0.943047002717002,0.030350736861187028,-0.0038443580510562625,0.0055668647907812455,64.74210063922311,46.55135815717809,-18.190742482045017,0.0,0.0
2026-08-14T12:11:10Z,cam_02,zone_C,event_benchmark_01,0.7845848076789423,0.9550580297483825,0.9073051282609633,117.23527306126094,37.14494739772289,0.28537544230368267,0.22830035384294614,0.41383392307157696,0.32460468268762976,62,58,MIXED_EXPLICIT,80.09032566353805,80.09032566353805,-0.020725036093198868,-0.002072503609319887,0.0019891466692674165,0.00019891466692674166,8.7944287916212,-3.3174600480588694,0.8009421976317015,0.01290448996879189,0.9551334615391701,0.013728639249178783,-0.0006445100525723224,-0.0017179333008753184,68.24054057855273,64.343057394361,-3.897483184191728,0.0,0.0
2026-08-14T12:11:20Z,cam_02,zone_C,event_benchmark_01,0.7560788788703917,0.9142785929166173,0.8685646632707864,114.95107966017518,45.60760477366909,0.2768236636611175,0.22145893092889402,0.4024315515481567,0.3146276076046371,60,57,MIXED_EXPLICIT,69.3434748865061,69.3434748865061,-0.02850592880855063,-0.002850592880855063,-0.040779436831765214,-0.004077943683176521,-2.2841934010857585,8.4626573759462,0.7921978888115244,0.023954135773437663,0.9453412961552191,0.021667275776232574,-0.0007780892715351761,-0.004276858350103263,59.0932315745977,48.17973283128658,-10.913498743311123,0.0,0.0
2026-08-14T12:11:30Z,cam_02,zone_C,event_benchmark_01,0.6744499954791398,1.0169261299462131,0.9660798234489024,113.10410064691162,49.4374972729989,0.2523349986437419,0.20186799891499355,0.36977999819165597,0.2860574984176989,53,50,MIXED_EXPLICIT,63.66660337391272,63.66660337391272,-0.08162888339125196,-0.008162888339125197,0.10264753702959584,0.010264753702959584,-1.8469790132635637,3.8298924993298087,0.7680026610280464,0.05749413461344266,0.9546464078182846,0.03854017055119728,-0.0053122954582701335,0.014342697386136105,48.28725422809517,64.78195842148526,16.494704193390085,1.0,0.0
2026-08-14T12:11:40Z,cam_02,zone_C,event_benchmark_01,0.776839577287097,0.9739167298891259,0.9252208933946696,110.09873321982028,47.03762643463992,0.28305187318612907,0.22644149854890328,0.4107358309148388,0.32189385205048393,62,58,MIXED_EXPLICIT,63.06110678518036,63.06110678518036,0.10238958180795721,0.010238958180795722,-0.0430094000570872,-0.00430094000570872,-3.0053674270913433,-2.3998708383589786,0.7594526206175424,0.050679498857935344,0.9626496731158907,0.037289631001050406,0.01840184651992092,-0.014565693708668304,56.804631153375745,38.166851688272494,-18.63777946510325,0.0,0.0
2026-08-14T12:11:50Z,cam_02,zone_C,event_benchmark_01,0.7635536563262294,0.979582372694941,0.9306032540601938,114.64590330399916,48.828553136651585,0.2790660968978688,0.22325287751829506,0.4054214625304918,0.3172437797141803,61,57,MIXED_EXPLICIT,65.81735016734757,65.81735016734757,-0.013285920960867559,-0.001328592096086756,0.005665642805815052,0.0005665642805815052,4.547170084178887,1.7909267020116673,0.7511013831283601,0.044268680120361274,0.9679523710390561,0.03747131593553212,-0.011567550276882476,0.004867504286290225,55.83929924989027,61.62911764476811,5.789818394877841,0.0,0.0
2026-08-14T12:12:00Z,cam_02,zone_C,event_benchmark_01,0.7645090414199407,1.0007402437217676,0.9507032315356791,122.56898249628946,46.331520221675525,0.2793527124259822,0.22348216994078576,0.40580361656797626,0.31757816449697923,61,57,MIXED_EXPLICIT,76.23746227461393,76.23746227461393,0.0009553850937112918,9.553850937112917e-05,0.021157871026826647,0.0021157871026826645,7.923079192290302,-2.49703291497606,0.7470862298765597,0.04128220700691614,0.977088813833733,0.03907622581185751,0.001424130605457885,0.0015492228221011596,60.344186563542884,56.47544600080258,-3.8687405627403066,0.0,0.0
2026-08-14T12:12:10Z,cam_02,zone_C,event_benchmark_01,0.6848039662759935,1.024532812594457,0.9733061719647341,101.696108917411,43.64029318339561,0.25544118988279807,0.20435295190623848,0.3739215865103974,0.2896813881965977,54,51,MIXED_EXPLICIT,58.05581573401538,58.05581573401538,-0.0797050751439472,-0.00797050751439472,0.023792568872689435,0.0023792568872689434,-20.87287357887847,-2.691227038279912,0.73283124735768,0.04898742811085253,0.999139657769301,0.02226216673076668,-0.008066046023765849,0.00026346978458627877,49.66094675670236,42.50870859921369,-7.152238157488668,0.0,0.0
2026-08-14T12:12:20Z,cam_02,zone_C,event_benchmark_01,0.692250582869234,1.0022220606555388,0.9521109576227618,97.70484539187693,50.353307664771265,0.2576751748607702,0.20614013988861615,0.3769002331476936,0.2922877040042319,55,52,MIXED_EXPLICIT,47.351537727105665,47.351537727105665,0.007446616593240529,0.0007446616593240529,-0.022310751938918294,-0.0022310751938918296,-3.991263525534066,6.713014481375652,0.7363913648356989,0.04408548522131625,0.9961988439111661,0.02020097122978165,0.008715169173718774,-0.0046103320811607725,43.92631079286645,49.13979862684715,5.2134878339807,0.0,0.0
2026-08-14T12:12:30Z,cam_02,zone_C,event_benchmark_01,0.7965740435089946,0.9755630858104245,0.9267849315199033,104.32587331118076,37.28093143061043,0.2889722130526984,0.2311777704421587,0.41862961740359783,0.3288009152281481,63,59,MIXED_EXPLICIT,67.04494188057032,67.04494188057032,0.10432346063976061,0.010432346063976061,-0.02665897484511426,-0.0026658974845114257,6.6210279193038275,-13.072376234160835,0.7403382580800785,0.04919890018883215,0.9965281150954258,0.019755485086698492,0.009687684404652008,-0.00043482229061959644,65.60127660179153,56.78283334474679,-8.818443257044734,0.0,0.0
2026-08-14T12:12:40Z,cam_02,zone_C,event_benchmark_01,0.739502872431537,0.9549722135786247,0.9072236028996934,112.72378993882963,40.70658563880686,0.2718508617294611,0.2174806893835689,0.39580114897261487,0.30882600535103794,59,56,MIXED_EXPLICIT,72.01720430002277,72.01720430002277,-0.05707117107745763,-0.005707117107745763,-0.020590872231799784,-0.002059087223179978,8.397916627648868,3.425654208196427,0.73552810130114,0.04750837355516188,0.9916060832721627,0.026831509196593356,-0.016139463171721824,0.0006068102613314474,61.216683303710354,50.42809067818075,-10.788592625529603,0.0,0.0
2026-08-14T12:12:50Z,cam_02,zone_C,event_benchmark_01,0.7730714001597829,0.8920634273427442,0.847460255975607,102.42996097248971,39.71757163968812,0.28192142004793486,0.2255371360383479,0.40922856006391317,0.320574990055924,61,57,MIXED_EXPLICIT,62.71238933280159,62.71238933280159,0.03356852772824592,0.003356852772824592,-0.06290878623588048,-0.006290878623588047,-10.293828966339916,-0.9890139991187397,0.7372405730491084,0.048946715500146544,0.9698707199963579,0.05085001701517678,0.009063969880570354,-0.004231791400408069,61.644579167796124,46.930849663326775,-14.713729504469349,0.0,0.0
2026-08-14T12:13:00Z,cam_02,zone_C,event_benchmark_01,0.7378797980314628,0.9491187729839341,0.9016628343347374,107.1687885778274,50.6426843350673,0.2713639394094388,0.21709115152755107,0.3951519192125851,0.3082579293110119,59,56,MIXED_EXPLICIT,56.5261042427601,56.5261042427601,-0.035191602128320176,-0.0035191602128320175,0.05705534564118986,0.005705534564118986,4.73882760533769,10.925112695379184,0.7478557394002022,0.03959332623183479,0.9547879120742533,0.040768064662499444,-0.00687601298565661,0.011996413187707033,50.74550859220425,42.45916710293526,-8.286341489268992,0.0,0.0
2026-08-14T12:13:10Z,cam_02,zone_C,event_benchmark_01,0.7353712570795908,0.921532113511923,0.8754555078363268,111.01626650156207,50.00651742910856,0.27061137712387723,0.2164891016991018,0.39414850283183633,0.3073799399778568,58,55,MIXED_EXPLICIT,61.00974907245351,61.00974907245351,-0.002508540951871918,-0.0002508540951871918,-0.02758665947201111,-0.002758665947201111,3.8474779237346723,-0.6361669059587385,0.7564798742422736,0.02721477671004787,0.9386499226455302,0.03241109593056816,0.0032683061176448256,-0.008464200511320097,52.668614053809044,43.55892711415403,-9.109686939655013,0.0,0.0
2026-08-14T12:13:20Z,cam_02,zone_C,event_benchmark_01,0.7781695516748829,0.8993393552463511,0.8543723874840335,113.1794418181402,46.87313515172732,0.28345086550246484,0.2267606924019719,0.41126782066995315,0.322359343086209,62,58,MIXED_EXPLICIT,66.3063066664129,66.3063066664129,0.04279829459529205,0.004279829459529205,-0.022192758265571877,-0.002219275826557188,2.1631753165781333,-3.1333822773812443,0.7527989758754513,0.020962650831412223,0.9234051765327154,0.02838416914350518,0.004530683554716397,0.0005393901206439233,59.28091173796535,42.29878774478911,-16.982123993176238,0.0,0.0
2026-08-14T12:13:30Z,cam_02,zone_C,event_benchmark_01,0.7027776653083835,0.9711074672791938,0.9225520939152341,108.34943754559154,51.30409601989132,0.26083329959251506,0.20866663967401206,0.38111106612335344,0.2959721828579342,56,53,MIXED_EXPLICIT,57.04534152570022,57.04534152570022,-0.0753918863664994,-0.007539188636649941,0.07176811203284272,0.007176811203284272,-4.830004272548663,4.430960868164,0.7454539344508205,0.03087607445874101,0.9266322272728292,0.033352682291218454,-0.011819018096179145,0.00939608702984146,47.85392908982026,43.05431717158461,-4.799611918235655,0.0,0.0
2026-08-14T12:13:40Z,cam_02,zone_C,event_benchmark_01,0.7306634038652597,0.9219809616308461,0.8758819135493038,109.56452158822505,40.990318010634866,0.26919902115957794,0.21535921692766236,0.3922653615461039,0.3057321913528409,58,55,MIXED_EXPLICIT,68.57420357759018,68.57420357759018,0.02788573855687626,0.002788573855687626,-0.04912650564834775,-0.0049126505648347755,1.2150840426335066,-10.313778009256453,0.736972335191916,0.026970704703438344,0.9326157341304496,0.027826364458755148,0.010327762492337567,-0.012089461768119047,59.57135645116311,34.57945709066434,-24.99189936049877,0.0,0.0
2026-08-14T12:13:50Z,cam_02,zone_C,event_benchmark_01,0.6999742858927471,0.9646173519823996,0.9163864843832796,112.39227193798673,47.74348988144996,0.2599922857678241,0.2079938286142593,0.37998971435709883,0.2949910000624615,55,52,MIXED_EXPLICIT,64.64878205653677,64.64878205653677,-0.030689117972512614,-0.0030689117972512612,0.04263639035155353,0.004263639035155353,2.8277503497616863,6.753171870815095,0.7293912327641727,0.03158457788953003,0.9357154499301427,0.030825875086987246,-0.005857485652938888,0.009176289599990128,51.63972875941306,43.11509431538968,-8.524634444023377,0.0,0.0
2026-08-14T12:14:00Z,cam_02,zone_C,event_benchmark_01,0.6985474504703397,0.8861907963701068,0.8418812565516014,101.1222141339332,45.403178848677385,0.25956423514110194,0.20765138811288156,0.3794189801881359,0.2944916076646189,55,52,MIXED_EXPLICIT,55.71903528525581,55.71903528525581,-0.001426835422407402,-0.0001426835422407402,-0.07842655561229284,-0.007842655561229284,-11.270057804053536,-2.3403110327725756,0.7220264714423227,0.03403939596473621,0.9286471865017795,0.03808759915753321,0.0029262282550105213,-0.012106294596384636,50.766535301587986,40.82912643096079,-9.937408870627195,0.0,0.0
2026-08-14T12:14:10Z,cam_02,zone_C,event_benchmark_01,0.7019517026848628,0.9894936637577292,0.9400189805698427,102.77116052249637,50.195376465727314,0.26058551080545883,0.20846840864436708,0.38078068107394514,0.295683095939702,56,53,MIXED_EXPLICIT,52.57578405676906,52.57578405676906,0.003404252214523118,0.0003404252214523118,0.1033028673876224,0.01033028673876224,1.648946388563175,4.792197617049929,0.7067829016443186,0.013452143809714946,0.9466780482040551,0.041894050267516476,0.000483108763693052,0.018172942299991522,46.47110886892771,40.02946342010523,-6.441645448822477,0.0,0.0
2026-08-14T12:14:20Z,cam_02,zone_C,event_benchmark_01,0.7256091943278243,0.9646947571714166,0.9164600193128457,104.18543831987182,44.911694950682524,0.2676827582983473,0.21414620663867787,0.3902436777311298,0.30396321801473847,58,55,MIXED_EXPLICIT,59.2737433691893,59.2737433691893,0.023657491642961492,0.002365749164296149,-0.024798906586312564,-0.0024798906586312565,1.4142777973754477,-5.2836815150447904,0.7113492074482067,0.015475564019885053,0.9453955061824997,0.041048832220750724,0.0020253239428438376,-0.012810177397393496,52.87832691028594,46.10077407135311,-6.777552838932834,0.0,0.0
2026-08-14T12:14:30Z,cam_02,zone_C,event_benchmark_01,0.6876117408278086,0.9465785239499053,0.89924959775241,109.15989832553774,44.32305074139342,0.2562835222483426,0.2050268177986741,0.3750446963311235,0.290664109289733,55,52,MIXED_EXPLICIT,64.83684758414432,64.83684758414432,-0.03799745350001571,-0.003799745350001571,-0.018116233221511346,-0.0018116233221511346,4.974460005665918,-0.5886442092891002,0.7027388748407166,0.013943747050149127,0.9503150186463115,0.03896208774827771,-0.00616549451429772,0.0006682673364801217,52.82530900737821,33.86221856749776,-18.963090439880446,0.0,0.0
2026-08-14T12:14:40Z,cam_02,zone_C,event_benchmark_01,0.7713384380382856,0.9701592205986488,0.9216512595687163,116.20906798503816,47.27777383203924,0.28140153141148566,0.22512122512918853,0.40853537521531424,0.31996845331339996,61,57,MIXED_EXPLICIT,68.93129415299893,68.93129415299893,0.08372669721047699,0.008372669721047698,0.023580696648743515,0.0023580696648743517,7.049169659500421,2.954723090645814,0.7170117052698243,0.03338188507165959,0.9514233923695613,0.03954513332110089,0.01217241507104927,0.0041696929870254865,58.330249914577394,46.28208520653577,-12.048164708041625,0.0,0.0
2026-08-14T12:14:50Z,cam_02,zone_C,event_benchmark_01,0.6607768495534834,1.0504123971492378,0.9978917772917759,105.11827456087121,51.165308844886496,0.24823305486604502,0.19858644389283603,0.3643107398213934,0.28127189734371916,52,49,MIXED_EXPLICIT,53.95296571598472,53.95296571598472,-0.11056158848480224,-0.011056158848480224,0.08025317655058906,0.008025317655058905,-11.090793424166947,3.887535012847259,0.7094575850864528,0.0418135971819073,0.9842677125253875,0.040015793542940895,-0.019428828569527924,0.005667247990184554,43.65171812195717,38.60391317556899,-5.047804946388176,0.0,0.0
2026-08-14T12:15:00Z,cam_02,zone_C,event_benchmark_01,0.6930756727193749,0.9037766031499262,0.8585877729924299,111.36352215199963,42.79676057137849,0.25792270181581245,0.20633816145264997,0.3772302690877499,0.29257648545178117,55,52,MIXED_EXPLICIT,68.56676158062115,68.56676158062115,0.0322988231658915,0.0032298823165891498,-0.1466357939993116,-0.014663579399931159,6.245247591128418,-8.368548273508004,0.7076823790933554,0.042396284146578506,0.9671243004038269,0.05335513133206236,0.014286041165069374,-0.022688897054990064,56.11026125000104,43.76796543159189,-12.342295818409148,0.0,0.0
2026-08-14T12:15:10Z,cam_02,zone_C,event_benchmark_01,0.6773005388295205,0.9554834377739768,0.9077092658852779,98.29383876947972,46.148610866647715,0.25319016164885616,0.20255212931908495,0.3709202155318082,0.28705518859033213,54,51,MIXED_EXPLICIT,52.145227902832005,52.145227902832005,-0.01577513388985441,-0.0015775133889854409,0.05170683462405057,0.005170683462405057,-13.069683382519912,3.351850295269223,0.6980206479936946,0.04279228876767778,0.965282036524339,0.053618367839964744,-0.004807395705574591,0.019834262862336215,46.66351623565299,45.64483018738536,-1.0186860482676323,0.0,0.0
2026-08-14T12:15:20Z,cam_02,zone_C,event_benchmark_01,0.7684599633796666,0.9004669044828351,0.8554435592586933,119.81291762812901,39.33859756419841,0.2805379890139,0.22443039121112,0.4073839853518667,0.3189609871828833,61,57,MIXED_EXPLICIT,80.4743200639306,80.4743200639306,0.09115942455014614,0.009115942455014615,-0.055016533291141756,-0.005501653329114176,21.519078858649294,-6.810013302449306,0.7141902925040663,0.05213152764307506,0.9560597126309249,0.061085270622809586,0.010693455844000055,-0.010672336791519233,67.90257320906744,28.392054871364696,-39.51051833770275,0.0,0.0
2026-08-14T12:15:30Z,cam_02,zone_C,event_benchmark_01,0.7027192748771394,0.931373280018273,0.8848046160173594,113.83373509873245,33.45530941499251,0.2608157824631418,0.20865262597051346,0.3810877099508557,0.29595174620699877,56,53,MIXED_EXPLICIT,80.37842568373993,80.37842568373993,-0.06574068850252723,-0.006574068850252723,0.030906375535437958,0.0030906375535437957,-5.979182529396567,-5.883288149205896,0.7004664598718369,0.04121510795331153,0.9483025245148496,0.06130945102737789,-0.015690011305267336,0.008592290882657972,62.69515227091312,38.83100728665617,-23.864144984256953,0.0,0.0
2026-08-14T12:15:40Z,cam_02,zone_C,event_benchmark_01,0.7412210730326503,0.9967410982769971,0.9469040433631472,112.97579582884076,46.17787669641564,0.2723663219097951,0.21789305752783608,0.39648842921306016,0.3094273755614276,59,56,MIXED_EXPLICIT,66.79791913242512,66.79791913242512,0.03850179815551091,0.0038501798155510915,0.06536781825872406,0.006536781825872406,-0.8579392698916877,12.722567281423125,0.7165553045676704,0.03737030640376157,0.9375682647404016,0.03993476810777552,0.010424248665803815,0.0034461442723286106,55.509957051007596,45.470120756154415,-10.039836294853181,0.0,0.0
2026-08-14T12:15:50Z,cam_02,zone_C,event_benchmark_01,0.6120453389208886,1.0230814897088265,0.9719274152233851,107.8726216575264,50.80362000285539,0.2336136016762666,0.18689088134101328,0.3448181355683555,0.264215868622311,48,45,MIXED_EXPLICIT,57.069001654671005,57.069001654671005,-0.12917573411176164,-0.012917573411176164,0.026340391431829424,0.0026340391431829424,-5.103174171314365,4.625743306439752,0.7003492378079731,0.06050623110784793,0.9614292420521817,0.0492520224848074,-0.016767753226727255,-0.003902742682689464,41.66563566605267,43.187604302267324,1.5219686362146518,0.0,0.0
